Actual_Price,Pred_RF,Pred_XGB,Diff_RF,Diff_XGB
0.477,0.5094999999999998,0.5944522,0.03249999999999986,0.1174522023200989
0.458,0.7416100000000001,0.7841187,0.2836100000000001,0.32611871194839476
5.00001,4.923257099999992,5.1981163,0.07675290000000778,0.19810630249023475
2.186,2.5296099999999995,2.439808,0.3436099999999995,0.2538078918457032
2.78,2.273690000000001,2.4274323,0.5063099999999987,0.3525677013397215
1.587,1.6469200000000004,1.504514,0.05992000000000042,0.08248602104187008
1.982,2.376049999999999,2.376104,0.3940499999999989,0.39410411643981935
1.575,1.6693199999999992,1.6004922,0.0943199999999993,0.02549223899841313
3.4,2.7729706,3.0487642,0.6270294000000001,0.35123577117919913
4.466,4.91345889999999,4.8738456,0.4474588999999902,0.40784557723999004
1.232,1.13831,1.05156,0.09369000000000005,0.18043995571136473
2.539,1.9983500999999992,2.1859152,0.5406499000000009,0.35308476829528823
2.151,1.71119,1.6934274,0.4398099999999998,0.4575725564956663
2.205,1.8051499999999998,1.8971766,0.39985000000000026,0.3078233766555787
2.198,2.4190999999999985,2.2765203,0.22109999999999852,0.07852025222778325
1.362,1.5889300000000004,1.6642317,0.2269300000000003,0.30223165798187246
1.784,1.9765100000000002,1.9612839,0.19251000000000018,0.17728392219543454
1.875,1.7754699999999997,1.6936073,0.09953000000000034,0.18139266967773438
1.398,1.498640000000001,1.24521,0.10064000000000117,0.15278994846343985
1.375,0.8942900000000003,1.00051,0.48070999999999975,0.37449002265930176
4.25,3.9642814999999985,4.1064587,0.28571850000000154,0.1435413360595703
4.056,3.7022821999999973,4.36628,0.35371780000000275,0.3102800788879394
1.388,1.4720200000000003,1.0434783,0.08402000000000043,0.34452174949645986
5.00001,4.106062699999997,4.3282485,0.8939473000000024,0.671761499176025
1.621,1.7946800000000007,1.7233596,0.17368000000000072,0.10235958480834961
0.514,0.5245000000000001,0.41258022,0.010500000000000065,0.10141977810859681
1.513,1.7356400000000005,2.1378973,0.22264000000000062,0.6248972530364991
0.948,1.0693099999999998,1.2840492,0.1213099999999998,0.33604915332794194
2.041,1.6511900000000006,1.566525,0.3898099999999993,0.47447501754760735
3.615,3.8205207999999975,3.771086,0.20552079999999728,0.15608597755432108
0.851,1.0155499999999997,1.2474746,0.16454999999999975,0.3964745512008667
1.384,1.35303,1.1472015,0.030969999999999942,0.2367984619140624
1.375,2.1177109000000005,2.149862,0.7427109000000005,0.7748620510101318
4.65,4.1415419999999985,3.8849523,0.5084580000000019,0.7650476932525638
2.718,2.7626200000000023,2.7329755,0.044620000000002324,0.014975482940673857
2.394,2.5924701,2.547571,0.19847009999999976,0.15357094383239733
3.409,3.2025408000000017,3.3155828,0.20645919999999807,0.0934172477722166
1.504,1.6072099999999991,1.4992715,0.10320999999999914,0.004728487968444828
1.281,1.3431799999999998,1.6124151,0.0621799999999999,0.3314150753021241
1.56,1.5333299999999985,1.4712824,0.026670000000001526,0.08871763706207281
2.581,3.0428201,3.0518367,0.4618201000000002,0.47083672904968266
0.905,0.95975,1.0431836,0.054749999999999965,0.13818356513977048
0.713,1.0738299999999992,1.0367743,0.3608299999999992,0.3237742776870728
2.197,2.26583,1.9818155,0.06882999999999972,0.2151845426559449
1.51,1.5183799999999996,1.6797733,0.00837999999999961,0.16977333068847655
2.901,2.1331899999999995,2.092058,0.7678100000000003,0.8089420566558836
1.42,1.30655,1.2505112,0.11344999999999983,0.16948883056640618
2.915,1.7378499999999997,1.9892733,1.1771500000000004,0.9257266902923584
2.554,2.26814,2.4750812,0.28586,0.07891879463195783
0.981,1.0518699999999996,0.94976485,0.07086999999999966,0.031235152244567854
2.519,2.6288702,2.3845925,0.10987020000000003,0.13440746688842786
1.621,2.0889900999999997,2.0995457,0.46799009999999974,0.4785457172393799
1.294,1.614270000000001,1.4848346,0.32027000000000094,0.19083455181121822
0.894,0.71247,0.6532576,0.18152999999999997,0.24074239158630373
1.505,1.3702799999999997,1.395613,0.13472000000000017,0.1093870449066161
1.338,1.9305201000000012,1.5199703,0.5925201000000011,0.18197029781341545
0.804,0.7738400000000003,0.8096793,0.030159999999999743,0.0056793293952941415
2.111,2.2146799999999986,2.2246666,0.10367999999999844,0.11366659545898417
2.556,1.8879099999999993,2.0336738,0.6680900000000007,0.5223262367248536
2.145,2.3028999999999997,1.991779,0.1578999999999997,0.15322103023529055
5.00001,4.235193799999998,3.9262388,0.764816200000002,1.0737712247467037
2.021,2.3602302999999996,2.6671934,0.33923029999999965,0.6461934127807618
0.815,0.9719100000000005,0.97244775,0.15691000000000055,0.15744775295257574
0.988,0.9798799999999999,1.0258586,0.008120000000000127,0.03785864067077638
2.819,3.102610199999999,3.166215,0.28361019999999915,0.34721494293212896
1.846,1.9224,1.7463391,0.07640000000000002,0.09966091728210458
2.547,1.36602,1.6752411,1.1809800000000001,0.8717588872909547
1.431,1.5560999999999996,1.4023185,0.12509999999999954,0.028681522369384815
1.625,1.7898101,1.5863526,0.16481009999999996,0.03864741325378418
1.426,1.5810300000000002,1.4707103,0.15503000000000022,0.04471027755737311
0.859,1.2033299999999996,1.1082509,0.3443299999999996,0.24925085639953615
1.869,2.0980601,2.1502123,0.2290601000000001,0.28121228790283204
0.713,0.8427000000000006,0.8721311,0.1297000000000006,0.15913110923767093
1.744,1.9005399999999997,1.9074174,0.15653999999999968,0.1634174165725708
2.25,1.8016599999999996,1.7604861,0.4483400000000004,0.4895138740539551
1.465,2.1416199999999996,2.0482864,0.6766199999999996,0.5832864379882812
4.05,4.113120600000001,4.3241615,0.0631206000000013,0.2741615295410158
1.896,2.4421901999999993,2.2142138,0.5461901999999994,0.31821384811401376
1.644,1.8103399999999994,1.7018032,0.1663399999999995,0.05780320739746103
3.375,3.0439100000000003,3.0215664,0.33108999999999966,0.35343360900878906
0.725,0.8890800000000002,0.88538325,0.16408000000000023,0.16038324832916262
1.438,1.7334299999999998,1.6627527,0.29542999999999986,0.22475274753570562
1.6,1.8460099999999997,1.7739707,0.24600999999999962,0.17397072315216056
1.181,1.9099999999999997,1.5762403,0.7289999999999996,0.3952403011322021
3.74,4.0285134999999945,4.0011835,0.2885134999999943,0.26118350982665994
2.027,2.2836999999999996,2.8456695,0.2566999999999995,0.8186695079803465
0.966,0.8712799000000001,0.9541467,0.09472009999999986,0.011853316783904999
0.658,0.8010299999999999,0.8574149,0.14302999999999988,0.19941490125656125
1.674,2.0250701,2.240669,0.3510701000000003,0.5666690120697022
1.798,2.2398200999999993,1.6665511,0.44182009999999927,0.13144888687133793
0.967,1.1610299999999996,1.1319078,0.1940299999999996,0.16490782070159915
2.661,2.687329999999999,2.765956,0.026329999999998854,0.10495592498779294
0.911,0.9630099999999996,1.018903,0.05200999999999956,0.10790301704406735
0.498,0.4898699999999998,0.42192972,0.008130000000000193,0.07607028293609619
0.907,1.0342201,1.0881729,0.12722009999999995,0.18117291259765622
1.158,1.29474,1.3871135,0.13674000000000008,0.22911345195770272
2.786,3.7205119999999976,3.8587334,0.9345119999999976,1.0727334156036377
2.5,1.7036699999999996,1.7832726,0.7963300000000004,0.7167273759841919
0.85,1.3577899999999994,1.0451684,0.5077899999999994,0.19516839981079104
1.77,1.7222199999999994,1.8498902,0.0477800000000006,0.07989023208618162
0.997,1.4574200999999996,1.1074599,0.46042009999999955,0.1104599027633667
3.576,4.1819536,4.3576016,0.6059535999999999,0.7816016426086425
4.75,3.6242330999999974,3.521061,1.1257669000000026,1.2289390563964844
2.736,2.7114300999999994,2.3929613,0.02456990000000081,0.343038736343384
1.824,2.151779999999999,2.0612857,0.32777999999999907,0.23728573417663568
1.578,1.5822900000000002,1.4845171,0.004290000000000127,0.09348290252685554
1.938,2.2682000999999996,2.0917883,0.33020009999999966,0.1537882919311524
3.336,2.7269301,3.1482615,0.6090698999999997,0.1877384529113768
2.646,2.6321000000000008,2.7302232,0.013899999999999135,0.08422317886352548
0.584,0.8039700000000002,0.8515348,0.21997000000000022,0.2675347838401795
1.734,1.5720099999999995,1.7261568,0.16199000000000052,0.007843169212341294
2.148,2.475689999999999,2.0565717,0.3276899999999987,0.09142827796936048
2.0,2.381871899999999,1.7980934,0.3818718999999988,0.20190656185150146
4.228,3.816050600000001,3.9188237,0.4119493999999988,0.30917628097534156
0.936,1.58203,1.0953088,0.64603,0.15930878067016596
1.222,1.9701801000000005,2.2120986,0.7481801000000006,0.9900985984802246
1.676,1.7011800000000008,1.7044318,0.02518000000000087,0.02843177223205573
3.036,2.926540099999999,3.2311852,0.10945990000000094,0.19518519783020016
2.693,2.5298400000000005,2.4540794,0.16315999999999953,0.2389206104278565
2.644,2.388139999999999,2.1944993,0.2558600000000011,0.44950074577331556
1.91,1.6891199999999997,1.6026748,0.2208800000000002,0.3073251581192016
1.538,1.9517099999999996,1.7064011,0.4137099999999996,0.16840110969543454
2.755,3.2048806000000023,2.9649882,0.4498806000000024,0.20998823165893565
2.088,1.91494,1.9006368,0.17306,0.18736320781707771
1.423,1.37723,1.3855592,0.04577000000000009,0.03744079875946049
0.635,0.8906100000000001,0.7889615,0.2556100000000001,0.15396152973175048
0.958,1.1363299999999998,1.1453702,0.17832999999999988,0.18737024497985844
2.317,2.1777800000000003,2.3671186,0.1392199999999999,0.05011859703063948
2.215,2.70042,2.428214,0.48541999999999996,0.21321407318115249
0.895,1.910960100000001,1.4973663,1.015960100000001,0.6023663091659546
2.26,3.3965105999999996,1.9615539,1.1365105999999998,0.2984460687637327
5.00001,4.98895979999999,4.549394,0.011050200000009447,0.4506158692932125
2.702,2.7292300000000016,2.8087635,0.027230000000001642,0.10676350402832036
0.596,0.7625799999999998,0.64551705,0.16657999999999984,0.04951705121994021
1.933,2.0479,2.0711095,0.11489999999999978,0.13810953330993647
1.336,1.1845299999999996,0.9641098,0.15147000000000044,0.37189022159576424
1.619,2.4026000000000005,2.0842118,0.7836000000000005,0.4652118263244629
3.575,2.901200200000001,3.746366,0.6737997999999994,0.1713660240173338
2.765,2.3481200000000007,2.521308,0.4168799999999995,0.24369205474853528
4.107,2.824780299999999,3.2395415,1.282219700000001,0.8674584693908693
3.75,2.727380299999999,3.0171077,1.0226197000000008,0.7328922748565674
1.352,1.2921699999999998,1.3306209,0.05983000000000027,0.021379115104675384
1.672,1.3661999999999994,1.5357555,0.3058000000000005,0.13624448490142815
2.52,2.333050099999999,2.554177,0.186949900000001,0.03417704582214354
3.084,4.307402599999999,4.0235085,1.2234025999999987,0.9395085487365722
1.721,1.568409999999999,1.518108,0.1525900000000011,0.20289198970794686
5.00001,4.530875499999995,4.896276,0.46913450000000445,0.10373400283813439
1.938,2.137329999999998,1.8414353,0.19932999999999823,0.09656468677520746
1.052,1.1274600000000001,1.2063109,0.07546000000000008,0.15431086826324458
0.908,1.4808508,0.9669785,0.5728508,0.058978490352630586
1.688,2.103060099999999,2.2809043,0.41506009999999915,0.5929042930603028
1.621,1.41312,1.231127,0.20788000000000006,0.3898729763031006
1.612,1.5769500000000014,1.8976891,0.03504999999999869,0.2856891040802001
1.375,1.4263099999999997,1.4248886,0.051309999999999745,0.04988861083984375
2.893,2.9620600999999986,2.6741567,0.06906009999999885,0.21884333419799784
2.787,2.7932500000000005,2.8307195,0.006250000000000533,0.04371947097778328
1.617,2.2398400000000005,2.3561761,0.6228400000000005,0.7391761379241943
2.31,2.4008800000000003,2.4148777,0.0908800000000003,0.10487765312194819
0.875,0.9018700000000002,0.8811707,0.02687000000000017,0.006170690059661865
0.957,1.0299899999999995,0.9604265,0.07298999999999956,0.0034265093803406144
2.406,2.4797799999999994,1.8704828,0.07377999999999929,0.5355171976089479
2.141,2.0939600000000005,2.1461244,0.04703999999999953,0.005124362945556626
4.286,4.074540400000001,4.1345353,0.21145959999999864,0.1514646873474117
1.25,1.4567499999999998,1.5064563,0.20674999999999977,0.25645625591278076
0.764,0.8820000000000003,0.77469504,0.11800000000000033,0.010695038795471179
2.638,2.4749502000000003,2.6645799,0.16304979999999958,0.02657986831665049
1.204,2.0710799999999994,1.7118417,0.8670799999999994,0.5078417024612427
1.091,0.88083,0.7996225,0.21016999999999997,0.29137752389907834
1.706,2.1568199999999997,2.3381188,0.4508199999999998,0.6321187915802002
2.574,2.553790099999999,2.5815995,0.02020990000000067,0.007599473953247227
3.2,3.1994501000000013,3.4136965,0.0005498999999988818,0.21369652748107892
2.896,3.0449109000000005,3.3781424,0.14891090000000062,0.4821423568725587
3.073,2.7098101999999993,2.9546642,0.3631898000000007,0.11833576965332027
3.255,2.871849999999999,3.0902781,0.383150000000001,0.16472185134887685
0.584,0.6016900000000001,0.68860257,0.017690000000000095,0.10460256671905521
0.485,0.6333599999999997,0.45238757,0.14835999999999971,0.03261242866516112
2.167,1.1138900000000003,0.9194773,1.0531099999999995,1.2475227160453795
0.979,1.0140700000000005,0.82933193,0.03507000000000049,0.1496680655479431
1.586,1.6359899999999998,1.3356255,0.04998999999999976,0.25037447071075447
0.69,0.7409700000000001,0.64967453,0.05097000000000018,0.04032546520233149
3.223,3.3550702999999986,3.4643843,0.13207029999999875,0.24138431739807142
4.677,3.3674505000000012,3.456726,1.3095494999999984,1.2202739257812496
1.63,1.7152999999999994,1.679183,0.08529999999999949,0.0491830062866212
2.871,2.7531800000000017,2.7591257,0.11781999999999826,0.11187429046630859
0.546,0.5651700000000001,0.47528568,0.01917000000000002,0.07071432089805607
0.904,1.15851,0.9424376,0.2545099999999999,0.03843758916854856
1.555,1.59298,1.5421922,0.037980000000000125,0.012807779312133727
1.75,2.774370299999999,2.710547,1.0243702999999988,0.9605469703674316
4.112,4.239033100000001,4.1846137,0.12703310000000112,0.07261370468139638
3.321,2.9628001999999998,2.3461215,0.3581998000000004,0.9748784503936769
1.412,1.5611700000000002,1.4709237,0.14917000000000025,0.058923662185669023
2.471,2.4660100000000007,2.4973936,0.004989999999999384,0.026393608093261633
1.53,1.5092599999999994,1.4441099,0.020740000000000647,0.08589008331298831
1.55,1.7415400000000005,1.7125595,0.1915400000000005,0.16255946159362789
3.908,1.6032899999999994,1.7440176,2.3047100000000005,2.1639823989868163
0.9,0.9173399999999999,0.89905196,0.01733999999999991,0.0009480357170105203
1.967,1.9941500000000005,2.0312955,0.02715000000000045,0.06429553794860832
0.682,0.8965,0.6658538,0.2144999999999999,0.016146201610565236
5.00001,5.000009999999989,5.0123186,1.0658141036401503e-14,0.01230861114501991
0.921,1.1678199999999994,1.1531692,0.24681999999999937,0.23216915512084957
2.979,2.875040099999999,3.0359805,0.10395990000000088,0.05698046302795401
5.00001,4.603503999999995,4.8222175,0.3965060000000049,0.17779253555297814
3.323,2.9874799999999997,3.0228488,0.33552000000000026,0.3001511554718017
1.711,2.0967299999999995,2.0581467,0.38572999999999946,0.3471467151641845
1.521,1.7423600000000001,1.5966967,0.22136000000000022,0.07569673442840585
2.32,2.21263,2.3015394,0.10736999999999997,0.01846057891845687
1.271,1.3768700000000007,1.5835354,0.1058700000000008,0.31253543281555185
0.875,1.1766800000000004,1.4410803,0.3016800000000004,0.5660803318023682
2.034,1.8751999999999998,1.9699864,0.15880000000000005,0.0640135612487791
2.286,1.9951800000000008,2.2376556,0.2908199999999992,0.04834436035156253
1.167,1.0895499999999994,1.0756474,0.07745000000000068,0.09135264587402347
4.167,4.985049599999989,4.4654255,0.8180495999999895,0.298425491333008
2.276,1.8568500000000014,2.3299038,0.41914999999999836,0.05390384101867696
2.679,2.9084699999999994,3.405921,0.22946999999999962,0.72692098236084
0.972,1.26422,1.1930879,0.2922199999999999,0.2210879354476929
1.375,1.4501100000000005,1.5142809,0.07511000000000045,0.13928091526031494
1.988,2.0540001,1.949921,0.06600010000000012,0.03807898807525634
0.686,0.5707599999999998,0.6010405,0.11524000000000023,0.08495951747894293
3.525,2.7931299999999997,3.1334977,0.7318700000000002,0.391502285003662
1.038,1.0992699999999997,0.9987091,0.061269999999999714,0.039290917396545444
1.078,1.1516900000000003,1.0870796,0.07369000000000026,0.009079644203185966
1.317,1.7669699999999995,1.5953395,0.44996999999999954,0.27833953666687017
2.713,3.154640000000001,3.1253607,0.4416400000000009,0.4123607273101806
0.973,2.2364502000000006,1.3648592,1.2634502000000007,0.3918592233657837
0.95,1.01923,0.99080014,0.06923000000000012,0.04080014228820805
0.675,1.5714900000000003,1.8439728,0.8964900000000002,1.1689728021621704
3.261,3.120590000000001,2.8902476,0.14040999999999926,0.3707524166107179
0.656,0.8853700000000003,0.72946894,0.2293700000000003,0.07346894168853757
2.256,2.0499300000000003,1.972577,0.20606999999999953,0.28342302417755105
2.638,3.05541,3.7183306,0.4174100000000003,1.0803306217193605
3.483,3.0373801000000005,3.4117916,0.4456198999999996,0.07120843696594248
3.25,2.5000900000000006,2.9031339,0.7499099999999994,0.3468661308288574
1.088,1.1987999999999999,1.2677802,0.11079999999999979,0.1797801847457885
4.0,3.7428319000000005,3.7191744,0.25716809999999946,0.2808256149291992
1.384,1.3393600000000003,1.3049314,0.04463999999999957,0.079068597793579
0.61,0.7862200000000001,0.6992245,0.17622000000000015,0.08922447204589845
4.531,4.331130800000002,4.8174434,0.19986919999999753,0.2864433708190921
5.00001,4.9725094999999895,5.2324405,0.027500500000010142,0.2324304716491703
1.202,1.2861399999999994,1.2111942,0.08413999999999944,0.009194157600402875
3.292,2.9705999999999992,2.7621944,0.3214000000000006,0.5298056049346922
1.963,2.1009900999999993,2.0644336,0.13799009999999923,0.1014335746765136
1.5,1.1044100000000003,1.1197432,0.39558999999999966,0.3802567720413208
1.52,1.7534500000000006,1.8891811,0.2334500000000006,0.3691811370849609
1.699,1.5535999999999999,1.5161979,0.1454000000000002,0.182802080154419
1.375,1.8056900000000002,1.705402,0.43069000000000024,0.3304020166397095
2.83,2.6795599999999995,2.683956,0.15044000000000057,0.1460440921783448
4.045,2.368009999999999,2.8961825,1.6769900000000009,1.1488174629211425
1.935,2.3518300999999995,2.5217936,0.4168300999999994,0.5867936038970947
2.051,3.6357813000000005,2.4797523,1.5847813000000004,0.42875230216979965
1.456,1.5758800000000002,1.4157295,0.11988000000000021,0.040270477294921836
2.25,1.03197,1.1143235,1.21803,1.1356765031814575
2.159,2.1551500000000003,2.0305617,0.003849999999999465,0.12843831443786602
1.585,1.6293899999999997,1.7730066,0.04438999999999971,0.18800655841827396
1.247,1.330559999999999,1.2762051,0.08355999999999897,0.02920506286621083
0.654,0.7549399999999998,0.6816387,0.10093999999999981,0.027638717651367162
2.802,2.035659999999999,2.5574448,0.7663400000000009,0.24455518913269048
1.805,1.7265300000000001,1.6080925,0.07846999999999982,0.19690745353698724
1.054,1.2010399999999997,1.1573732,0.14703999999999962,0.10337318992614741
1.0,1.0143399999999994,2.2351682,0.014339999999999353,1.235168218612671
1.663,1.4418700000000002,1.2659473,0.22112999999999983,0.3970526580810547
1.58,1.8258999999999999,1.8828449,0.24589999999999979,0.30284492492675774
2.438,2.695350200000001,3.0669875,0.25735020000000075,0.6289875144958494
3.629,3.8233809000000023,3.708555,0.1943809000000023,0.07955498313903808
2.019,1.8572799999999998,1.6076344,0.1617200000000003,0.4113655748367311
0.526,0.8484499999999998,0.49173602,0.3224499999999998,0.03426397538185122
5.00001,3.7593600000000005,4.269126,1.2406499999999991,0.7308840615844723
1.12,1.2502000000000004,1.2718637,0.13020000000000032,0.15186369895935048
2.25,2.0222201,2.1607213,0.2277798999999998,0.0892786979675293
4.399,3.8435417999999997,4.0807104,0.5554582000000003,0.3182895889282227
0.883,1.3322299999999998,0.8941161,0.4492299999999998,0.011116103649139397
5.00001,5.000009999999989,5.150476,1.0658141036401503e-14,0.15046597885131874
2.768,1.9263300999999995,1.6187717,0.8416699000000003,1.1492283277511595
1.792,1.5855499999999998,1.8149961,0.20645000000000024,0.02299612331390377
1.997,1.8269399999999987,1.8064331,0.17006000000000143,0.19056691837310802
1.32,1.2739700000000003,1.4036252,0.04602999999999979,0.08362524986267084
0.613,0.85064,0.7672349,0.23763999999999996,0.1542349214553833
1.719,2.117030100000001,1.9085617,0.39803010000000083,0.18956170654296867
1.238,1.2926700000000002,1.3953475,0.05467000000000022,0.1573474760055542
1.353,1.3082500000000008,1.3283373,0.04474999999999918,0.02466268825531004
1.371,2.361669999999999,1.7964745,0.9906699999999988,0.4254744567871094
1.293,1.5683700000000003,1.6617008,0.27537000000000034,0.36870084476470955
2.279,2.428280099999998,2.2892122,0.14928009999999814,0.010212226867675867
0.944,1.0656999999999999,1.0764686,0.12169999999999992,0.13246858692169194
1.035,1.3428900000000001,1.2031164,0.3078900000000002,0.16811641693115242
3.208,4.142614199999994,4.2249804,0.9346141999999942,1.0169803543090818
1.25,4.092952699999996,4.510191,2.842952699999996,3.260190963745117
3.324,3.194700000000002,3.1391265,0.12929999999999797,0.18487346076965316
1.591,1.5425200000000001,1.6407704,0.04847999999999986,0.04977043533325198
2.369,2.391480000000002,2.3309085,0.02248000000000161,0.038091463088989475
4.616,4.625325599999996,4.747418,0.009325599999995937,0.13141792678833042
1.569,1.6071800000000003,1.506682,0.038180000000000325,0.06231796169281001
1.482,1.02265,0.93974465,0.4593499999999999,0.5422553486824035
1.665,1.643280000000001,1.4395162,0.021719999999999073,0.22548381328582767
1.969,2.5216304999999997,2.340207,0.5526304999999996,0.3712070999145507
1.678,1.8351899999999999,1.7467489,0.15718999999999994,0.06874892425537116
1.267,0.9639699999999993,0.90368474,0.3030300000000006,0.36331526470184317
5.00001,4.191241699999998,3.935774,0.8087683000000014,1.0642359120941158
0.579,0.5565799999999999,0.46384335,0.022420000000000107,0.11515665435791012
2.38,2.22263,2.079232,0.1573699999999998,0.30076802253723134
1.42,1.876039999999999,1.5138879,0.4560399999999991,0.09388788223266609
0.869,1.2024801,0.820419,0.33348010000000006,0.04858098649978637
0.56,0.7233700000000003,0.5661682,0.16337000000000024,0.0061681890487670366
5.00001,4.94652909999999,5.2559953,0.053480900000010045,0.25598527359008827
1.124,1.1737700000000002,1.3038266,0.04977000000000009,0.17982657051086415
0.636,1.1149999999999998,0.5709144,0.47899999999999976,0.06508561229705812
4.313,4.614503399999995,4.7810483,0.3015033999999952,0.46804829788208036
2.659,2.533820100000001,2.1714652,0.12517989999999868,0.4875348415374754
0.58,0.5937899999999998,0.7057242,0.013789999999999858,0.1257241797447205
1.941,3.7476804999999995,2.6156924,1.8066804999999995,0.674692377090454
1.428,1.5465899999999992,1.680176,0.11858999999999931,0.25217601966857917
1.787,1.6724300000000005,1.6837077,0.1145699999999994,0.10329228591918937
1.875,2.4720708,2.6893926,0.5970708,0.8143925666809082
2.25,1.9320101,2.0163648,0.31798989999999994,0.23363518714904785
3.13,2.7122800000000002,2.7372777,0.41771999999999965,0.39272225379943837
5.00001,5.000009999999989,5.0487967,1.0658141036401503e-14,0.04878665374755897
1.536,1.5295700000000003,1.4659076,0.006429999999999714,0.07009242630004886
0.623,0.76885,0.7198519,0.14585000000000004,0.09685191106796265
1.945,1.9417699999999996,1.6557078,0.0032300000000005102,0.289292163848877
1.639,1.6940800000000007,1.6152198,0.055080000000000684,0.023780168533325208
3.988,3.702461799999999,2.9213448,0.28553820000000085,1.0666552429199219
2.041,2.5039700999999983,2.5132039,0.4629700999999984,0.4722038593292237
1.993,2.2310401000000013,2.2133968,0.2380401000000012,0.2203967876434325
1.767,2.3078909000000003,1.6984832,0.5408909000000004,0.06851677131652822
5.00001,4.802176699999995,4.491468,0.19783330000000454,0.5085420472717281
2.489,2.0214000000000003,2.0159152,0.46759999999999957,0.4730848445892333
1.5,1.5445,1.4684047,0.044499999999999984,0.03159534931182861
2.317,1.9922300000000002,1.9255753,0.32477,0.3914247436523439
0.58,0.9607900000000005,0.978706,0.3807900000000005,0.39870600223541264
1.26,1.4347099999999997,1.2725248,0.1747099999999997,0.01252483367919921
1.633,1.6024100000000001,1.5826316,0.030589999999999895,0.05036841201782227
1.134,1.2444699999999997,1.2439202,0.11046999999999985,0.10992020702362071
3.0,2.3169600000000004,3.1126199,0.6830399999999996,0.11261987686157227
3.109,3.210200199999999,3.3391752,0.10120019999999919,0.23017522430419923
2.188,2.0148799999999993,2.1716912,0.17312000000000083,0.01630882072448747
0.704,0.7031500000000002,0.6905086,0.0008499999999997954,0.013491395950317342
2.377,2.8167799999999996,2.6228676,0.43977999999999984,0.24586758422851585
1.188,1.2179400000000005,1.2235669,0.029940000000000522,0.03556688976287847
0.731,0.7335500000000004,0.6182661,0.0025500000000003853,0.11273389434814451
0.75,1.1417702000000005,0.7406792,0.3917702000000005,0.00932079553604126
4.507,4.191402899999996,4.0204306,0.3155971000000033,0.4865694351196286
2.402,2.3724000000000003,2.0499785,0.02959999999999985,0.3520215053558351
0.658,0.6526100000000002,0.66749007,0.005389999999999784,0.009490065097808809
0.647,0.7229199000000002,0.5480109,0.07591990000000015,0.0989891142845154
1.751,2.17673,1.9343735,0.42573000000000016,0.18337349796295177
2.237,2.328040000000001,2.150097,0.0910400000000009,0.08690310668945322
0.963,1.0209300000000001,1.1012982,0.05793000000000015,0.13829821300506595
4.051,3.9467512,4.0228744,0.10424880000000014,0.028125644683838047
3.768,3.3571702000000005,3.214394,0.41082979999999925,0.5536059074401853
5.00001,4.99488959999999,5.078462,0.005120400000009795,0.07845212387084999
3.5,2.6095601000000004,2.261067,0.8904398999999996,1.2389330863952637
1.625,2.0947704,2.7582417,0.4697703999999998,1.1332416534423828
1.773,1.9256799999999998,1.8105026,0.15267999999999993,0.03750264835357675
0.984,1.0652199999999998,1.0483549,0.08121999999999985,0.06435486412048341
1.388,1.2349999999999999,1.2080954,0.15300000000000002,0.17990456867218008
1.75,2.5994914000000007,2.542245,0.8494914000000007,0.7922449111938477
2.609,1.9693400000000005,1.9661113,0.6396599999999995,0.6428886976242065
1.047,0.8623500000000002,0.92999405,0.18464999999999976,0.1170059533119201
1.595,2.1278202000000013,1.9066497,0.5328202000000013,0.3116497087478638
2.959,2.9384700000000006,3.1974812,0.020529999999999493,0.23848115539550774
1.375,3.2512614000000006,2.4982052,1.8762614000000006,1.1232051849365234
5.00001,4.199783599999995,4.5346475,0.800226400000005,0.46536253524780236
2.27,2.25315,2.314942,0.01684999999999981,0.044941883087158185
2.639,2.360360000000001,2.1211147,0.2786399999999989,0.5178852691650389
1.604,1.6515999999999997,1.8275062,0.04759999999999964,0.2235061845779418
1.42,1.481399999999999,1.5482199,0.06139999999999901,0.12821991920471199
1.625,1.6959400000000002,1.6880345,0.07094000000000023,0.0630345344543457
2.304,1.7402799999999998,1.90037,0.56372,0.4036299982070921
5.00001,4.503863299999993,4.9684067,0.4961467000000068,0.03160332275390587
2.177,2.730630000000001,3.0918474,0.553630000000001,0.9148474197387695
1.83,2.3958401000000005,1.8693596,0.5658401000000004,0.039359612464904714
2.458,1.9487999999999996,1.8073984,0.5092000000000005,0.6506015615463259
1.292,1.4079999999999995,1.1185061,0.11599999999999944,0.17349392604827885
0.604,0.7565999999999998,0.7100791,0.15259999999999985,0.10607907390594484
0.675,0.9040500000000001,0.70886433,0.2290500000000001,0.03386433124542232
2.952,2.910370499999999,3.028507,0.041629500000000874,0.07650699424743657
1.926,1.9729199999999971,2.0102415,0.046919999999997186,0.08424150848388678
1.506,1.5266300000000004,1.6319481,0.02063000000000037,0.12594811344146728
1.257,1.4955200000000002,1.4515446,0.2385200000000003,0.1945446424484254
0.634,0.8688600000000005,0.55663466,0.2348600000000005,0.07736533546447755
1.513,1.8814600000000015,1.5711426,0.36846000000000156,0.05814255428314219
2.456,3.1951600999999976,2.944022,0.7391600999999977,0.4880219402313233
5.00001,4.821325799999996,4.966728,0.17868420000000373,0.03328178955078087
1.655,1.8050799999999998,2.1053407,0.15007999999999977,0.45034071922302243
1.135,1.1831099999999997,1.0295817,0.04810999999999965,0.10541833400726319
3.222,3.2350203999999985,3.4592812,0.013020399999998489,0.23728120613098147
3.625,4.2445417999999995,4.4600883,0.6195417999999995,0.8350882530212402
0.696,0.7869099999999996,0.7221311,0.0909099999999996,0.02613107347488408
1.561,1.5898299999999999,1.47902,0.02882999999999991,0.08198000049591059
0.875,1.25876,1.2826042,0.3837600000000001,0.4076042175292969
1.931,2.034980000000001,1.851452,0.10398000000000085,0.07954800701141362
2.18,2.15616,1.9571549,0.023840000000000305,0.222845129966736
1.018,0.9568100000000002,0.8579181,0.061189999999999856,0.1600819163322449
1.291,1.1748299999999994,1.4288315,0.11617000000000055,0.13783145809173591
1.563,1.4239499999999996,1.2030509,0.13905000000000034,0.35994914817810053
1.832,1.7428000000000003,1.6308651,0.08919999999999972,0.20113490295410164
1.481,1.5979999999999999,1.4466524,0.11699999999999977,0.03434758758544931
5.00001,4.988259799999989,5.0163465,0.01175020000001048,0.016336454620361707
2.221,3.449850900000001,3.6410363,1.2288509000000007,1.42003627204895
1.676,1.8312700000000015,1.7948389,0.15527000000000157,0.11883890533447272
1.845,2.1972500000000004,2.1071882,0.3522500000000004,0.2621882247924805
3.7,4.065241799999997,4.296291,0.36524179999999706,0.596290874481201
2.394,2.4335900000000006,2.222473,0.03959000000000046,0.17152709388732923
1.667,1.6936300000000002,1.7194668,0.026630000000000154,0.05246680545806881
2.333,1.954720099999999,1.9686273,0.3782799000000012,0.36437266635894794
2.4,2.4812601000000014,2.636485,0.0812601000000015,0.23648509979248056
0.913,0.9965900000000002,1.1314573,0.08359000000000016,0.21845732879638668
4.835,4.787637099999994,4.707347,0.04736290000000576,0.1276530838012695
1.505,1.6312299999999993,1.6993145,0.1262299999999994,0.19431447505950938
0.995,1.4296600999999995,1.6099325,0.43466009999999955,0.614932541847229
2.402,2.302480000000001,2.149108,0.09951999999999916,0.25289206695556654
0.955,1.15053,1.2422158,0.1955300000000001,0.2872157526016236
5.00001,4.980699699999989,5.122839,0.01931030000001055,0.12282897399902382
2.516,2.1213701000000005,2.2896774,0.39462989999999953,0.22632261848449708
1.208,1.09946,1.1421895,0.10853999999999986,0.06581049728393551
1.357,1.1033300000000006,1.2627634,0.2536699999999994,0.09423661899566649
2.254,2.15336,2.18532,0.10063999999999984,0.06868009948730469
5.00001,4.409713699999995,4.5013976,0.5902963000000048,0.49861239028930626
0.851,1.1723200000000005,1.0376865,0.3213200000000005,0.18668646717071535
5.00001,3.637392499999999,4.4190984,1.3626175000000007,0.5809116227722164
1.648,1.57751,1.5546793,0.07048999999999994,0.09332072544097891
1.116,1.4593501000000004,1.6149898,0.3433501000000003,0.4989897575378417
1.61,1.53508,1.4209874,0.0749200000000001,0.18901263236999521
2.137,2.0303799999999996,1.7982676,0.10662000000000038,0.3387323970794678
1.165,1.2217399999999998,1.29106,0.05673999999999979,0.12605997085571286
3.5,3.7517641999999984,2.42754,0.25176419999999844,1.0724599361419678
1.599,2.1964799999999998,1.9963875,0.5974799999999998,0.39738748168945315
4.383,2.996220499999999,3.4321048,1.3867795000000012,0.9508951740264893
1.711,1.7313300000000005,1.7121758,0.020330000000000403,0.0011758460998534392
2.711,2.8920001999999996,3.3934162,0.18100019999999972,0.6824161663055421
5.00001,2.244330200000002,2.959728,2.7556797999999976,2.040281997451782
0.68,0.9475199999999997,0.9451231,0.26751999999999965,0.26512307643890376
1.917,2.1618799999999996,2.2128017,0.24487999999999954,0.2958016948699951
2.559,2.6519299999999992,2.7063797,0.09292999999999907,0.14737965202331527
1.125,1.2976999999999999,1.4895203,0.17269999999999985,0.3645203113555908
1.822,1.831769999999999,1.610569,0.009769999999998946,0.21143099975585944
3.476,3.207340199999999,3.19867,0.2686598000000009,0.2773300895690918
3.32,2.9712499999999995,3.30053,0.34875000000000034,0.019470043182372887
1.109,1.2878800000000001,1.3300519,0.17888000000000015,0.22105189895629884
2.119,2.2962299999999995,2.1889873,0.17722999999999933,0.06998725509643533
2.625,2.479899999999999,2.3525546,0.14510000000000112,0.2724454402923584
2.379,2.377139999999998,2.4329827,0.0018600000000019712,0.05398268318176269
0.9,1.634780000000001,0.837299,0.734780000000001,0.06270101070404055
4.272,3.742711499999999,3.863894,0.5292885000000012,0.4081060142517092
3.705,3.7060207000000003,4.0486283,0.0010207000000002076,0.3436283302307128
1.163,1.10024,0.9741737,0.06275999999999993,0.18882627534866336
1.708,1.7339299999999997,1.6086258,0.025929999999999787,0.09937423038482662
2.855,3.1156600999999995,3.1431968,0.2606600999999995,0.2881968212127686
1.115,1.62248,1.3113197,0.5074799999999999,0.19631970882415772
0.832,1.3001399999999999,0.8399608,0.4681399999999999,0.007960813522338905
2.482,2.357330000000001,2.5909545,0.12466999999999917,0.10895454216003397
3.955,3.3183803999999997,3.6911416,0.6366196000000004,0.2638583946228028
2.183,1.99053,2.0988283,0.19246999999999992,0.08417168426513655
5.00001,4.7410259999999935,4.8656764,0.2589840000000061,0.13433359695434532
0.889,0.9547100000000005,0.9054388,0.06571000000000049,0.01643878078460692
1.81,1.8215599999999998,1.5639762,0.011559999999999793,0.24602383136749273
2.809,3.559230099999999,3.5841143,0.7502300999999987,0.7751143131256102
3.453,2.9900105000000003,3.288096,0.4629894999999995,0.16490404891967758
1.81,2.2105699999999993,2.0534654,0.4005699999999992,0.24346536636352534
1.922,2.0562899999999984,2.0420036,0.13428999999999847,0.12000363159179694
0.781,0.6685000000000002,0.8022935,0.11249999999999982,0.021293479442596408
0.75,1.3613099999999998,1.1938804,0.6113099999999998,0.44388043880462646
4.333,4.160940900000002,4.579961,0.17205909999999847,0.24696082305908185
1.601,1.6265800000000008,1.561104,0.025580000000000824,0.03989594078063963
1.092,1.3242600000000004,1.1750686,0.23226000000000036,0.08306861686706535
0.962,1.2869,1.2142488,0.32489999999999997,0.2522487764358521
1.914,1.5802500000000002,1.5079988,0.33374999999999977,0.40600117588043205
3.6,2.1517500999999983,1.5659026,1.4482499000000018,2.034097409248352
1.856,2.2849599999999985,1.9749792,0.42895999999999845,0.11897916221618643
1.188,1.1814399999999994,1.1383542,0.006560000000000565,0.04964581775665278
1.227,1.1347000000000003,1.1821512,0.09229999999999983,0.044848801612854095
2.063,1.8837499999999998,1.8468653,0.17925000000000035,0.2161347036361696
1.956,1.4200799999999998,1.3513461,0.5359200000000002,0.6046538648605346
0.756,0.9380900000000003,1.0878587,0.1820900000000003,0.3318586769104004
1.043,1.1455000000000002,0.98195225,0.10250000000000026,0.06104774999618523
3.859,4.473955999999992,4.5646377,0.6149559999999923,0.7056376609802246
1.139,1.46214,1.1693784,0.32314,0.030378399848937976
0.794,1.1518499999999994,0.98973197,0.35784999999999934,0.1957319674491882
0.813,0.7318899999999996,0.72723466,0.08111000000000035,0.08576533842086786
1.292,1.8271699999999997,1.9882334,0.5351699999999997,0.6962334470748901
0.735,0.7689899999999998,0.95777017,0.033989999999999854,0.22277016878128053
1.759,1.6955600000000013,1.4712622,0.06343999999999861,0.28773778343200673
1.424,1.6128600000000006,1.634421,0.1888600000000007,0.21042099094390876
2.341,2.149539999999999,2.5235264,0.19146000000000107,0.1825264301300047
2.867,2.9231001000000005,3.1697707,0.05610010000000054,0.3027707176208496
0.925,1.2666600000000001,1.1602935,0.3416600000000001,0.2352934598922729
1.701,1.7545499999999992,1.7048647,0.0535499999999991,0.003864740371704034
1.618,1.6854399999999996,1.4708246,0.0674399999999995,0.14717540073394786
2.253,2.7334699999999996,2.6000574,0.4804699999999995,0.3470573635101317
1.706,1.5083700000000007,1.4655046,0.1976299999999993,0.24049535369873043
3.194,3.2970003999999995,3.3862472,0.10300039999999955,0.19224715805053716
0.958,0.8938000000000001,0.8039406,0.06419999999999981,0.15405940580368038
0.734,0.8826200000000003,0.6572035,0.1486200000000003,0.07679650449752806
0.936,1.2154,0.98430943,0.2794,0.048309434890747016
0.517,0.53755,0.49275565,0.020549999999999957,0.02424434852600099
3.587,3.6696503999999988,4.277033,0.08265039999999857,0.6900328521728514
0.647,0.6910500000000002,0.4876975,0.044050000000000145,0.1593024880886078
3.442,2.955789999999999,3.0818076,0.48621000000000114,0.36019238662719744
3.14,3.1889600999999987,3.379924,0.04896009999999862,0.23992405891418445
1.857,2.0430900000000003,2.6441405,0.1860900000000003,0.7871404819488526
2.793,2.5346800000000007,2.5627217,0.25831999999999944,0.2302782707214357
1.194,2.002229999999999,1.9315624,0.8082299999999991,0.7375624237060547
2.804,2.9401900000000007,2.959614,0.13619000000000092,0.1556140384674074
1.871,2.0978499999999998,2.4088757,0.22684999999999977,0.5378757038116455
0.838,0.8387299999999995,0.9709591,0.0007299999999995643,0.13295912694931034
3.093,2.423999999999999,2.7298431,0.6690000000000009,0.36315686035156247
2.292,2.82941,2.4861355,0.5374100000000004,0.19413548278808612
2.45,2.2725099999999996,2.5856705,0.1774900000000006,0.13567047119140607
2.276,2.74348,2.4048128,0.4674800000000001,0.12881281280517598
5.00001,4.479604099999998,4.5494704,0.5204059000000019,0.4505395753479
3.208,2.694240099999999,2.8757966,0.513759900000001,0.33220344352722186
1.473,1.5153499999999998,1.5356306,0.042349999999999666,0.06263058376312247
1.623,1.79206,1.9846411,0.16906,0.36164107513427735
2.659,2.681089999999999,2.721587,0.022089999999999055,0.06258694267272968
5.00001,4.689916099999993,4.8591623,0.31009390000000625,0.14084766937255822
1.891,2.1193000000000004,2.0832162,0.2283000000000004,0.19221619033813475
3.164,3.956692800000001,3.6837056,0.7926928000000006,0.5197055683135985
1.819,1.83634,1.8680294,0.017340000000000133,0.04902935600280767
2.615,3.2862808000000006,3.186061,0.6712808000000003,0.5710609054565428
0.69,0.6542300000000004,0.6344681,0.035769999999999524,0.0555319213867187
1.813,2.6584799999999977,2.500174,0.8454799999999978,0.6871740455627442
2.93,3.0707101000000008,2.66968,0.14071010000000062,0.26031988143920914
1.111,1.3088400000000004,1.3096403,0.19784000000000046,0.19864028835296632
2.183,2.6765404999999993,2.5716963,0.4935404999999995,0.38869628143310564
1.472,1.4800499999999996,1.362084,0.008049999999999669,0.10991596889495847
2.438,1.573359999999999,2.0601506,0.8646400000000012,0.37784937667846696
2.23,2.2445199999999987,2.1070971,0.014519999999998756,0.12290285110473631
1.375,1.5905399999999998,1.6741091,0.21553999999999984,0.2991091012954712
0.606,0.66094,0.7575207,0.05493999999999999,0.1515206756591797
2.75,1.6502908000000003,2.600625,1.0997091999999997,0.14937496185302734
3.5,2.2893304000000008,3.2054744,1.2106695999999992,0.2945256233215332
1.712,1.4310600000000009,1.4046638,0.2809399999999991,0.30733619880676266
0.835,0.9523899999999996,1.0617399,0.11738999999999966,0.22673992156982425
2.25,2.8273702999999997,2.8650317,0.5773702999999997,0.6150317192077637
1.656,1.809410100000001,2.0692933,0.153410100000001,0.4132932605743409
1.52,1.6858000000000002,1.630005,0.16580000000000017,0.11000500202178953
1.92,2.0853199999999976,2.0808952,0.1653199999999977,0.16089518547058113
2.542,2.853940099999999,2.8540533,0.3119400999999993,0.3120532588958742
1.5,1.1183699999999996,0.9806375,0.38163000000000036,0.5193625092506409
2.125,2.4125201,2.1317875,0.28752010000000006,0.006787538528442383
0.804,0.6527300000000003,0.75585824,0.1512699999999998,0.04814175748825078
2.065,2.5252700000000003,2.0341187,0.4602700000000004,0.030881347656249947
3.311,3.3808101999999995,3.9987407,0.0698101999999996,0.6877406730651856
2.014,2.518129999999999,2.1589046,0.5041299999999991,0.144904552459717
1.884,1.9410800000000008,1.8310031,0.05708000000000091,0.052996930122375385
1.954,1.9250099999999997,1.98164,0.028990000000000293,0.027639981269836467
4.425,4.578434399999997,4.3517003,0.15343439999999742,0.07329969406127912
1.527,1.9307600000000005,1.800358,0.40376000000000056,0.2733580570220948
5.00001,5.000009999999989,4.9106245,1.0658141036401503e-14,0.08938549591064415
2.398,2.6088301000000005,2.5778167,0.21083010000000035,0.17981672477722155
1.594,1.1251999999999995,1.0770006,0.46880000000000055,0.516999382019043
0.918,1.1425999999999998,1.1338452,0.2245999999999998,0.21584521007537838
2.409,2.507439999999999,2.8270822,0.0984399999999992,0.41808215713500996
1.364,1.4187200000000002,1.4409126,0.0547200000000001,0.07691260433197011
1.036,0.9939599999999994,1.0501593,0.04204000000000063,0.014159335136413542
1.325,1.4184999999999997,1.4528289,0.0934999999999997,0.1278288841247559
2.929,2.7297601999999994,2.8676965,0.1992398000000004,0.06130347633361799
0.628,1.2980599999999995,1.1245042,0.6700599999999995,0.4965042085647583
1.121,1.2195699999999998,1.1540571,0.09856999999999982,0.03305714511871338
0.891,0.8893500000000003,0.7504697,0.0016499999999997073,0.14053031539916994
1.207,1.2223400000000004,1.6894352,0.015340000000000353,0.4824352436065673
4.714,3.564081799999999,4.346759,1.1499182000000014,0.3672411575317387
3.147,3.548401,3.4723618,0.40140100000000034,0.3253618030548098
2.264,2.4177299999999997,2.2872162,0.15372999999999992,0.02321618652343771
4.097,2.9141706999999992,3.839062,1.1828293000000012,0.25793802452087444
1.49,1.3791900000000001,1.3214693,0.11080999999999985,0.1685306930541992
1.717,4.040461899999996,1.7249982,2.323461899999996,0.007998235702514567
2.355,3.5241009999999995,3.3808186,1.1691009999999995,1.0258186054229737
3.228,2.906630099999999,2.9989343,0.321369900000001,0.2290657310485842
2.445,2.639500000000001,2.876303,0.194500000000001,0.4313029575347902
1.622,1.6120700000000014,1.7139479,0.009929999999998662,0.09194789218902577
3.409,3.6639805000000014,3.8322573,0.2549805000000016,0.4232572708129885
0.574,0.5251599999999997,0.44642928,0.04884000000000022,0.12757071757316585
1.989,2.0887700000000002,1.9570812,0.09977000000000014,0.031918801307678324
1.097,1.7298499999999992,1.5205557,0.6328499999999992,0.42355573463439944
1.375,1.2821900000000006,0.9302575,0.09280999999999939,0.44474250078201294
0.857,1.3289699999999993,0.942798,0.47196999999999933,0.08579801845550539
0.983,0.9017100000000005,0.7674883,0.08128999999999953,0.2155116991996765
1.782,1.7551200000000002,1.7347115,0.026879999999999793,0.04728847217559817
1.375,2.464539999999999,3.8016908,1.089539999999999,2.4266908168792725
2.75,2.68621,2.724637,0.06379000000000001,0.02536296844482422
3.815,3.04796,3.2683702,0.7670400000000002,0.5466298484802246
5.00001,4.971619499999989,5.1815686,0.0283905000000102,0.1815586225891117
5.00001,4.826545299999998,5.2125835,0.17346470000000203,0.21257354187011757
1.792,1.4290599999999996,1.2363198,0.3629400000000005,0.5556802196502686
2.045,2.2361500000000003,2.5033271,0.19115000000000038,0.4583271312713624
3.941,4.132011299999998,4.0684805,0.19101129999999777,0.12748049163818376
1.844,1.9007000000000003,1.9118754,0.056700000000000195,0.06787536716461173
1.74,1.57196,1.4139725,0.16803999999999997,0.32602750301361083
0.807,0.9479300000000008,0.9750721,0.14093000000000078,0.1680720858573913
1.896,1.8695000000000002,1.6937011,0.026499999999999746,0.20229885196685782
0.6,0.8098799999999997,0.8483607,0.20987999999999973,0.24836071729660036
1.266,1.1169699999999998,1.2250702,0.14903000000000022,0.040929761886596694
2.625,2.2638499999999997,2.452253,0.3611500000000003,0.17274689674377441
1.392,1.37579,1.3555092,0.016209999999999836,0.03649083805084219
0.513,0.5530600000000001,0.5543638,0.040060000000000096,0.04136378717422484
2.292,2.339640100000001,2.1947467,0.04764010000000107,0.09725326728820782
1.011,1.564519999999999,1.1551174,0.5535199999999991,0.14411739253997813
0.977,0.9555600000000003,0.6874785,0.02143999999999968,0.2895215172767639
1.583,1.4739300000000002,1.7111855,0.10906999999999978,0.12818545532226566
3.491,4.0408705000000005,3.6430743,0.5498705000000004,0.15207427406311025
0.855,1.1254100000000007,0.94004107,0.2704100000000007,0.08504106521606447
2.141,2.535139999999999,2.3851736,0.3941399999999988,0.24417355918884276
2.271,2.3100299999999994,2.2537827,0.039029999999999454,0.017217250823974517
1.557,1.34077,1.5118124,0.21622999999999992,0.045187551498413026
0.668,0.7854999999999999,0.7276666,0.11749999999999983,0.0596666164398193
2.073,2.3037099999999984,1.9617101,0.23070999999999842,0.11128990459442134
2.228,2.008579999999999,1.8390305,0.21942000000000128,0.38896949577331563
3.545,3.611350399999998,3.7637615,0.06635039999999792,0.21876152038574226
3.405,3.4083403000000008,3.754862,0.003340300000000962,0.34986207008361836
0.529,0.6687000000000002,0.66120195,0.13970000000000016,0.13220195388793943
1.406,1.81023,1.7550659,0.4042300000000001,0.3490659179687501
1.508,1.8651000000000002,1.7021302,0.3571000000000002,0.19413019847869872
0.561,0.7254999999999998,0.4282005,0.16449999999999976,0.1327994868755341
2.596,2.8816400000000004,2.5221634,0.28564000000000034,0.07383660888671884
3.189,2.9725003000000005,2.3377268,0.21649969999999952,0.8512731685638428
1.484,2.5009600000000005,1.8831098,1.0169600000000005,0.39910980796813966
2.899,2.30638,2.4481354,0.5926200000000001,0.4508646240234375
1.618,2.22392,2.3848097,0.60592,0.7668097324371337
2.55,2.1594799999999994,2.8310974,0.3905200000000004,0.28109736442565936
0.875,1.4384101000000007,1.500749,0.5634101000000007,0.6257489919662476
2.45,2.9121500000000022,2.9582388,0.46215000000000206,0.5082388401031492
3.05,3.291260199999999,3.1883683,0.24126019999999926,0.13836832046508807
2.15,2.7121402000000017,2.5717657,0.5621402000000018,0.4217656612396241
2.49,2.7786199999999983,2.6541536,0.2886199999999981,0.16415358543395975
5.00001,4.99831989999999,5.030655,0.0016901000000100197,0.03064490722656288
3.2,2.553079999999999,2.7004597,0.646920000000001,0.49954028129577654
1.74,1.8161599999999998,1.9951444,0.07615999999999978,0.2551443672180176
2.925,2.4429602,2.526227,0.4820397999999999,0.39877300262451154
5.00001,4.6540759999999946,4.8405857,0.34593400000000507,0.15942429138183556
2.899,3.074450100000001,2.9878275,0.17545010000000083,0.0888275394439697
4.384,3.6293305000000013,3.366007,0.754669499999999,1.0179929103851322
1.82,1.9011700000000007,1.7886543,0.08117000000000063,0.03134567260742194
1.705,1.9550099999999992,1.8035402,0.2500099999999992,0.09854022979736321
0.692,0.6982799999999999,0.6764334,0.006279999999999952,0.0155666155815124
0.956,1.2126499999999998,1.2012738,0.2566499999999998,0.24527379894256596
2.728,3.3840119000000004,2.9790084,0.6560119000000002,0.2510084362030027
0.813,1.7688600999999995,1.4236605,0.9558600999999995,0.6106605167388917
2.724,2.8772699999999998,2.7505856,0.15326999999999957,0.02658555603027324
1.526,1.5153300000000005,1.3136505,0.010669999999999513,0.21234951114654543
0.559,0.6948299999999997,0.6023807,0.13582999999999967,0.043380692958831735
2.135,2.155980000000002,2.0311863,0.020980000000001997,0.1038136577606199
3.313,1.7356099999999992,1.7702113,1.577390000000001,1.542788661003113
2.018,1.9935000000000003,1.9824007,0.024499999999999522,0.03559934425353983
0.571,0.6910900000000001,0.65785974,0.12009000000000014,0.08685974264144902
3.318,3.9938120999999995,4.093522,0.6758120999999995,0.7755220718383788
3.659,2.2582599999999995,2.504844,1.4007400000000003,1.1541560497283934
1.275,1.0930700000000002,0.9616861,0.1819299999999997,0.3133139252662658
1.118,0.9266899999999997,1.0064266,0.19131000000000042,0.11157342720031749
3.537,2.5328100000000004,3.0826225,1.0041899999999995,0.45437747192382805
2.293,2.4513301,2.6554835,0.1583300999999997,0.3624834842681883
0.875,0.9150799999999998,0.9147228,0.04007999999999978,0.03972280025482178
2.375,2.4939801999999993,2.822032,0.11898019999999931,0.44703197479248047
1.133,0.9541000000000004,0.8533296,0.17889999999999961,0.279670401096344
1.125,1.1170700000000007,1.0889678,0.007929999999999326,0.03603219985961914
1.385,1.1212100000000005,1.2970041,0.2637899999999995,0.08799589633941651
3.074,3.5244117999999993,3.707251,0.4504117999999995,0.6332510719299318
1.009,1.1256899999999999,1.2273325,0.11668999999999996,0.2183324728012086
0.978,0.92775,0.99263173,0.05025000000000002,0.014631733417511006
1.767,2.153520100000001,2.135635,0.38652010000000114,0.3686348991394044
2.18,2.1266400999999995,2.0078123,0.05335990000000068,0.17218773841857926
2.906,2.3511401000000007,2.5329933,0.5548598999999994,0.3730066833496095
1.577,1.81533,1.7839195,0.23833000000000015,0.2069194536209107
3.48,3.3941400999999995,3.6426687,0.08585990000000043,0.1626687240600586
0.672,0.82137,0.7087944,0.14937,0.03679441499710079
2.604,2.2699099999999994,2.4124942,0.33409000000000066,0.19150581741333017
1.236,1.3934800000000007,1.0344272,0.15748000000000073,0.20157283401489257
0.675,0.6762100000000004,0.57947177,0.0012100000000003774,0.0955282330513001
1.307,1.5287999999999997,1.5291148,0.22179999999999978,0.22211484241485602
0.66,0.8856100000000002,0.7887967,0.2256100000000002,0.1287967228889465
1.666,1.8547700000000003,1.6651385,0.18877000000000033,0.0008615169525145738
2.256,1.9891100000000004,2.1802068,0.2668899999999994,0.07579322433471658
2.571,2.19512,2.0620058,0.37588,0.5089942417144777
5.00001,4.846045999999996,4.9886847,0.15396400000000376,0.011325345764159778
1.139,1.2302899999999999,1.2771217,0.09128999999999987,0.13812166309356688
0.91,1.2596299999999996,1.3624958,0.34962999999999955,0.45249577999114987
2.174,2.0555899999999996,2.0151017,0.11841000000000035,0.15889832878112786
0.96,1.0212400000000001,1.0530112,0.06124000000000018,0.09301117897033695
1.292,1.1899600000000001,1.3265009,0.10203999999999991,0.03450089263916012
3.502,3.4661599999999995,3.2408817,0.035840000000000316,0.26111831855773904
4.421,4.947566199999996,4.8856792,0.526566199999996,0.4646792449951169
2.229,1.60897,1.5053948,0.6200300000000001,0.7236051836013795
0.813,0.8114199999999998,0.78284234,0.0015800000000001369,0.030157661914825384
1.606,1.6328500000000004,1.756716,0.026850000000000263,0.15071601295471182
5.00001,3.291600599999999,3.3310947,1.7084094000000007,1.6689152581787106
3.412,3.404161300000003,3.3751647,0.00783869999999709,0.03683525276184074
2.879,2.8645000000000005,3.0143209,0.014499999999999513,0.13532085037231445
3.447,4.511104399999997,4.8491893,1.064104399999997,1.402189281463623
1.8,1.9045399999999992,1.8666012,0.10453999999999919,0.06660122871398921
1.678,2.263700299999999,2.5595543,0.5857002999999992,0.8815543384552003
0.55,0.9154100999999996,0.81634766,0.3654100999999995,0.26634765863418575
0.508,0.5186199999999997,0.5181802,0.01061999999999974,0.010180191516876214
1.426,1.8322699999999992,2.196482,0.40626999999999924,0.7704819431304932
2.358,2.123280100000001,2.2373667,0.2347198999999991,0.12063332366943369
1.127,1.38881,1.1287484,0.2618100000000001,0.0017484169006347638
2.102,1.9999099999999987,1.9176674,0.10209000000000112,0.18433261108398424
2.107,1.091749999999999,1.2260445,1.015250000000001,0.8809554643630984
0.654,0.6325299999999998,0.5455571,0.02147000000000021,0.10844291830062869
1.625,1.6920700000000004,1.5628526,0.06707000000000041,0.06214737892150879
1.503,1.69996,1.4844139,0.19696000000000002,0.018586137771606337
5.00001,4.585725599999993,5.7098374,0.41428440000000677,0.7098274366760258
1.014,1.26344,1.0771878,0.24943999999999988,0.06318777656555175
2.218,2.7496802,2.57437,0.5316801999999998,0.3563699073791504
2.603,2.3263999999999996,2.9025292,0.2766000000000006,0.2995292396545408
1.788,1.8723300000000007,1.8461716,0.08433000000000068,0.05817161750793454
1.704,1.6384900000000002,1.6178311,0.06550999999999974,0.08616888904571529
3.194,3.6789511000000004,3.6348436,0.4849511000000004,0.44084358787536626
1.906,2.054489999999999,1.7778008,0.14848999999999912,0.12819920158386222
1.841,1.9482900000000014,2.0566137,0.10729000000000144,0.21561368370056155
1.911,2.01349,1.8164477,0.10248999999999997,0.09455226516723636
1.496,2.1667799999999993,1.6279504,0.6707799999999993,0.13195042991638184
5.00001,4.313803699999999,4.8121705,0.6862063000000003,0.18783949447631798
1.834,1.8793300000000013,1.9018061,0.0453300000000012,0.0678061161041259
4.441,3.6679000999999984,3.8373,0.7730999000000014,0.6036999378204344
2.427,2.5418700000000007,2.5393007,0.1148700000000007,0.11230068016052241
0.762,0.9717300000000003,1.0318682,0.2097300000000003,0.26986821937561034
1.329,1.5074699999999999,1.3011214,0.1784699999999999,0.02787864589691158
4.098,3.0456201000000003,2.999032,1.0523798999999996,1.0989679794311522
1.125,0.8918500000000003,1.1573272,0.23314999999999975,0.03232717514038086
3.766,3.224190099999999,3.3517535,0.541809900000001,0.41424652671813966
0.505,0.9533900000000003,1.0529914,0.4483900000000003,0.5479913902282715
5.00001,3.8395909000000006,3.829413,1.160419099999999,1.170597062835693
2.095,1.9336999999999998,1.9531493,0.16130000000000044,0.14185068130493184
0.778,0.8726999999999996,0.7467989,0.09469999999999956,0.031201127052307154
2.997,3.1576599999999995,2.9523041,0.16065999999999958,0.044695875167846566
3.75,2.4430508,2.4969625,1.3069492,1.253037452697754
1.565,1.2334000000000005,1.2193502,0.33159999999999945,0.34564978122711176
2.4,2.7366807000000004,2.4300563,0.3366807000000005,0.030056333541870206
0.772,0.8338199999999997,0.84491605,0.06181999999999965,0.07291604566574095
0.985,0.8281100000000001,0.96779746,0.15688999999999986,0.017202541828155504
5.00001,3.627051099999999,3.6636198,1.3729589000000004,1.3363902433013912
1.104,1.585030000000001,1.7045958,0.48103000000000096,0.6005958042144774
0.864,1.6236999999999995,1.0878339,0.7596999999999995,0.22383388137817384
2.304,2.416809999999998,2.1775186,0.1128099999999983,0.12648139381408674
1.639,2.105010000000001,2.0072844,0.4660100000000009,0.36828440284729
5.00001,4.483864299999994,4.7495227,0.5161457000000054,0.25048731399536095
0.495,0.7726099999999997,0.9398743,0.2776099999999997,0.4448742914199829
1.074,1.277,1.650215,0.20299999999999985,0.5762150297164916
3.625,1.7363200000000003,1.736417,1.8886799999999997,1.8885829448699951
1.45,1.41373,1.3648735,0.036270000000000024,0.08512647151947017
2.185,2.5511399999999997,2.5765693,0.3661399999999997,0.39156931877136225
1.301,1.4406100000000002,1.4967768,0.13961000000000023,0.19577681922912604
1.46,1.5736100000000004,1.6012036,0.11361000000000043,0.14120356082916263
1.525,1.0830399999999996,1.1132432,0.44196000000000035,0.4117567777633666
4.572,4.622935199999995,4.8492384,0.050935199999995184,0.2772383956909179
1.652,1.72714,1.9512025,0.07513999999999998,0.29920251178741464
3.947,3.3542008999999973,3.8808737,0.5927991000000028,0.06612631988525397
1.444,1.4226300000000003,1.4412622,0.021369999999999667,0.002737754821777294
1.366,1.1016700000000004,1.1232074,0.26432999999999973,0.2427925500869752
2.164,2.429920200000001,2.0035176,0.26592020000000094,0.1604823722839357
1.39,1.3503000000000005,1.3205822,0.0396999999999994,0.06941784858703604
1.038,1.0627199999999997,1.0022241,0.02471999999999963,0.03577591228485111
4.885,3.9219714000000017,3.8937347,0.9630285999999981,0.9912653064727781
2.271,2.5419503999999993,2.6251893,0.27095039999999937,0.35418930435180673
2.38,2.224570500000001,2.1178737,0.155429499999999,0.2621263313293456
2.156,3.008529999999999,2.570575,0.8525299999999989,0.4145749988555907
2.923,3.5395903000000004,3.0736372,0.6165903000000004,0.15063724708557125
1.459,1.4395600000000002,0.90802103,0.019439999999999902,0.5509789671897889
1.873,2.00725,2.458929,0.13424999999999998,0.5859290618896484
1.854,1.661899999999999,1.6285298,0.19210000000000105,0.22547021293640146
2.8,2.1452799999999987,2.2414298,0.6547200000000011,0.5585701942443846
1.411,1.4028899999999995,1.3387816,0.008110000000000506,0.07221840476989749
1.909,2.40873,1.9763979,0.4997299999999998,0.06739787197113034
2.625,1.8115804999999998,1.1393393,0.8134195000000002,1.4856606721878052
4.42,3.818143099999997,4.598511,0.6018569000000031,0.17851121902465827
2.748,2.9989599999999994,2.9624646,0.2509599999999992,0.2144645709991453
0.855,0.8483200000000001,0.80061173,0.006679999999999908,0.05438826560974119
2.318,2.6404300000000003,2.6799166,0.3224300000000002,0.36191662025451654
3.02,2.9721800000000007,2.80267,0.04781999999999931,0.21732999801635744
2.358,2.9854101999999996,2.8854754,0.6274101999999995,0.5274753971099853
0.722,0.9608100000000002,0.9123932,0.2388100000000002,0.19039321231842044
1.824,1.7530700000000008,1.6504828,0.07092999999999927,0.1735172262191773
5.00001,4.7783458999999935,4.9979444,0.22166410000000614,0.0020656449890132933
0.787,0.7776299999999999,0.74790245,0.0093700000000001,0.039097547054290804
1.813,2.3277800999999996,2.3485773,0.5147800999999996,0.5355772609710694
1.98,2.2296199999999997,2.053214,0.24961999999999973,0.07321407318115236
1.996,2.1844000000000006,1.9514099,0.18840000000000057,0.044590064048767086
0.633,0.8935399999999993,0.864806,0.2605399999999993,0.23180599641799926
0.94,1.2594300999999992,1.7549994,0.3194300999999993,0.8149993991851807
1.868,1.7924099999999996,1.6860428,0.07559000000000049,0.18195721435546885
1.17,1.26459,1.2808971,0.09459000000000017,0.11089714050292976
1.178,1.17677,1.2029049,0.0012299999999998423,0.024904939651489322
1.21,1.42521,1.4647454,0.21521000000000012,0.25474540233612064
2.309,1.9617600000000004,2.392077,0.34723999999999977,0.08307696914672835
4.273,4.014891599999998,4.0114207,0.258108400000002,0.26157927322387664
1.281,1.5643999999999998,1.425587,0.2833999999999999,0.14458705806732186
3.847,2.7459506000000022,3.480435,1.1010493999999977,0.3665651054382324
2.904,2.7507400000000013,2.891886,0.15325999999999862,0.01211400413513175
0.913,1.2497800000000006,1.4677666,0.3367800000000005,0.5547666425704956
0.619,0.8365299999999999,0.5772438,0.2175299999999999,0.04175619506835937
2.322,2.421389999999999,2.7516413,0.09938999999999876,0.4296412734985351
1.296,1.3009799999999998,1.1671209,0.004979999999999762,0.1288790664672852
1.275,1.0755399999999995,1.006742,0.19946000000000041,0.2682579994201659
1.505,1.6532000000000004,1.4956081,0.14820000000000055,0.009391908645629776
1.875,1.14544,1.4398652,0.72956,0.43513476848602295
4.379,4.600464699999995,4.723794,0.22146469999999585,0.3447939834594731
1.265,2.596960700000001,1.9389997,1.3319607000000009,0.6739996528625489
4.534,4.6435652999999935,4.68359,0.10956529999999365,0.14958993530273457
2.294,2.1637501999999986,2.2011654,0.13024980000000141,0.09283456230163578
3.649,3.574280800000001,3.3863862,0.07471919999999921,0.2626138439178467
1.919,2.02856,1.9566239,0.1095600000000001,0.03762391185760494
0.875,1.4967406000000003,1.8234963,0.6217406000000003,0.9484963417053223
0.3,0.8785200000000001,0.7612182,0.5785200000000001,0.4612181901931763
3.357,2.7833602999999996,3.1619015,0.5736397000000006,0.19509852600097677
2.421,2.3882999999999996,2.3838205,0.03270000000000017,0.03717946624755841
1.737,2.0530200000000005,2.1553965,0.3160200000000004,0.4183964614868163
0.541,0.53875,0.5408509,0.0022500000000000853,0.0001491222381592161
2.078,2.0740999999999996,2.3836136,0.0039000000000002366,0.3056135864257814
1.125,0.7549600000000001,0.8683221,0.3700399999999999,0.25667792558670044
1.667,1.8163000000000002,1.6942859,0.1493000000000002,0.027285869598388635
2.718,2.5581903,2.853529,0.15980969999999983,0.13552897644042972
1.411,1.5167200000000003,1.3758488,0.10572000000000026,0.03515122985839847
3.75,1.87815,2.2909944,1.87185,1.45900559425354
1.616,1.7282800000000003,1.6814625,0.11228000000000016,0.06546252632141103
1.594,2.1628199999999995,1.8344158,0.5688199999999994,0.2404157934188842
0.863,1.1271000000000004,1.06593,0.26410000000000045,0.20293000888824464
2.563,2.36828,2.4633086,0.19472000000000023,0.09969142723083513
2.132,2.1723699999999995,2.1642153,0.04036999999999935,0.032215326309203984
2.541,2.2366800000000002,2.0052965,0.3043199999999997,0.5357035312652587
1.326,1.4415999999999998,1.3113152,0.1155999999999997,0.014684821128845282
1.693,1.7609007000000003,1.847801,0.06790070000000026,0.1548009700775146
3.477,3.6288406999999996,3.5666664,0.15184069999999972,0.08966636466979994
1.597,1.5477400000000006,1.5491912,0.049259999999999415,0.047808763504028295
0.909,1.6767002,1.6652372,0.7677001999999999,0.7562371883392334
2.905,2.7051201999999988,2.6266165,0.19987980000000105,0.2783835220336912
1.899,2.4478601000000024,2.3858156,0.5488601000000024,0.48681562042236326
4.956,4.848946599999992,5.329487,0.10705340000000874,0.3734868469238277
3.333,3.6912512,3.7147956,0.35825119999999977,0.3817955894470213
1.838,1.8577999999999992,1.9365499,0.01979999999999915,0.0985499019622802
1.89,1.8104199999999995,1.8074094,0.07958000000000043,0.08259059429168691
1.575,1.3887300000000002,1.2204266,0.1862699999999997,0.35457344055175777
0.666,0.6373800000000002,0.63573855,0.028619999999999868,0.030261448383331335
1.324,1.5913900000000012,1.521596,0.2673900000000011,0.19759595489501947
1.56,1.5882500000000002,1.8212776,0.02825000000000011,0.26127761840820307
3.481,2.7846601,2.9286945,0.6963398999999999,0.5523055133819579
2.264,2.729900099999999,2.4885492,0.4659000999999994,0.22454923248291037
0.742,1.0913700999999996,1.0506825,0.3493700999999996,0.30868254470825196
1.583,1.8610803999999996,2.2047484,0.2780803999999997,0.6217483921051026
5.00001,4.989979899999989,5.073289,0.010030100000010478,0.07327891754150428
1.655,1.9018499999999994,1.8605717,0.24684999999999935,0.20557174205780027
3.295,2.6633799999999996,2.8344417,0.6316200000000003,0.46055833816528313
1.396,1.68566,1.427635,0.28966000000000003,0.03163495445251474
1.529,1.4162500000000002,1.4783013,0.11274999999999968,0.05069871330261222
3.673,2.7805705000000005,3.1237762,0.8924294999999995,0.5492238025665284
0.7,0.7769700000000002,0.8666016,0.0769700000000002,0.16660158634185795
0.974,1.1444599999999996,1.2363364,0.1704599999999996,0.262336350440979
0.659,1.0038599999999998,0.7664118,0.3448599999999997,0.10741178131103513
0.493,0.5104299999999999,0.46767527,0.017429999999999946,0.025324731349945062
1.541,1.66913,1.6346011,0.12813000000000008,0.09360111618042
2.728,2.10221,1.9491898,0.6257900000000003,0.778810217857361
2.471,2.8213900000000005,2.6536415,0.3503900000000004,0.18264146232604972
2.688,2.17385,1.9702436,0.5141500000000003,0.7177564268112184
2.476,2.0832899999999994,2.1989703,0.39271000000000056,0.2770296821594238
4.168,3.3778303,3.6266737,0.7901697000000003,0.5413263015747072
1.216,1.19818,1.1438745,0.017819999999999947,0.07212547397613522
1.717,1.6338400000000006,1.7150543,0.08315999999999946,0.001945726394653402
1.738,2.231779999999999,2.2029834,0.4937799999999992,0.4649833793640137
2.356,2.5998304999999995,2.752794,0.24383049999999962,0.39679402732849134
2.601,2.804730100000001,3.044126,0.2037301000000009,0.443126033782959
2.0,1.9978999999999993,2.0902975,0.002100000000000657,0.09029746055603027
2.966,2.4821000000000004,2.4632041,0.4838999999999998,0.5027958545684816
3.746,2.4008400000000005,2.7710228,1.3451599999999995,0.9749772033691406
1.778,2.3557700999999995,2.0134985,0.5777700999999995,0.23549854469299314
2.695,2.8356399999999997,2.539134,0.14063999999999988,0.15586597442626937
0.62,0.8053000000000003,0.92825943,0.18530000000000035,0.3082594323158264
1.976,2.074039999999999,2.1374323,0.09803999999999924,0.161432336807251
0.527,0.6545399999999997,0.6060968,0.12753999999999965,0.07909680414199827
1.914,1.8964500000000002,1.9836279,0.017549999999999732,0.06962791538238533
3.177,3.1331099999999963,3.3586547,0.04389000000000376,0.18165473747253413
3.294,2.744830100000002,2.7000055,0.5491698999999981,0.5939944686889649
3.307,3.830420699999999,3.8456092,0.5234206999999991,0.538609188079834
1.874,2.16178,1.9969709,0.2877799999999997,0.12297089195251454
2.865,2.1919400000000007,2.0908606,0.6730599999999995,0.774139394760132
5.00001,2.025550700000001,1.7235017,2.9744592999999986,3.2765083177185055
1.339,1.8753199999999999,1.7588708,0.5363199999999999,0.41987084007263187
1.998,2.1236400000000017,2.250012,0.12564000000000175,0.2520119209289551
0.45,0.6585699999999999,0.566699,0.20856999999999987,0.11669902801513671
3.546,3.0764400000000007,3.458938,0.4695599999999991,0.08706211662292462
2.638,2.6789,3.1472805,0.04090000000000016,0.5092804546356202
2.784,2.5330099999999995,2.2374375,0.25099000000000027,0.5465625133514402
1.604,1.5573300000000003,1.6257023,0.04666999999999977,0.02170226192474356
2.413,2.6373100999999988,2.9046621,0.22431009999999896,0.4916621322631838
2.083,2.0538200000000004,1.1509441,0.02917999999999976,0.9320558862686159
2.636,2.667189999999999,2.821404,0.03118999999999872,0.18540398025512683
1.45,1.6513000000000002,1.7124594,0.20130000000000026,0.26245944499969487
1.325,1.6225999999999996,1.2377393,0.29759999999999964,0.08726067543029781
1.838,1.9139399999999993,2.0994382,0.07593999999999923,0.261438190460205
0.811,0.8018500000000002,0.8974412,0.00914999999999988,0.08644120836257929
1.765,1.8656699999999986,2.0226262,0.1006699999999987,0.2576261615753175
2.555,2.1463902000000012,2.157608,0.4086097999999989,0.39739196777343766
1.661,2.17446,2.0768294,0.5134599999999998,0.4158294334411621
1.02,1.5370700000000002,1.3703119,0.5170700000000001,0.3503118562698364
0.861,1.2258799999999996,0.9222081,0.36487999999999965,0.061208070755004895
1.006,0.9429599999999997,0.92925185,0.06304000000000032,0.07674815034866334
5.0,3.9521920999999987,4.0560946,1.0478079000000013,0.9439053535461426
2.099,2.618740399999999,2.234859,0.519740399999999,0.13585898971557597
0.525,0.7975999999999998,0.5617215,0.27259999999999973,0.0367215037345886
2.629,2.2599099999999996,2.316742,0.36909000000000036,0.312258056640625
1.588,1.5260600000000002,1.0683827,0.061939999999999884,0.5196172599792481
2.095,2.0554499999999987,1.6986445,0.03955000000000153,0.3963554811477663
3.5,2.07576,2.3467662,1.4242400000000002,1.1532337665557861
2.171,2.3443600000000004,2.00518,0.17336000000000062,0.16582011795043927
1.414,1.3030399999999995,1.5965365,0.11096000000000039,0.1825365171432496
0.934,1.04519,1.1512626,0.11119000000000001,0.2172626409530639
1.982,1.7983400000000003,1.6740305,0.1836599999999997,0.30796945762634276
1.872,1.6866999999999999,1.580533,0.18530000000000024,0.2914669723510743
1.853,1.9560099999999978,1.4410522,0.10300999999999783,0.4119478015899658
5.00001,4.319687099999993,4.6384077,0.6803229000000064,0.36160229278564415
2.813,1.962069999999999,2.2493253,0.8509300000000011,0.5636747245788576
1.036,1.1141899999999998,1.0466819,0.07818999999999976,0.010681880950927702
2.879,2.766679999999999,3.0789213,0.11232000000000086,0.19992131805419922
2.083,2.1438800999999996,1.8564534,0.06088009999999944,0.22654658126831073
1.75,3.2867505,2.43574,1.5367505000000001,0.6857399940490723
1.327,1.16466,0.8848652,0.16233999999999993,0.4421347756385803
1.72,1.8242599999999993,1.6451007,0.10425999999999935,0.07489928722381589
5.00001,4.901236299999995,4.819699,0.09877370000000418,0.18031118942260704
0.64,0.7478600000000002,0.75806636,0.10786000000000018,0.11806635618209838
2.279,2.1125999999999996,2.12461,0.16640000000000033,0.15439005279541007
0.631,0.70381,0.6440246,0.07281000000000004,0.013024610519409174
0.841,1.04202,0.9778758,0.20101999999999998,0.136875828742981
3.392,3.1337907999999985,2.814708,0.25820920000000136,0.5772920055389403
1.563,0.9371599999999995,0.8229475,0.6258400000000004,0.7400524978637695
3.836,3.610111699999997,3.8848877,0.22588830000000293,0.048887695312500146
1.371,1.4618499999999996,1.3700161,0.09084999999999965,0.000983901977539059
0.568,0.77118,0.74594367,0.20318000000000003,0.17794366550445562
0.7,0.9380099999999998,0.8325265,0.23800999999999983,0.13252650499343877
0.963,0.87673,0.78130275,0.08626999999999996,0.18169724988937375
0.926,1.4435299999999995,1.5271646,0.5175299999999995,0.6011645784378051
3.591,3.3668000000000005,3.2709992,0.22419999999999973,0.32000080680847187
1.587,1.8730799999999996,1.8586664,0.28607999999999967,0.2716664199829102
5.00001,4.526644299999997,4.1956534,0.4733657000000022,0.8043565614318844
1.146,1.8962199999999994,1.9338311,0.7502199999999994,0.7878310956954957
4.102,3.7252901000000014,3.572203,0.37670989999999893,0.529797079086304
2.819,2.3730500000000005,2.5843544,0.4459499999999994,0.23464559936523433
1.017,1.2588799999999996,1.2020496,0.24187999999999965,0.1850496129989625
1.693,1.8840699999999995,1.7890184,0.1910699999999994,0.09601839256286615
2.078,2.2093900999999994,1.9302948,0.1313900999999995,0.14770524787902817
3.272,3.4477108999999997,3.463896,0.1757108999999999,0.1918960361480715
2.779,2.6609299999999996,3.0804133,0.11807000000000034,0.3014133415222169
1.114,0.9952100000000003,1.0985992,0.11878999999999984,0.015400804519653422
0.806,0.96461,1.0352328,0.15860999999999992,0.22923278236389155
2.075,2.7669909,2.4245625,0.6919909,0.34956245422363263
2.753,2.423640000000002,2.3647494,0.3293599999999981,0.3882505683898927
4.21,3.3233805000000016,3.3752432,0.8866194999999983,0.8347568130493164
1.288,1.9014000999999996,1.2995241,0.6134000999999996,0.011524068832397427
3.139,3.191510300000001,2.91944,0.05251030000000112,0.21955996894836405
0.676,0.7962500000000002,0.79724777,0.12025000000000019,0.12124776744842525
0.644,0.71229,0.629021,0.06828999999999996,0.01497901105880739
1.539,1.6219500000000002,1.5738184,0.0829500000000003,0.03481844520568855
1.307,1.2921399999999996,1.1740491,0.014860000000000317,0.1329508609771728
2.385,3.1282604999999997,3.0417407,0.7432604999999999,0.6567406558990481
3.796,4.141393999999999,4.0207086,0.3453939999999993,0.2247085609436037
1.465,2.311011,1.8201013,0.8460110000000001,0.35510126113891594
1.503,1.8750599999999997,1.6487023,0.37205999999999984,0.1457022638320924
0.803,1.1405705,1.3830222,0.3375704999999999,0.5800221891403198
2.933,1.3500800000000002,1.3524547,1.5829199999999997,1.5805453376770018
2.88,3.1178800000000013,3.0349915,0.23788000000000142,0.15499150276184093
1.441,1.50274,1.8883333,0.061739999999999906,0.4473333206176757
1.27,1.4453200000000002,1.2763611,0.17532000000000014,0.006361107826232892
1.521,1.9568699999999994,1.7693647,0.43586999999999954,0.24836471462249765
1.568,1.4589899999999993,1.5129488,0.10901000000000072,0.0550512485504151
1.049,1.3292000000000002,0.9206897,0.2802000000000002,0.12831029796600335
5.00001,5.000009999999989,4.96421,1.0658141036401503e-14,0.035799966583251575
1.344,1.4880500000000005,1.4178756,0.14405000000000046,0.07387564754486076
5.00001,4.987319799999989,5.2894917,0.012690200000010421,0.2894816534423832
2.728,2.8685900000000015,2.6925166,0.14059000000000133,0.035483434677124226
1.516,1.0937899999999998,1.0061865,0.4222100000000002,0.5098135147094727
3.626,2.966950200000001,3.3910594,0.6590497999999987,0.23494060134887684
1.692,2.3761199999999985,2.1733503,0.6841199999999985,0.4813503341674805
1.404,1.7621500000000003,1.7063618,0.3581500000000004,0.3023617706298829
0.437,0.4933299999999998,0.5462089,0.056329999999999825,0.10920891809463501
1.36,1.9093900999999993,1.5968548,0.5493900999999992,0.23685480594635
2.644,2.397570000000001,2.7873106,0.24642999999999926,0.1433106002807616
1.522,1.8883899999999993,1.9017504,0.3663899999999993,0.37975044536590574
1.375,2.3552702999999995,2.6807923,0.9802702999999995,1.3057923316955566
2.147,1.7857899999999995,1.8150072,0.36121000000000025,0.33199279022216777
1.709,2.2428599999999985,1.9111959,0.5338599999999984,0.2021958742141723
2.362,2.2782400000000007,2.4374192,0.08375999999999939,0.07541917610168447
2.978,2.580610000000001,2.757034,0.39738999999999924,0.2209659366607668
0.885,1.0806500000000003,1.1362273,0.19565000000000032,0.2512272500991821
1.276,1.2100799999999998,1.2288781,0.0659200000000002,0.0471218595504761
0.802,0.8855300000000002,0.9654305,0.0835300000000001,0.1634304981231689
3.06,3.3435502999999978,3.2538445,0.2835502999999977,0.19384449958801264
4.364,2.5499799999999997,2.4791915,1.8140200000000002,1.884808458328247
2.389,2.14486,2.2761102,0.2441399999999998,0.11288982772827127
2.317,2.9115902000000005,3.3602495,0.5945902000000003,1.0432495193481444
1.229,1.3421500000000004,1.470777,0.1131500000000003,0.2417770347595214
2.182,2.3222299999999994,2.1333573,0.1402299999999994,0.04864271354675287
3.97,4.95747949999999,4.4598246,0.9874794999999899,0.4898245620727537
2.603,1.7451500000000004,1.7456654,0.8578499999999998,0.8573345689773562
4.357,3.7757404000000014,3.835973,0.5812595999999988,0.5210269756317141
1.64,1.6283600000000005,1.3483548,0.011639999999999429,0.2916451835632323
4.405,3.1686899999999976,3.4537516,1.2363100000000027,0.9512484359741213
0.854,0.8869199999999998,1.1247472,0.03291999999999984,0.2707471570968628
1.019,1.0305700000000002,1.0792631,0.011570000000000302,0.0602630910873414
1.594,2.7310804,2.4634254,1.1370804,0.8694253978729247
1.903,2.691180300000001,2.3934927,0.7881803000000009,0.49049269866943357
1.0,0.8221299999999999,0.6981704,0.17787000000000008,0.30182957649230957
1.396,1.5165600000000001,1.6771157,0.12056000000000022,0.28111567878723154
5.00001,5.000009999999989,4.9943314,1.0658141036401503e-14,0.005678640136718371
1.545,2.7294003,2.4603584,1.1844003,0.9153583812713624
1.705,1.756240000000001,1.9630333,0.05124000000000084,0.2580333185195922
1.106,0.9747600000000003,1.2210629,0.1312399999999998,0.11506289863586416
1.912,2.8560499999999998,2.6747534,0.9440499999999998,0.7627534275054932
2.872,3.6142707999999995,3.7620447,0.7422707999999996,0.890044668197632
1.501,1.3859700000000006,1.3364946,0.1150299999999993,0.1645054349899291
2.383,2.3636100000000004,2.2662103,0.019389999999999574,0.11678968238830567
1.542,1.60094,1.9861574,0.05893999999999999,0.44415741729736324
2.805,2.4642100000000005,2.54177,0.3407899999999997,0.2632300186157228
1.619,1.7089500000000006,1.702588,0.08995000000000064,0.08358796215057374
2.656,2.923320200000001,2.771923,0.2673202000000008,0.11592306518554674
1.227,1.3683700000000005,1.268675,0.14137000000000044,0.04167496967315665
2.312,2.385530000000001,2.438852,0.0735300000000012,0.12685207176208513
3.191,2.6845499999999993,2.7630186,0.5064500000000005,0.4279813919067381
2.313,2.3287299999999997,2.2198083,0.015729999999999578,0.09319165992736833
5.00001,4.743495699999993,4.8568163,0.2565143000000063,0.1431937081909176
1.212,1.2826100000000002,1.0247144,0.07061000000000028,0.18728564929962155
2.225,2.3444699999999994,2.1307492,0.1194699999999993,0.09425077438354501
4.5,2.983600900000001,2.6523027,1.5163990999999988,1.8476972579956055
1.021,1.0003299999999995,1.0254123,0.02067000000000041,0.0044123210906983346
2.012,1.9008399999999994,1.8056227,0.11116000000000059,0.20637730312347413
1.042,1.1836600000000004,1.115306,0.14166000000000034,0.07330601978301998
5.00001,5.000009999999989,5.069536,1.0658141036401503e-14,0.06952620910644569
1.32,1.36163,1.3844632,0.041629999999999834,0.0644631910324096
2.211,2.151649999999999,2.3459604,0.05935000000000068,0.13496037864685073
1.516,1.3999299999999995,1.1819516,0.11607000000000056,0.334048357963562
1.469,1.78163,1.8369095,0.31262999999999996,0.367909532546997
1.512,1.6514099999999998,1.7665693,0.1394099999999998,0.2545692567825317
1.651,1.6511700000000014,1.6599476,0.00017000000000133575,0.00894763374328611
2.136,3.034830699999999,2.455357,0.8988306999999991,0.3193570747375487
2.135,2.42952,2.317313,0.29452000000000034,0.18231295585632346
5.00001,4.243332599999997,4.1948123,0.7566774000000027,0.8051977021789547
4.38,3.8115004000000003,3.6798759,0.5684995999999995,0.7001241493225097
1.838,1.8444699999999994,2.0280406,0.00646999999999931,0.1900406475067138
3.5,4.008181499999997,3.6488578,0.5081814999999974,0.14885783195495605
1.593,1.2384599999999997,1.2482611,0.3545400000000003,0.3447389059066772
1.291,1.2674900000000004,1.3655202,0.023509999999999476,0.07452023887634285
0.766,0.6194900000000003,0.46412167,0.1465099999999997,0.3018783304691315
2.25,1.9778300000000002,2.0912235,0.2721699999999998,0.15877652168273926
2.308,2.0942999999999987,2.136631,0.2137000000000011,0.1713689880371092
4.318,4.172421700000001,4.225659,0.1455782999999986,0.09234110641479454
1.91,3.22349,1.9468101,1.31349,0.036810126304626545
0.847,1.0084600000000001,1.0078597,0.16146000000000016,0.16085970687866213
1.525,1.6385499999999993,1.538036,0.11354999999999937,0.013035988807678311
0.676,0.6208500000000001,0.6876507,0.05514999999999992,0.011650680541992142
1.982,2.1556200000000016,1.9755014,0.17362000000000166,0.006498581886291488
3.063,2.185029999999999,2.3790734,0.8779700000000012,0.68392661857605
1.221,1.2036000000000002,1.4348584,0.01739999999999986,0.21385844135284415
2.761,2.077,1.9281625,0.6840000000000002,0.8328375444412233
1.03,1.05281,1.1530464,0.022809999999999997,0.12304636955261228
4.091,2.9262302,3.1575885,1.1647698000000002,0.933411518096924
1.352,1.48451,1.5740408,0.1325099999999999,0.2220407705307006
1.216,1.77335,1.5639645,0.55735,0.3479644861221314
1.828,1.722359999999999,1.6725012,0.10564000000000107,0.15549879360198982
2.28,2.4697200999999995,2.0515678,0.18972009999999973,0.22843220710754375
1.1,1.1297999999999997,1.0548706,0.029799999999999605,0.04512939453125009
1.112,1.06188,1.0649475,0.050120000000000164,0.04705251407623301
0.847,0.7073999999999998,0.72485477,0.13960000000000017,0.12214523267745969
4.473,4.403084199999996,4.597872,0.06991580000000397,0.12487178039550795
0.883,1.02644,0.92044944,0.14344,0.037449435710906975
0.871,0.7847799999999997,0.9440906,0.0862200000000003,0.0730906047821045
1.875,1.9490399999999997,1.9312736,0.07403999999999966,0.056273579597473145
1.469,1.7136599999999986,1.738488,0.24465999999999855,0.26948795890808097
1.031,1.1785499999999998,1.0781094,0.14754999999999985,0.04710938358306893
3.437,3.6991805000000024,3.3663592,0.2621805000000026,0.07064076614379866
0.982,1.2127001999999998,1.4465235,0.2307001999999998,0.4645235471725464
2.625,1.8159999999999994,1.754143,0.8090000000000006,0.8708570003509521
0.774,0.93852,0.9926532,0.16452,0.2186531910896301
1.351,1.5146799999999998,1.3253808,0.16367999999999983,0.025619197845458963
1.347,1.3958899999999994,1.4234313,0.048889999999999434,0.07643127727508547
2.313,1.4396400000000003,2.0171797,0.8733599999999999,0.2958202724456789
1.586,1.5952199999999996,1.5332923,0.009219999999999562,0.05270770645141609
1.016,1.1118600000000003,0.9807441,0.09586000000000028,0.03525587654113771
1.22,1.3999500000000007,1.436455,0.17995000000000072,0.21645501136779788
3.8,3.6282110999999992,3.4405973,0.17178890000000058,0.3594027042388914
1.894,1.6564699999999999,1.7444562,0.23753000000000002,0.149543828010559
4.4,3.1402908,3.8243442,1.2597092000000005,0.5756558418273929
0.7,0.8114999999999998,0.8478464,0.11149999999999982,0.14784638881683354
0.7,0.6507500000000002,0.6468394,0.049249999999999794,0.05316061973571773
3.335,3.2910400999999996,3.4020436,0.043959900000000385,0.06704358100891117
1.018,1.2290399999999986,1.1731225,0.21103999999999856,0.1551225252151489
5.00001,4.9998698999999895,5.1018515,0.00014010000001007938,0.10184146331787147
3.605,3.369320500000001,3.523944,0.23567949999999893,0.08105609893798826
1.695,1.93438,2.0819802,0.23937999999999993,0.3869802284240722
2.056,1.7768299999999995,1.7398351,0.2791700000000006,0.3161648569107056
1.663,1.9320700000000008,1.8183346,0.2690700000000008,0.1553345794677734
0.325,0.9444800000000003,0.9676194,0.6194800000000003,0.6426194190979004
3.627,2.8855699999999995,2.9535391,0.7414300000000003,0.6734608669281004
1.745,1.53203,1.4068211,0.2129700000000001,0.3381788682937623
1.976,1.82957,1.8060861,0.14643000000000006,0.1699139366149902
1.83,2.20518,1.8348716,0.37517999999999985,0.004871649742126394
1.583,1.6516400000000004,1.5749888,0.06864000000000048,0.008011157989501916
1.002,1.20287,1.2903877,0.2008700000000001,0.28838774967193603
0.875,1.0129800999999996,0.584767,0.1379800999999996,0.2902330160140991
4.611,3.775312199999998,3.7693908,0.8356878000000019,0.8416091785430906
1.902,2.590210100000001,2.2986517,0.6882101000000012,0.39665169525146493
2.323,2.09795,1.9043242,0.22504999999999997,0.4186758260726928
2.216,2.428319999999999,2.4320588,0.21231999999999873,0.21605881118774395
2.269,2.0127200999999997,2.5446687,0.25627990000000045,0.275668674468994
2.242,2.379369999999999,2.2616117,0.13736999999999888,0.019611700057983406
1.198,1.3045900000000008,1.2364389,0.10659000000000085,0.03843887042999272
0.782,0.8933700000000003,0.9303853,0.1113700000000003,0.14838529157638547
1.651,1.5053799999999995,1.4976884,0.14562000000000053,0.15331158733367922
2.139,4.507235899999993,2.614994,2.3682358999999935,0.47599404907226583
0.697,0.7653799999999997,0.9384047,0.06837999999999977,0.24140467929840093
1.058,1.1872099999999997,1.2222211,0.1292099999999996,0.1642211360931396
0.75,1.1821601000000002,0.85047364,0.43216010000000016,0.10047364234924316
0.917,1.61955,1.3130548,0.70255,0.3960548000335693
2.695,2.9451112000000013,3.1097496,0.2501112000000014,0.4147495555877687
0.682,0.6741399999999994,0.594887,0.007860000000000644,0.0871129817962647
1.658,1.8011799999999996,1.6440794,0.14317999999999964,0.01392055320739738
1.546,2.142930500000001,1.5395665,0.5969305000000011,0.006433483123779338
4.727,3.9791602999999984,4.1270666,0.7478397000000019,0.599933387756348
3.459,3.8739415999999967,4.250227,0.4149415999999966,0.7912269744873046
2.307,2.427759999999999,2.325607,0.12075999999999887,0.01860706138610846
3.0,2.4398303000000006,2.3496828,0.5601696999999994,0.6503171920776367
2.494,1.8542000000000005,2.1765091,0.6397999999999997,0.31749085807800315
4.357,4.1769719999999975,4.2043386,0.18002800000000274,0.15266144943237325
2.258,2.6949606,2.3489368,0.4369605999999999,0.09093679618835449
1.75,1.5047299999999992,2.208837,0.24527000000000077,0.45883703231811523
1.784,1.4327799999999997,1.3856535,0.3512200000000003,0.3983465042114258
2.76,1.93527,2.324602,0.8247299999999997,0.4353981113433836
1.159,1.0972899999999994,1.1229315,0.0617100000000006,0.036068519592285186
2.143,1.9521199999999999,1.5170308,0.19087999999999994,0.6259691648483274
1.183,1.0520998999999995,1.1688633,0.13090010000000052,0.014136703491210989
5.00001,3.031940099999998,3.4161348,1.9680699000000015,1.5838751657104488
1.521,1.5903499999999995,1.718956,0.06934999999999958,0.19795599365234384
1.404,1.6630500000000006,1.5197518,0.25905000000000067,0.11575178718566903
2.226,2.253030000000002,2.1698415,0.027030000000002108,0.056158472061157205
4.445,3.3182500999999998,3.5930192,1.1267499000000005,0.8519807529449466
5.0,3.876201299999999,4.5875454,1.123798700000001,0.41245460510253906
1.633,1.3986199999999998,1.4527118,0.23438000000000025,0.18028817939758301
1.938,2.5163210000000005,2.3412607,0.5783210000000005,0.40326067161560064
0.905,0.9118699999999998,0.9580924,0.006869999999999821,0.05309239149093625
1.152,1.1506700000000007,1.1873802,0.0013299999999991652,0.03538019466400155
1.47,1.3874800000000003,1.1942644,0.0825199999999997,0.27573558807373044
2.739,2.4840900000000006,2.4571812,0.2549099999999993,0.281818784713745
1.909,1.9573099999999988,1.6925186,0.04830999999999874,0.2164814081192017
0.748,0.6958,0.9042208,0.052200000000000024,0.1562208194732666
5.00001,2.6665605000000006,2.9551616,2.333449499999999,2.044848428497314
1.185,1.2232999999999996,1.2663271,0.03829999999999956,0.08132714271545405
5.00001,2.8126003999999982,2.5752878,2.1874096000000014,2.424722181091308
0.55,2.2973699999999995,1.9211535,1.7473699999999994,1.3711535453796386
0.584,0.8103400000000004,0.68377155,0.22634000000000043,0.09977155065536503
0.958,1.4060999999999995,1.1917814,0.4480999999999995,0.23378140163421635
0.992,1.1826799999999997,1.3108715,0.19067999999999974,0.3188714818954468
1.674,2.04808,2.1530702,0.3740800000000002,0.47907021141052253
0.705,0.76748,0.63953793,0.06248000000000009,0.06546206951141353
0.675,0.8261000000000002,0.69819814,0.15110000000000012,0.023198139667510942
0.757,0.9252299999999998,0.9016131,0.16822999999999977,0.14461311626434326
1.83,1.72292,1.9083117,0.10708000000000006,0.07831172466278069
5.00001,5.000009999999989,4.830462,1.0658141036401503e-14,0.1695480210876461
0.973,1.0236599999999998,1.0881445,0.050659999999999816,0.11514454078674319
2.3,2.8553609000000004,2.5946846,0.5553609000000006,0.2946846008300783
0.829,0.9742999999999998,1.0832281,0.14529999999999987,0.2542281112670899
0.522,0.6949699000000001,0.61927044,0.17296990000000012,0.09727044391632078
1.148,1.2015899999999997,1.1331967,0.053589999999999804,0.014803288459777741
0.88,0.9920900000000001,0.660364,0.11209000000000013,0.21963602781295777
2.242,1.8099899999999993,1.783768,0.43201000000000067,0.45823194217681884
1.5,1.574300000000001,1.5217388,0.07430000000000092,0.021738767623901367
3.417,3.358330999999999,2.857576,0.05866900000000097,0.5594241065979002
1.817,2.306200100000001,2.1161122,0.48920010000000125,0.299112232208252
1.406,2.0984099999999986,2.2001789,0.6924099999999986,0.7941788616180421
0.727,0.8363400000000003,0.85603106,0.10934000000000033,0.12903106021881106
2.109,2.051860600000001,2.0270712,0.057139399999999174,0.08192876243591307
0.977,1.2791700000000006,1.2635729,0.3021700000000006,0.28657293128967287
1.097,1.1711799999999999,1.2064776,0.07417999999999991,0.1094776420593262
1.656,2.3085902999999997,2.0993097,0.6525902999999997,0.4433096828460694
2.306,2.509719999999999,2.2668965,0.2037199999999988,0.03910351371765142
1.638,1.8692799999999996,1.9087051,0.2312799999999997,0.27070511531829844
0.958,0.7857100000000004,1.391192,0.1722899999999996,0.43319195938110355
0.481,0.75169,0.65130335,0.27069,0.17030335092544557
0.444,0.5262100000000001,0.504507,0.08221000000000006,0.060507005214691156
2.379,2.1850199999999993,2.1306033,0.1939800000000007,0.24839668655395508
2.848,3.8066315999999967,3.5391848,0.9586315999999968,0.6911848087310792
1.648,1.3752400000000002,1.436508,0.27275999999999967,0.21149194049835196
2.0,1.5783500000000004,1.5649412,0.42164999999999964,0.4350588321685791
0.778,0.7931700000000003,0.8594467,0.015170000000000239,0.08144670438766477
1.86,1.89792,1.731575,0.037919999999999954,0.12842498779296885
1.697,1.68308,1.6497896,0.013920000000000154,0.0472104282379151
4.188,2.5329502000000006,2.7336285,1.6550497999999991,1.4543714885711667
0.733,1.07415,0.7292856,0.34114999999999995,0.003714402198791489
0.87,0.9736999999999995,1.102118,0.10369999999999946,0.23211801528930665
1.682,2.073550000000001,1.7557372,0.39155000000000095,0.07373718547821051
1.543,1.67214,1.6870056,0.12914000000000003,0.14400563907623298
2.25,3.4564018999999977,3.4232233,1.2064018999999977,1.1732232570648193
3.33,3.1239901,3.0902658,0.2060099000000002,0.2397342491149903
2.259,2.5202901000000004,2.2693384,0.2612901000000005,0.010338369369506939
1.381,1.5256900000000004,1.5685655,0.14469000000000043,0.1875654878616333
1.127,1.10546,1.1661677,0.021539999999999893,0.039167736053466795
2.316,2.4082101000000025,1.979422,0.09221010000000263,0.33657802677154525
4.191,2.6472399999999987,2.9808247,1.5437600000000011,1.2101752910614012
2.211,2.0277099999999995,1.9942226,0.1832900000000004,0.21677735900878892
1.554,1.9635906000000014,1.7457085,0.40959060000000136,0.19170846557617183
1.517,1.67105,1.5600171,0.15405000000000002,0.043017108917236424
2.489,2.8335500000000002,2.3350663,0.34455000000000036,0.153933681488037
1.532,1.3164300000000009,1.2502297,0.21556999999999915,0.2817702836990357
1.265,1.3072200000000003,1.3211222,0.04222000000000037,0.056122169494629004
2.4,3.121070400000002,2.617646,0.7210704000000021,0.2176459789276124
1.861,1.8718099999999998,2.0745351,0.010809999999999764,0.21353513145446779
5.00001,3.690580599999998,4.5490823,1.3094294000000017,0.45092772079467736
1.816,2.035850299999999,1.9766767,0.21985029999999894,0.1606767024993896
1.781,2.4335601000000002,2.4788303,0.6525601000000003,0.6978303375244141
0.692,0.9363099999999995,0.8500206,0.24430999999999958,0.15802058744430547
0.668,0.7054499999999997,0.68708336,0.03744999999999965,0.01908336353301998
5.00001,4.96266899999999,5.059123,0.037341000000009394,0.05911303924560585
1.813,1.8936802000000004,1.5879363,0.08068020000000042,0.225063717842102
3.964,4.653033799999996,4.539147,0.6890337999999958,0.575146900177002
1.875,2.4431799999999995,2.1015494,0.5681799999999995,0.22654938697814941
2.979,2.7626699999999995,3.125811,0.21633000000000058,0.14681110000610342
3.454,3.894134199999998,4.4216595,0.4401341999999979,0.967659469604492
2.451,2.4091,2.63048,0.04190000000000005,0.17948005104064935
1.055,1.0753899999999996,1.0008844,0.020389999999999686,0.05411558628082269
1.011,0.7207000000000001,0.62556636,0.2902999999999998,0.38543363666534414
1.417,2.0102900000000004,1.287202,0.5932900000000003,0.12979799938201908
4.309,3.765632499999998,3.4581645,0.5433675000000022,0.8508355464935304
2.863,2.60695,2.3291118,0.2560500000000001,0.5338881855010986
1.13,1.0336799999999997,0.980757,0.09632000000000018,0.1492430019378661
4.667,3.613150799999998,4.1304255,1.053849200000002,0.5365745468139647
1.686,1.76591,1.7380074,0.07991000000000015,0.05200742626190191
3.605,3.2999001000000003,3.3562667,0.30509989999999965,0.24873326301574705
2.564,2.7353001,2.8372166,0.17130009999999984,0.2732166156768798
1.139,1.4537600000000006,1.703116,0.3147600000000006,0.5641160593032837
3.504,4.242762699999999,3.8601832,0.7387626999999992,0.3561832389831543
2.091,2.2767801000000003,2.030685,0.18578010000000011,0.060315052032470895
1.315,1.9023100000000002,1.7459434,0.5873100000000002,0.4309434270858765
2.167,2.7555101000000004,2.2457757,0.5885101000000006,0.0787756996154787
1.013,1.0949300000000006,1.1530212,0.08193000000000072,0.1400212163925172
2.028,2.2025100000000006,2.1408534,0.1745100000000006,0.11285340499877927
1.176,1.4140899999999994,1.3812919,0.23808999999999947,0.2052918663024903
2.926,2.6048599999999995,3.1140327,0.32114000000000065,0.18803274536132797
5.00001,4.9722497999999895,5.2297497,0.027760200000010116,0.22973967956543007
1.303,1.3500900000000005,1.1020455,0.04709000000000052,0.20095446395874017
0.924,0.7585999999999997,0.74199384,0.16540000000000032,0.1820061554908753
1.125,1.1328200000000002,1.1054459,0.00782000000000016,0.01955413818359375
1.542,1.7638899999999997,1.9697402,0.2218899999999997,0.42774015235900875
1.04,0.86122,0.7863992,0.17878000000000005,0.2536008143424988
1.216,1.8402399999999985,2.0550475,0.6242399999999986,0.8390475120544434
2.063,1.7692602,1.7513709,0.2937398000000002,0.3116290931701662
1.083,1.5243802,1.4657133,0.4413802,0.38271326255798344
3.494,3.490320299999999,3.161785,0.0036797000000010627,0.33221511268615744
0.833,0.8530499000000006,0.7387079,0.02004990000000062,0.09429209995269772
2.458,2.623590000000001,2.787427,0.1655900000000008,0.3294269485473631
0.915,1.9145300000000012,2.0507379,0.9995300000000011,1.1357378578186035
5.00001,4.996949899999989,4.9228487,0.003060100000010557,0.07716129852294884
5.00001,3.490671199999998,3.260476,1.5093388000000014,1.739533887634277
1.905,1.6191900000000001,1.7887768,0.2858099999999999,0.11622324466705325
1.083,0.9383300000000004,0.93284565,0.14466999999999952,0.1501543478965759
0.896,1.1429299999999998,1.1020881,0.24692999999999976,0.20608809375762938
5.00001,5.000009999999989,4.8360405,1.0658141036401503e-14,0.16396950317382775
0.946,1.3871999999999993,1.3087386,0.44119999999999937,0.36273858928680425
0.675,3.400090799999999,2.6484613,2.7250907999999994,1.9734613418579101
1.775,2.281799999999999,2.0068164,0.5067999999999993,0.23181638717651376
2.613,2.71902,2.8157926,0.10602,0.2027925605773926
5.00001,2.23175,2.2153141,2.7682599999999997,2.7846958501434322
1.684,1.9263300000000003,1.9182955,0.24233000000000038,0.23429550266265875
2.453,2.7324901,2.8667102,0.2794901000000003,0.4137101860046388
2.4,3.3333620999999978,2.8650455,0.9333620999999979,0.46504554748535165
1.565,1.1286499999999997,1.1173887,0.43635000000000024,0.44761127471923823
5.00001,2.446840500000001,2.2934139,2.5531694999999988,2.706596122512817
2.356,2.5176699999999985,2.602305,0.16166999999999865,0.2463049354553224
1.856,1.8891799999999999,1.8657708,0.033179999999999765,0.009770816802978421
3.167,2.1684500999999994,2.1147254,0.9985499000000004,1.0522746486663817
1.188,0.9449499999999997,1.0342796,0.2430500000000002,0.1537204151153564
2.485,2.6968400999999993,2.6373632,0.21184009999999942,0.15236319541931165
2.365,2.62872,2.626581,0.26371999999999973,0.26158095359802225
0.946,0.8684300000000004,0.916619,0.07756999999999958,0.029380997180938673
1.768,1.6209299999999995,1.7461208,0.14707000000000048,0.02187918949127199
1.486,1.8484699999999987,2.1356144,0.36246999999999874,0.6496143951416016
1.953,1.8341700000000003,1.7775831,0.11882999999999977,0.1754168777465821
2.159,2.0805999999999996,2.0123072,0.07840000000000025,0.14669283294677715
1.266,1.354599999999999,1.4679865,0.0885999999999989,0.20198646450042723
1.739,2.09855,1.792754,0.3595499999999998,0.05375405406951894
1.83,1.8968806,2.6964018,0.06688059999999996,0.866401834487915
0.743,1.2410700000000003,1.1490374,0.49807000000000035,0.40603736114501954
2.247,1.9920699999999993,2.0205374,0.25493000000000055,0.2264626235961913
1.016,0.91619,0.88203514,0.09981000000000007,0.13396486377716066
3.91,3.1211501000000004,3.4694471,0.7888498999999998,0.4405528640747072
2.65,2.1837199999999997,1.8745741,0.46628000000000025,0.7754259347915649
5.00001,4.887228699999991,4.858414,0.11278130000000886,0.14159582687377892
1.865,2.4017300000000006,2.2795794,0.5367300000000006,0.41457940101623536
0.78,0.9214400000000006,0.7941599,0.14144000000000057,0.01415988922119138
0.808,0.9177600000000004,0.84943736,0.1097600000000003,0.04143735599517817
1.896,2.4407300000000003,2.0876815,0.5447300000000004,0.19168153190612802
1.992,3.0187201999999997,2.6145296,1.0267201999999997,0.6225296096801758
1.896,1.8881099999999988,2.2475178,0.007890000000001063,0.3515178241729737
1.6,1.5011300000000003,1.5720013,0.09886999999999979,0.02799866199493417
3.753,3.5479200999999976,2.9462214,0.20507990000000254,0.806778648376465
1.667,1.3298699999999997,1.2855814,0.3371300000000004,0.38141864967346195
2.156,2.2911799999999998,2.2364552,0.13517999999999963,0.080455202102661
2.286,2.291849999999999,2.091336,0.005849999999998801,0.19466398811340335
1.713,1.8476999999999988,1.5205164,0.1346999999999987,0.19248360443115242
4.31,3.999062299999997,4.1623073,0.3109377000000024,0.1476927375793453
2.751,2.5183700000000013,2.6609397,0.23262999999999856,0.09006030654907216
2.768,2.6313600999999993,2.8927622,0.13663990000000048,0.12476218414306661
0.463,0.56677,0.48551643,0.10376999999999997,0.022516428947448708
1.44,1.5265501000000001,1.2321863,0.08655010000000019,0.2078136825561523
0.943,0.7291699999999999,0.7423438,0.21383000000000008,0.20065621662139888
1.576,1.4999200000000008,1.466964,0.07607999999999926,0.10903599357604987
1.945,2.4159101000000005,1.8784938,0.47091010000000044,0.06650621414184577
3.511,2.3594300000000006,2.5455797,1.1515699999999995,0.9654203281402589
4.534,3.506110800000002,3.7287824,1.027889199999998,0.8052175846099852
2.246,2.15432,2.1897414,0.0916800000000002,0.05625862693786621
1.556,1.5997199999999998,1.6364605,0.04371999999999976,0.08046054267883296
2.42,4.717845699999994,3.7392914,2.2978456999999937,1.3192914295196534
0.7,1.06309,0.87078595,0.36309000000000013,0.17078595161437993
0.713,1.1923400000000002,1.2998487,0.4793400000000002,0.5868486757278443
0.668,0.8809700000000007,1.0251625,0.21297000000000066,0.35716245841979977
1.531,2.2157000999999994,2.22473,0.6847000999999995,0.6937300148010255
1.375,1.750690000000001,1.7581495,0.37569000000000097,0.38314950466156006
2.304,2.4094199999999986,2.2564526,0.10541999999999874,0.04754743957519514
2.422,2.7143900000000007,2.9074955,0.2923900000000006,0.4854954986572264
3.019,2.36943,2.4357123,0.6495700000000002,0.5832876625061036
4.158,3.2355100000000006,3.1801264,0.9224899999999998,0.9778735713958744
1.565,1.63709,1.7075942,0.07208999999999999,0.14259415626525884
0.786,0.8189500000000003,0.80723363,0.03295000000000026,0.02123363161087033
4.414,3.8044613,4.3146844,0.6095386999999999,0.09931560897827119
1.843,2.03392,2.0314267,0.1909200000000002,0.1884266681671143
2.765,3.2745603000000005,3.2458713,0.5095603000000004,0.4808713054656981
2.328,1.9566199999999987,1.8297884,0.37138000000000115,0.49821155357360825
0.604,1.0176299999999998,0.88616544,0.41362999999999983,0.28216544008255007
2.241,2.370370199999999,2.3845415,0.129370199999999,0.14354151153564443
4.39,3.3937612,3.2027628,0.9962387999999995,1.187237157821655
1.231,1.0594499999999996,0.9809647,0.17155000000000054,0.25003527975082407
2.557,2.9524201999999997,3.0068846,0.3954201999999998,0.4498845748901368
0.576,0.7660700000000003,0.6120533,0.1900700000000003,0.036053275108337446
1.998,2.096640000000002,2.083033,0.09864000000000206,0.08503308486938477
0.513,0.588,0.5784943,0.07499999999999996,0.06549431037902831
3.482,3.176000400000001,3.4806616,0.30599959999999937,0.001338369369507042
3.628,3.8978418999999978,3.8675783,0.26984189999999764,0.23957826805114735
2.403,2.6548199999999995,2.3610396,0.2518199999999995,0.041960361480712915
0.736,0.67361,0.8439287,0.062389999999999946,0.10792869472503663
1.726,1.887859999999999,1.839889,0.161859999999999,0.11388904953002932
2.29,2.3968099999999994,2.2514231,0.1068099999999994,0.03857687950134281
1.663,1.6645999999999999,1.7350518,0.0015999999999998238,0.07205175113677975
0.833,0.9350699999999996,0.81550354,0.10206999999999966,0.017496462345123254
5.00001,4.97359939999999,4.8347416,0.026410600000009943,0.16526840759277306
3.329,3.0480399999999985,3.2197344,0.28096000000000165,0.10926556968688983
0.543,0.5690399999999997,0.4545707,0.02603999999999962,0.08842928934097294
2.417,3.2985413999999986,2.596104,0.8815413999999988,0.1791039066314699
3.875,3.730671899999999,3.4973247,0.14432810000000096,0.37767529487609863
1.364,2.0895202999999998,2.0396051,0.7255202999999997,0.675605140686035
0.983,1.8618799999999982,1.7222062,0.8788799999999982,0.7392062349319458
1.76,2.380580100000001,2.098819,0.6205801000000009,0.3388190174102783
0.63,0.6990999999999995,0.7678707,0.0690999999999995,0.1378707242012024
2.369,2.802261,2.3796563,0.4332609999999999,0.010656314849853299
0.972,1.44531,1.727009,0.4733100000000001,0.7550090579986573
2.2,2.260240500000001,2.2893784,0.06024050000000081,0.08937840461730939
1.058,1.3888003,1.7152275,0.33080029999999994,0.6572274847030639
2.709,2.6440603999999994,2.742098,0.06493960000000065,0.03309809303283684
0.994,0.9981000000000003,0.80772215,0.004100000000000326,0.18627784872055053
1.663,1.7740399999999994,1.6828977,0.11103999999999936,0.019897686958312955
1.438,1.524860000000001,1.2934028,0.08686000000000105,0.14459720897674555
1.406,1.38468,1.5225755,0.021320000000000006,0.11657549762725838
3.309,3.1826401000000004,3.1640089,0.12635989999999975,0.14499114418029801
1.569,2.6271099999999983,1.7411757,1.0581099999999983,0.17217565155029302
5.00001,4.052053099999996,4.085278,0.9479569000000039,0.9147319657897945
1.625,1.8770506999999994,1.1703111,0.2520506999999994,0.4546889066696167
1.248,1.6418099999999995,1.315925,0.39380999999999955,0.0679250020980835
2.161,1.4315899999999993,1.8614832,0.7294100000000008,0.29951678371429447
1.714,1.8837999999999997,1.6958178,0.16979999999999973,0.018182171821594206
3.256,3.129210100000003,3.7537382,0.1267898999999968,0.4977381649017336
1.098,1.1831900000000004,1.1629262,0.08519000000000032,0.06492619705200187
2.762,2.6328300000000002,2.554611,0.12916999999999978,0.2073890323638916
1.299,1.4149900000000002,1.4239819,0.11599000000000026,0.12498190498352058
2.923,2.5096000000000007,2.6092453,0.4133999999999993,0.3137546997070313
3.415,3.3687004,3.088925,0.04629960000000022,0.32607511520385746
0.668,0.7153199999999995,0.62690014,0.047319999999999474,0.04109986352920536
2.388,2.0202999999999993,2.205807,0.3677000000000006,0.18219302940368642
0.774,1.1782200000000005,1.1041147,0.40422000000000047,0.33011465167999265
0.824,0.9064800000000001,0.76951134,0.08248000000000011,0.054488657951354935
3.599,3.656320700000001,3.7529037,0.05732070000000089,0.15390369987487773
4.657,4.4279043999999965,4.5657234,0.2290956000000035,0.0912765808105469
2.14,2.1292799999999987,2.2895505,0.010720000000001395,0.14955054283142077
1.071,0.9561299999999996,0.94448256,0.11487000000000036,0.1265174350738525
1.578,1.7122500000000003,1.867654,0.1342500000000002,0.28965396595001214
1.193,1.7522799999999996,1.4706067,0.5592799999999996,0.27760668468475336
2.329,2.5461,2.3953278,0.21709999999999985,0.06632780647277814
1.795,2.0714699999999997,1.9749824,0.27646999999999977,0.17998238086700447
0.701,0.8081000000000003,0.7407392,0.1071000000000003,0.0397392263412476
0.55,1.4773105000000002,2.2174804,0.9273105000000001,1.6674804210662841
0.659,0.6551900000000002,0.5823232,0.003809999999999869,0.07667680644989017
0.996,0.9831200000000002,1.0695583,0.01287999999999978,0.07355826282501221
5.00001,4.660075799999994,5.237428,0.3399342000000054,0.237418188323975
1.641,2.18765,2.2076197,0.5466500000000001,0.5666196670532226
0.77,0.9402400000000004,0.88107157,0.1702400000000004,0.11107156753540037
1.403,1.5124699999999995,1.469601,0.10946999999999951,0.066601035118103
1.729,1.513030099999999,1.6360763,0.21596990000000105,0.09292366886138925
5.00001,3.533480599999999,3.453428,1.4665294000000006,1.5465819699859615
3.143,2.3121302,3.1197388,0.8308697999999999,0.023261182785033974
5.00001,4.256673299999998,4.27949,0.7433367000000013,0.7205200059509274
5.00001,5.000009999999989,5.0444613,1.0658141036401503e-14,0.04445125030517616
1.43,1.63139,1.3757097,0.20138999999999996,0.05429034709930414
2.806,2.7122403000000013,2.906556,0.09375969999999878,0.10055589103698725
3.75,2.9384510000000006,3.815504,0.8115489999999994,0.06550407409667969
1.375,1.8070401,1.7223147,0.43204010000000004,0.347314715385437
3.371,3.167040000000002,3.2827477,0.20395999999999814,0.08825225448608398
1.28,1.5264800999999997,1.7584374,0.24648009999999965,0.47843739509582517
1.854,1.8181199999999995,2.0844393,0.03588000000000058,0.2304392776489257
0.63,0.7634999999999998,0.5418616,0.13349999999999984,0.08813840627670289
1.095,1.4910200000000002,1.273271,0.39602000000000026,0.17827096462249759
4.0,2.3031805,2.17248,1.6968195000000001,1.8275198936462402
1.519,2.7699703000000016,2.6049209,1.2509703000000016,1.0859208641052247
0.563,0.65764,0.5062052,0.09464000000000006,0.05679479885101313
1.025,0.7881,0.8449023,0.2368999999999999,0.18009772300720206
2.25,2.9410204999999996,2.364842,0.6910204999999996,0.11484193801879883
1.455,1.6671400000000005,1.6806483,0.21214000000000044,0.22564832687377923
3.631,2.7073903,2.456709,0.9236096999999996,1.174291091918945
2.49,2.2987399999999987,2.2133524,0.19126000000000154,0.2766475582122805
4.153,3.6033111000000027,3.5730498,0.5496888999999969,0.5799502162933345
2.674,1.9722800000000016,2.3448846,0.7017199999999983,0.3291153659820556
0.75,0.7621100000000004,0.7439234,0.012110000000000398,0.0060765743255615234
2.5,2.5925000000000007,2.6600363,0.09250000000000069,0.16003632545471191
1.618,1.5771800999999999,1.6512713,0.04081990000000024,0.03327134323120107
0.975,0.9456801,0.81593245,0.029319899999999954,0.15906754732131956
1.115,1.40757,1.6876627,0.29257,0.5726627206802368
0.873,0.9337799999999997,0.9322871,0.06077999999999972,0.05928709697723389
2.729,3.7909634999999997,3.2973034,1.0619634999999996,0.5683034381866454
1.244,1.1327299999999993,1.024627,0.11127000000000065,0.2193730297088623
2.287,3.176750600000001,3.3297217,0.8897506000000011,1.0427216892242432
2.295,2.19014,2.1697555,0.10485999999999995,0.12524454116821282
1.625,1.52566,1.4204268,0.09933999999999998,0.2045731544494629
0.8,1.1951699999999992,1.195321,0.39516999999999913,0.39532096385955806
1.188,1.1749899999999998,1.1634477,0.013010000000000188,0.024552262306213324
2.442,3.1266606,3.029711,0.6846606,0.5877110080718992
1.875,1.8835299999999995,1.9030557,0.008529999999999482,0.028055667877197266
2.46,2.23577,2.386993,0.22422999999999993,0.07300706863403317
1.026,0.9918799999999999,1.1173283,0.03412000000000015,0.09132828617095945
1.167,0.9634699999999998,0.93859005,0.2035300000000002,0.2284099502563477
1.375,1.8306606999999995,1.8733783,0.4556606999999995,0.49837827682495117
1.719,3.698361999999999,2.8615823,1.979361999999999,1.1425822792053222
1.031,1.10815,1.2866772,0.07715000000000005,0.2556772413253785
2.391,2.583370000000001,2.6148338,0.19237000000000082,0.22383383178710936
1.94,2.07465,2.0869055,0.13465000000000016,0.1469054794311524
2.199,2.4807000000000006,2.8346257,0.2817000000000007,0.6356257209777834
3.8,4.517014699999996,5.0157247,0.7170146999999965,1.2157246589660646
1.557,1.5759899999999991,1.4684656,0.018989999999999174,0.0885344333648681
0.899,0.9244300000000001,1.0339183,0.025430000000000064,0.13491826152801512
0.893,1.2603399999999998,1.4840593,0.3673399999999998,0.5910593338012695
0.55,0.9516300000000001,0.74003977,0.40163000000000004,0.1900397658348083
0.498,0.5368799999999999,0.42573684,0.038879999999999915,0.07226315546035766
1.464,1.5128000000000004,1.3897104,0.0488000000000004,0.07428957366943356
2.78,3.0125504999999992,2.9854734,0.23255049999999944,0.2054733943939211
2.887,3.35206,3.0165894,0.4650599999999998,0.1295894031524658
1.292,1.5476700000000005,1.3573511,0.2556700000000005,0.0653510646820068
2.216,2.3036099999999995,2.2038167,0.0876099999999993,0.012183347702026559
0.856,1.960990400000001,1.3331951,1.104990400000001,0.4771950902938843
1.604,1.5037199999999995,1.4790138,0.10028000000000059,0.12498619937896738
0.576,0.72143,0.7923308,0.14543000000000006,0.21633080148696904
3.485,3.671720699999999,3.888777,0.18672069999999907,0.4037770175933839
1.994,2.50736,2.4049635,0.5133599999999998,0.410963493347168
0.971,1.09067,1.1806197,0.11967000000000005,0.20961971664428714
0.581,0.6808500000000004,0.5830233,0.09985000000000044,0.0020233097076416406
3.01,3.249200300000002,3.0762467,0.23920030000000203,0.0662467384338381
0.742,1.3976699999999997,1.2682317,0.6556699999999998,0.5262317495346069
2.494,3.725153999999998,4.0203576,1.2311539999999979,1.5263576087951658
2.67,2.8103801000000015,2.8908765,0.14038010000000156,0.22087653160095222
1.199,1.1720600000000005,1.3121743,0.02693999999999952,0.1131743202209472
0.777,0.76106,0.51910365,0.015940000000000065,0.2578963537216187
1.434,1.1909899999999993,1.3132797,0.24301000000000061,0.12072025203704828
0.612,0.6658299999999998,0.61921513,0.05382999999999982,0.00721513080596925
2.068,1.6622700000000004,1.7393521,0.4057299999999997,0.3286478929519654
3.282,2.9074311999999995,2.685519,0.3745688000000005,0.5964810199737549
3.606,3.0544399999999996,3.3247836,0.5515600000000003,0.28121643638610827
1.078,1.2290500000000004,1.1732029,0.15105000000000035,0.09520287227630608
0.515,0.5453400000000003,0.4890141,0.030340000000000256,0.025985910892486586
0.675,1.2694199999999995,1.0498374,0.5944199999999995,0.37483735084533687
1.841,1.6387,1.4313636,0.20229999999999992,0.409636417388916
2.0,1.3893300000000004,1.3902868,0.6106699999999996,0.6097131967544556
3.54,2.157140600000001,2.6403258,1.3828593999999992,0.8996742153167725
3.938,3.2062608999999993,3.6770506,0.7317391000000009,0.26094940948486345
1.321,1.3850900000000008,1.3360986,0.06409000000000087,0.015098551750183153
3.065,2.722319999999999,2.9835153,0.342680000000001,0.08148473739624018
1.349,1.38207,1.2317256,0.03306999999999993,0.11727442646026609
3.193,3.4704503000000004,3.2293763,0.27745030000000037,0.03637631607055658
3.039,2.8161500000000017,3.2463686,0.22284999999999844,0.20736864662170396
3.5,1.5195400000000006,1.6414387,1.9804599999999994,1.8585612773895264
2.312,2.5936500999999983,2.426913,0.28165009999999846,0.11491302299499528
1.313,1.45616,1.3472636,0.14315999999999995,0.03426357460021978
1.208,1.24426,1.2095999,0.03625999999999996,0.001599852561950721
1.352,0.9946300000000001,1.1181282,0.35736999999999997,0.23387181949615488
0.689,0.7928399999999999,0.6316343,0.10383999999999993,0.05736570501327509
4.25,2.25073,2.5342507,1.99927,1.7157492637634277
1.605,1.9220300000000006,1.675236,0.3170300000000006,0.07023598670959474
1.51,1.5565499999999997,1.6415805,0.04654999999999965,0.1315804624557495
3.495,4.4371141999999955,4.0841246,0.9421141999999953,0.5891245651245116
0.602,0.6878799999999999,0.5151382,0.08587999999999996,0.0868617911338806
3.964,3.2989801000000005,3.42822,0.6650198999999994,0.5357799663543701
2.785,3.3425406,3.380754,0.5575405999999998,0.595753993988037
2.393,1.7583105000000017,1.2631171,0.6346894999999981,1.1298829250335691
2.249,2.4113200999999993,2.6346176,0.1623200999999992,0.3856175670623778
0.913,1.0716699999999997,1.0293665,0.15866999999999964,0.11636649322509762
1.114,1.3432500000000003,1.3001777,0.22925000000000018,0.1861776933670043
1.508,1.1312900000000006,1.2986088,0.37670999999999943,0.20939122009277344
0.647,0.5766,0.585221,0.07040000000000002,0.06177900743484499
3.588,3.3383808000000004,3.3066597,0.2496191999999997,0.28134030151367195
2.328,1.8679499999999998,1.9670897,0.46005000000000007,0.36091034698486313
0.544,0.68297,0.77582383,0.13896999999999993,0.2318238315582275
0.982,1.05392,1.013719,0.07191999999999998,0.031718962669372575
2.258,1.9202499999999991,2.1238513,0.3377500000000009,0.13414870071411134
1.161,1.2951199999999985,1.3881433,0.13411999999999846,0.2271433010101318
1.964,2.452750199999999,2.700741,0.48875019999999925,0.7367410526275635
1.232,0.7911599000000001,0.63047,0.44084009999999985,0.6015300221443176
1.564,2.472769999999999,1.9974941,0.9087699999999987,0.43349410152435297
1.668,1.7645299999999984,1.7142941,0.09652999999999845,0.04629407596588142
2.159,2.07343,2.3043914,0.0855699999999997,0.14539138412475605
1.173,1.5601099999999997,1.38048,0.3871099999999996,0.20748005104064937
2.432,2.036650099999999,2.4578714,0.39534990000000114,0.025871437072753967
0.729,1.016820000000001,0.8835334,0.28782000000000096,0.15453341817855837
1.917,2.0293799999999984,1.8990588,0.11237999999999837,0.017941181182861365
0.6,2.3089313000000002,4.026703,1.7089313000000002,3.426702880859375
1.954,1.8599600000000012,1.8190864,0.09403999999999879,0.13491356754302974
1.116,1.2412099999999995,1.3168087,0.12520999999999938,0.20080870056152333
2.685,2.548459999999999,2.3917303,0.136540000000001,0.2932696914672852
2.6,2.5200700000000005,2.5278654,0.07992999999999961,0.07213459014892587
0.894,1.1006300000000007,1.1920173,0.20663000000000065,0.2980173168182373
2.352,3.626900399999999,2.7743957,1.274900399999999,0.4223957042694093
3.861,2.8517802000000008,3.2729063,1.0092197999999994,0.5880936965942385
1.875,1.4865099999999998,1.3443036,0.3884900000000002,0.5306963920593262
2.234,2.09208,2.4241467,0.14191999999999982,0.1901466522216797
1.203,1.47278,1.4233505,0.2697799999999999,0.22035045337676995
1.358,1.31141,1.3129895,0.04659000000000013,0.04501052665710459
3.074,2.7725600000000004,2.8342028,0.3014399999999995,0.2397972335815428
3.268,2.414450300000001,2.2957878,0.853549699999999,0.9722121887207029
0.703,1.3731107999999999,1.2706133,0.6701107999999999,0.5676133127212525
0.682,0.8464599999999999,0.86444676,0.16445999999999983,0.18244675922393794
1.146,1.2215099999999992,1.1333976,0.0755099999999993,0.012602420806884673
1.772,2.111030000000001,2.1655974,0.33903000000000083,0.39359743881225584
0.819,1.13105,1.1033692,0.31205000000000016,0.2843692359924317
0.906,1.1965700000000004,1.0807018,0.29057000000000033,0.17470182800292966
0.568,0.7203299999999999,0.49198714,0.15232999999999997,0.07601286101341242
3.238,3.3213999999999997,3.4327264,0.0833999999999997,0.19472638320922853
2.444,1.4013199999999997,1.3604038,1.0426800000000003,1.0835962238311767
1.443,1.6224899999999993,1.3777606,0.17948999999999926,0.06523935127258307
1.642,1.6436300000000004,1.6790909,0.0016300000000004644,0.037090857505798436
2.376,2.467879999999999,2.5357592,0.0918799999999993,0.15975921058654796
2.43,2.2840000000000003,2.4338982,0.1459999999999999,0.0038982105255125354
0.833,0.9393900000000005,1.0224564,0.10639000000000054,0.1894564075469971
0.875,1.3324301,1.3341283,0.45743010000000006,0.4591282606124878
1.317,1.395710000000001,1.045031,0.07871000000000095,0.271969048500061
0.47,0.5993900000000001,0.5181393,0.12939000000000012,0.04813930273056033
1.953,1.7967600000000001,2.3969886,0.15623999999999993,0.44398863029479974
1.841,2.0865599999999986,2.4349139,0.24555999999999867,0.5939138736724854
1.288,1.06678,0.9173295,0.22121999999999997,0.3706705098152161
1.182,1.1534600000000002,1.0764058,0.028539999999999788,0.1055942363739013
2.128,1.7830100000000006,1.7431251,0.34498999999999946,0.3848749189376832
1.413,1.4263700000000006,1.4974782,0.013370000000000548,0.08447824668884274
2.271,1.87511,2.1584084,0.39588999999999985,0.11259159660339346
0.808,2.0174707,2.5386908,1.2094707,1.7306908054351806
2.013,2.14721,1.7343568,0.13420999999999994,0.27864323902130117
1.833,2.0041200000000003,1.7714348,0.17112000000000038,0.06156521606445309
1.55,1.5697599999999996,1.5778296,0.019759999999999556,0.02782959938049312
1.438,1.7585700000000002,1.7733678,0.32057000000000024,0.33536776256561285
1.375,2.373650399999999,2.3140962,0.9986503999999989,0.939096212387085
2.801,2.228810000000001,2.1773453,0.5721899999999991,0.6236547241210939
2.459,2.3666899999999997,2.902569,0.09231000000000034,0.4435690555572509
2.436,2.5399399999999996,2.663856,0.1039399999999997,0.2278560295104981
1.03,1.4953702000000006,1.4106858,0.4653702000000006,0.38068577766418454
1.038,1.0548600000000001,1.1258733,0.016860000000000097,0.08787332725524899
2.359,2.0458002000000004,2.0652711,0.3131997999999996,0.2937288608551025
1.619,2.261219999999999,1.7728375,0.6422199999999989,0.15383751964569092
3.944,3.815581,4.3037963,0.12841900000000006,0.3597962913513184
1.458,0.7415198,0.9236151,0.7164802,0.5343849020004272
1.848,1.8033900000000003,1.4740509,0.044609999999999816,0.3739491205215455
2.423,2.480679999999999,2.626289,0.057679999999999065,0.203288890838623
3.355,2.3372,2.2997966,1.0177999999999998,1.0552034187316894
1.655,1.2725199999999994,1.2658209,0.3824800000000006,0.3891791391372681
2.048,3.392090199999999,2.5633764,1.3440901999999988,0.5153764266967773
1.597,1.4399499999999998,1.2949485,0.15705000000000013,0.30205154132843015
1.691,1.5592300000000003,1.6836491,0.13176999999999972,0.007350936889648496
4.786,2.4551605,3.0238223,2.3308394999999997,1.7621776924133297
2.589,2.3757101000000005,2.5119686,0.21328989999999948,0.07703138732910153
3.24,3.344070500000001,3.170635,0.10407050000000062,0.06936501502990744
1.031,0.8602399999999994,1.2695106,0.17076000000000047,0.2385106267929078
1.381,1.8347300000000002,1.7631152,0.4537300000000002,0.38211516761779785
0.916,0.9743999999999999,1.1068623,0.058399999999999896,0.1908623065948486
2.289,3.0463804,2.7536595,0.7573803999999997,0.46465948677062974
1.388,1.3214700000000001,1.343612,0.06652999999999976,0.044388044357299705
2.522,2.46478,2.4382808,0.057219999999999605,0.08371917915344218
4.203,4.279664999999994,4.7177887,0.07666499999999399,0.5147886962890622
2.436,2.50839,2.0866573,0.07238999999999995,0.3493427143096923
1.421,1.4471700000000005,1.7936592,0.02617000000000047,0.3726592102050781
0.675,0.6365699999999999,0.7083792,0.038430000000000186,0.033379209041595415
0.928,1.0576300000000003,1.0129279,0.12963000000000025,0.08492788982391353
1.908,2.27706,2.4904683,0.36906000000000017,0.5824682636260987
2.239,2.21345,2.0960324,0.02554999999999996,0.14296761894226062
1.434,1.7606000000000004,1.7004156,0.32660000000000045,0.2664156112670899
1.327,1.2299501000000008,1.0623481,0.09704989999999913,0.26465187263488765
0.99,0.9522200000000001,0.8836396,0.037779999999999925,0.10636042594909667
0.677,0.7402400000000003,0.77078605,0.0632400000000003,0.09378604698181148
2.274,2.4640799999999987,2.4413965,0.1900799999999987,0.16739647483825681
2.286,2.6806400000000004,2.4009666,0.3946400000000003,0.11496664428710934
1.358,1.3322699999999994,1.4435363,0.025730000000000697,0.08553628158569326
3.621,3.8639404999999982,3.4673524,0.24294049999999823,0.15364760971069336
2.813,3.180060299999999,3.0121791,0.367060299999999,0.19917913627624495
5.00001,5.000009999999989,5.0664287,1.0658141036401503e-14,0.06641866134643593
0.906,1.3599700000000003,1.046026,0.4539700000000003,0.1400259914398193
0.663,0.8311799999999999,0.87579364,0.16817999999999989,0.2127936358451843
1.502,1.5569100999999999,1.4729104,0.05491009999999985,0.029089595794677736
1.703,1.6624999999999996,1.7090077,0.040500000000000425,0.006007740020751884
0.993,1.22554,1.3380795,0.23254000000000008,0.34507945251464844
3.229,4.313572699999999,4.2968345,1.084572699999999,1.0678344688415526
2.132,1.4861699999999993,1.3118856,0.6458300000000008,0.8201144046783448
2.17,2.35341,2.2869055,0.18340999999999985,0.11690552711486824
2.679,1.8641100000000008,2.1669538,0.814889999999999,0.5120461978912352
2.063,2.05888,2.3937454,0.004120000000000346,0.3307454223632811
3.768,2.9116701000000003,3.204144,0.8563298999999995,0.5638559989929197
0.875,0.8047899999999999,0.85611546,0.0702100000000001,0.01888453960418701
3.047,2.4911900999999994,2.5278964,0.5558099000000007,0.5191035957336427
4.602,3.6198004999999993,3.720454,0.982199500000001,0.8815460224151614
1.285,1.1498799999999998,1.0412834,0.13512000000000013,0.24371663093566887
2.846,3.433850300000001,4.024873,0.5878503000000008,1.1788727798461913
1.196,1.4869100000000004,1.3394471,0.29091000000000045,0.1434471406936646
2.086,2.3273299999999995,2.224943,0.2413299999999996,0.13894292259216323
1.175,2.2249100000000004,2.4332552,1.0499100000000003,1.2582551956176757
0.669,0.6320200000000001,0.49839708,0.0369799999999999,0.17060291790962223
2.048,1.736129999999999,1.6728733,0.311870000000001,0.3751267414093018
0.746,1.3852099999999998,0.87362075,0.6392099999999998,0.12762074851989746
1.091,1.0997799999999998,1.2025332,0.008779999999999788,0.11153324508666995
1.143,1.39664,1.4075421,0.2536400000000001,0.2645421094894409
3.083,2.726829999999999,3.017001,0.356170000000001,0.06599908638000507
1.13,1.2534699999999999,1.0783308,0.12346999999999997,0.051669244766235245
0.917,0.8946299999999999,0.6237054,0.022370000000000112,0.2932946128845215
1.342,1.1762199999999996,1.2355331,0.16578000000000048,0.10646688175201424
4.25,4.337496099999996,4.1112814,0.08749609999999564,0.1387186050415039
0.539,0.6064400000000002,0.592172,0.06744000000000017,0.053172026634216274
3.106,2.177369999999999,2.2736351,0.928630000000001,0.8323648509979247
2.417,4.237065099999996,3.9349654,1.8200650999999963,1.5179653720855715
2.268,2.1931800000000004,2.2294886,0.07481999999999944,0.03851138877868632
1.008,1.3065700000000005,1.0802854,0.29857000000000045,0.0722854299545288
2.38,2.38495,2.9413543,0.00495000000000001,0.561354274749756
2.455,2.2175801999999996,2.166175,0.2374198000000005,0.2888251113891602
1.565,1.6108200000000006,1.4988027,0.04582000000000064,0.066197338104248
1.156,1.5090100000000002,1.5540209,0.35301000000000027,0.3980208816528321
0.664,0.7139099999999998,0.787116,0.04990999999999979,0.12311599111557003
0.588,0.6374400000000002,0.45871067,0.04944000000000026,0.12928932952880856
2.236,1.97677,2.0388868,0.2592300000000003,0.19711321449279806
1.693,1.658999999999999,1.4783298,0.03400000000000114,0.21467022228240973
1.667,1.5739400000000003,1.472798,0.0930599999999997,0.19420201015472416
2.25,2.3397200000000002,2.3155067,0.08972000000000024,0.0655066967010498
0.726,0.7868200000000002,0.78356445,0.06082000000000021,0.05756444835662844
1.603,1.5515300000000005,1.7733035,0.05146999999999946,0.17030350875854494
1.475,1.2614200000000009,1.0886546,0.21357999999999921,0.38634536266326913
0.912,1.6292204,1.8050333,0.7172203999999999,0.8930333261489868
2.083,1.5091899999999996,1.2818717,0.5738100000000006,0.8011283235549929
3.353,3.292200599999999,3.699965,0.06079940000000139,0.3469650001525877
0.58,0.87176,0.92744774,0.29176,0.3474477362632752
2.265,1.8445899999999995,2.4149978,0.4204100000000006,0.1499978160858153
3.452,3.4426612999999993,3.6612413,0.0093387000000007,0.20924129295349125
1.068,0.8613099999999999,0.97776175,0.20669000000000015,0.0902382545471192
5.00001,2.1939902999999994,2.0287714,2.8060197000000002,2.9712385995483395
2.75,2.7714713,2.864737,0.02147129999999997,0.11473703384399414
0.958,1.0639099999999997,0.9795154,0.10590999999999973,0.021515373706817664
0.972,1.4139299999999995,1.4170777,0.4419299999999995,0.44507766056060794
1.55,1.4909100000000002,1.2387999,0.059089999999999865,0.3112000703811646
4.0,3.600501199999998,3.6343927,0.39949880000000215,0.36560726165771484
5.00001,3.7000235999999984,3.5252097,1.2999864000000012,1.4748003347015377
3.043,2.659100000000001,3.1806917,0.38389999999999924,0.13769171905517563
3.592,3.363770000000002,3.5375655,0.22822999999999816,0.05443453025817879
1.447,1.5992000000000002,1.3046727,0.1522000000000001,0.14232728195190436
3.528,2.995180499999999,3.8383014,0.5328195000000009,0.31030142021179197
3.556,3.260380399999999,3.205604,0.2956196000000011,0.350395923614502
0.991,1.2570599999999998,1.2556245,0.26605999999999985,0.26462453269958497
2.504,2.50553,2.3556812,0.0015299999999998093,0.1483188190460205
1.056,1.084610000000001,1.0838175,0.028610000000000912,0.027817481994628857
5.00001,4.711637099999993,4.7993026,0.2883729000000068,0.2007074220275875
1.62,1.7937700000000008,1.6573552,0.17377000000000065,0.037355189323425186
2.722,2.9807,2.9685078,0.25870000000000015,0.24650776672363284
2.459,2.90306,2.988631,0.4440599999999999,0.5296310100555419
1.833,1.9548400000000004,1.8895487,0.12184000000000039,0.05654865932464603
2.207,2.7973999999999983,2.71806,0.5903999999999985,0.5110600166320802
1.61,1.8111300999999995,2.0336106,0.20113009999999942,0.4236105823516845
3.039,3.3929207999999993,3.0460365,0.35392079999999915,0.007036481857299659
2.662,2.4295001000000016,2.708987,0.23249989999999832,0.046986997604370195
0.901,0.83585,0.8242438,0.06515000000000004,0.07675621604919436
0.875,1.5685099999999994,1.1842839,0.6935099999999994,0.3092838525772095
2.094,1.629410000000001,1.5871887,0.46458999999999895,0.5068112792968749
1.887,2.20621,2.020382,0.31921,0.13338192749023436
1.014,1.0886999999999991,1.1675117,0.0746999999999991,0.1535117015838623
3.875,3.5799002000000026,3.3497484,0.29509979999999736,0.5252516269683838
3.591,3.1398703,3.2731009,0.4511297000000001,0.3178991470336916
3.273,3.3790103999999985,3.5228927,0.1060103999999984,0.2498927135467528
2.792,2.810189999999999,2.9390867,0.018189999999999262,0.14708667564392108
2.336,2.5502003000000006,2.511734,0.2142003000000008,0.17573400878906265
1.635,2.3853901,2.3204086,0.7503901,0.6854085826873779
1.242,1.9936001,1.5874798,0.7516001000000001,0.345479829788208
4.5,4.046650900000003,4.6563053,0.45334909999999695,0.15630531311035156
1.119,1.1719599999999992,1.2160155,0.05295999999999923,0.09701545810699463
0.908,1.0496800000000004,1.1002356,0.14168000000000036,0.19223558139801022
1.206,1.5088400000000006,1.4477179,0.30284000000000066,0.2417179050445557
4.838,4.893877599999992,4.3188705,0.055877599999991645,0.5191294555664063
3.667,3.5956535999999977,4.1423573,0.07134640000000214,0.47535734939575214
2.01,2.1836899999999986,1.8782675,0.1736899999999988,0.13173247337341287
3.336,3.338260200000001,3.169462,0.0022602000000011557,0.16653803443908677
3.625,1.9487304000000003,1.1573673,1.6762695999999997,2.4676326513290405
1.701,1.6566500000000002,1.5721887,0.04434999999999989,0.12881126499176032
2.467,2.5039299999999987,2.28835,0.036929999999998575,0.17864989471435555
1.612,1.6170900000000004,1.4729178,0.005090000000000261,0.13908220481872569
1.47,1.2671600000000003,1.3111979,0.2028399999999997,0.15880212306976316
1.179,1.4321000000000002,1.6528238,0.2531000000000001,0.47382380580902095
1.113,1.21383,0.88387084,0.10082999999999998,0.22912915992736815
2.665,2.3994799999999996,2.5687866,0.2655200000000004,0.09621337890625004
1.135,1.13975,0.948751,0.004750000000000032,0.18624902725219727
3.291,3.429370599999999,3.8304126,0.13837059999999912,0.5394126262664796
5.00001,4.846618199999991,4.849249,0.15339180000000852,0.15076111389160118
2.365,1.8733100000000005,1.8112563,0.49168999999999974,0.5537437105178835
1.222,1.05801,1.0472953,0.16399000000000008,0.17470466804504392
0.819,0.9406499999999999,1.0698489,0.12164999999999992,0.25084889507293706
3.864,3.3979601999999995,3.7099714,0.46603980000000034,0.1540285720825194
1.848,1.8810200000000006,1.8133923,0.03302000000000049,0.03460771846771249
1.607,1.9119301,1.7722875,0.3049301,0.16528748798370363
1.016,1.04676,1.0293424,0.0307599999999999,0.013342412948608384
4.24,4.728316899999992,4.348791,0.48831689999999206,0.10879112243652322
2.625,2.252790099999999,1.8833023,0.372209900000001,0.7416976690292358
3.694,3.2480101000000023,3.4263153,0.4459898999999976,0.26768469238281245
1.151,1.4451399999999992,1.4967642,0.2941399999999992,0.34576418304443357
2.817,2.098539999999999,2.19077,0.7184600000000012,0.6262300891876222
0.981,1.19871,1.2902157,0.21770999999999996,0.3092157306671143
1.311,1.5015999999999992,1.6462371,0.19059999999999921,0.33523713493347174
2.518,2.20031,2.1970143,0.3176899999999998,0.32098566818237284
2.327,2.198399999999999,2.160691,0.12860000000000094,0.16630897712707515
1.392,1.2895200000000004,1.3311896,0.10247999999999946,0.06081036758422842
0.715,0.8222800000000006,0.8644921,0.1072800000000006,0.1494921183586121
3.405,3.118090400000001,3.6291459,0.28690959999999865,0.22414586067199727
2.708,2.2652901,2.76978,0.4427099000000001,0.061779920578002745
1.556,1.7745899999999986,1.7864963,0.2185899999999985,0.23049628162384028
0.892,0.8133999999999998,0.6901257,0.07860000000000023,0.2018742961883545
1.67,1.6452200000000006,1.5873555,0.024779999999999358,0.08264450550079339
1.031,1.3130099999999996,0.7324114,0.28200999999999965,0.2985886154174804
1.805,1.600899999999999,1.5942669,0.20410000000000084,0.21073310852050775
0.512,0.6489899999999996,0.9333422,0.1369899999999996,0.42134221839904784
2.046,2.063530000000002,2.0424647,0.017530000000002044,0.003535266876220522
3.872,2.0131501,2.3146734,1.8588499,1.55732657623291
1.625,1.2518699999999996,1.20412,0.3731300000000004,0.42087996006011963
1.204,1.3125299999999998,1.3455415,0.1085299999999998,0.14154147720336918
1.397,1.79344,1.6537465,0.3964399999999999,0.256746485710144
0.982,0.9246899999999998,0.84512883,0.057310000000000194,0.13687116575241087
2.694,2.5053400999999993,2.7587948,0.18865990000000066,0.06479478454589849
2.691,2.7339899999999995,2.81655,0.04298999999999964,0.1255500164031984
5.00001,3.6693107999999994,3.541696,1.3306992000000002,1.4583139283752438
0.496,0.7275900000000004,0.7083199,0.2315900000000004,0.21231990242004395
0.58,0.8407100000000001,0.58892685,0.2607100000000001,0.008926851749420206
0.659,0.6727399999999997,0.660365,0.013739999999999641,0.0013649854660033878
1.754,1.895699999999999,1.8317107,0.14169999999999905,0.07771069622039795
3.918,3.6106409999999998,3.2827375,0.3073590000000004,0.6352625064849855
2.808,2.7626902,2.893986,0.04530979999999962,0.0859859867095949
0.907,1.3917,1.5315666,0.4846999999999999,0.6245666198730468
5.00001,4.998199799999989,5.100015,0.001810200000010198,0.10000516342163124
0.923,1.09483,0.9875496,0.17182999999999993,0.06454960298538204
2.271,2.318369999999999,1.9882891,0.047369999999999024,0.28271088218688956
1.625,1.3812099999999998,1.431292,0.24379000000000017,0.19370794296264648
2.909,2.8178,3.019297,0.09119999999999973,0.11029688453674336
1.831,1.71374,1.8409448,0.11725999999999992,0.009944766998291055
2.832,3.0910199999999985,3.0630674,0.2590199999999987,0.23106743621826187
1.774,3.1895308999999994,2.7106707,1.4155308999999994,0.9366707096099853
2.387,2.8410400000000005,2.5847926,0.45404000000000044,0.1977926139831543
3.213,3.048949999999999,2.9363618,0.16405000000000092,0.27663821029663094
2.615,2.7158004999999976,3.2421095,0.1008004999999974,0.6271095371246336
0.993,1.1935299999999998,1.1335343,0.20052999999999976,0.14053431224823
2.261,2.20567,2.1596496,0.0553300000000001,0.10135038948059094
0.517,0.4884400000000003,0.52599984,0.028559999999999697,0.008999844074249252
1.569,1.5697000000000012,1.3323348,0.0007000000000012552,0.23666524314880366
1.609,1.6585799999999995,1.6560943,0.04957999999999951,0.047094312667846694
2.224,2.8538506,2.7002969,0.6298505999999997,0.47629687881469707
3.052,2.6924099999999993,3.266853,0.35959000000000074,0.2148530941009521
1.388,1.4140499999999991,1.3907421,0.02604999999999924,0.0027420635223389667
2.307,2.35479,2.2936351,0.04779,0.013364870071411072
0.943,0.9414600000000004,0.96845734,0.0015399999999995417,0.025457341194152883
0.972,1.0471200000000007,1.060453,0.07512000000000074,0.08845305728912356
3.821,3.3939416999999996,3.877127,0.42705830000000056,0.056126932144164865
1.932,2.2441200000000006,2.3773706,0.3121200000000006,0.4453705959320069
2.095,2.008739999999999,2.045724,0.08626000000000111,0.04927608489990254
2.314,1.6800400000000002,1.6095692,0.6339599999999999,0.7044308080673218
0.893,1.1048399999999992,0.99734586,0.21183999999999914,0.10434586477279661
1.961,1.9630399999999992,2.077851,0.0020399999999991536,0.11685105705261223
1.135,1.1922699999999997,1.0759704,0.05726999999999971,0.05902958869934083
1.784,2.2451499999999998,2.8159263,0.4611499999999997,1.0319263134002685
4.065,3.6567603999999987,3.6286232,0.4082396000000017,0.43637675285339395
2.282,2.313980000000001,1.9846201,0.031980000000000786,0.2973799057006836
2.348,2.36292,2.505447,0.014920000000000044,0.15744691085815443
2.313,1.9501,1.8838025,0.3629000000000002,0.42919746685028093
5.00001,3.9951321999999965,4.4844666,1.0048778000000032,0.5155434472656246
1.841,1.8007399999999998,1.8798769,0.040260000000000185,0.03887685203552249
2.137,2.3492699999999997,2.2934546,0.21226999999999974,0.15645464706420897
5.00001,4.734594999999996,4.8888965,0.2654150000000035,0.11111353469848595
1.692,1.9708799999999997,1.8752643,0.2788799999999998,0.18326428699493413
2.324,2.4852399999999997,2.3689055,0.16123999999999983,0.044905544281006016
3.517,3.9681138999999956,4.515308,0.45111389999999574,0.998307903289795
2.346,1.898659999999999,2.0669723,0.4473400000000012,0.279027744293213
1.125,2.2752306,2.8186092,1.1502306,1.6936092376708984
1.452,1.44767,1.4630251,0.004329999999999945,0.011025093078613324
0.872,0.9756899999999998,0.91184014,0.10368999999999984,0.03984014081954956
0.535,0.9157399999999994,1.0219371,0.3807399999999994,0.48693713188171384
0.438,0.6169000000000004,0.5453428,0.17890000000000045,0.10734280300140381
0.942,0.907,0.83637494,0.03499999999999992,0.10562506151199336
2.188,1.709599999999999,1.5060359,0.47840000000000127,0.6819640760421755
1.919,1.9272499999999997,1.7876339,0.008249999999999647,0.1313661041259766
1.322,3.833112799999997,2.0964468,2.511112799999997,0.7744467525482177
0.468,0.50502,0.47704098,0.03702,0.009040976285934421
1.497,1.9945099999999996,1.6639328,0.49750999999999945,0.16693280029296864
1.263,1.27387,1.3404032,0.010870000000000157,0.07740319919586192
2.559,2.5887599999999997,2.757935,0.029759999999999565,0.19893504714965804
0.945,0.9388699999999999,0.8746651,0.00613000000000008,0.07033491849899287
2.371,2.3080700999999992,2.0922222,0.06292990000000076,0.2787777862548828
5.00001,4.88352809999999,5.239524,0.11648190000000991,0.23951388763427772
0.875,1.04144,1.3744005,0.16643999999999992,0.4994004964828491
1.266,1.06745,1.2096206,0.19855,0.056379405021667495
2.451,2.34539,2.4126744,0.10560999999999998,0.038325572967529364
1.574,2.1167999999999996,1.9581578,0.5427999999999995,0.3841577777862548
0.784,0.7998900000000004,0.783192,0.015890000000000404,0.0008080210685730282
2.181,2.3615499999999994,1.8646119,0.18054999999999932,0.31638813591003423
3.5,2.8180815999999997,2.4209783,0.6819184000000003,1.079021692276001
1.984,1.7775800000000006,2.1186635,0.20641999999999938,0.1346635494232178
1.439,1.5048800000000007,1.4103875,0.0658800000000006,0.02861248397827154
3.379,3.6060605,3.7865593,0.2270604999999999,0.4075593433380127
0.763,0.9020300000000003,0.9647737,0.13903000000000032,0.2017737145423889
1.601,1.8818300000000006,1.959097,0.2808300000000006,0.3580970277786255
1.306,1.3344200000000004,1.415481,0.028420000000000334,0.1094809713363647
1.125,1.2208599,1.2703426,0.0958599,0.14534258842468262
3.292,2.57134,2.453495,0.7206599999999996,0.8385049743652342
2.333,2.2596899999999995,2.0461009,0.07331000000000065,0.28689914512634296
0.992,1.1623200000000007,1.2650374,0.1703200000000007,0.2730374174118042
1.979,1.9054300000000006,1.9571499,0.07356999999999947,0.021850136756897065
2.041,2.29246,2.2544284,0.25146000000000024,0.2134283866882325
3.5,2.7826604,2.9035442,0.7173395999999999,0.5964558124542236
0.621,0.59354,0.5485979,0.02746000000000004,0.07240212774276733
1.404,1.8412499999999983,1.4990501,0.43724999999999836,0.09505014038085946
1.521,2.4980203000000003,2.3684998,0.9770203000000004,0.8474997558593751
1.305,0.9734599999999997,0.9667227,0.3315400000000003,0.3382772731781005
1.951,2.225969999999999,2.305925,0.2749699999999988,0.35492489242553704
1.995,2.2014899999999993,2.1058302,0.20648999999999917,0.11083019256591786
1.375,0.9473699999999999,1.1312448,0.42763000000000007,0.24375522136688232
2.75,2.1181699999999988,2.296152,0.6318300000000012,0.45384788513183594
1.229,1.8653899999999985,1.4055367,0.6363899999999985,0.17653665161132803
1.09,1.82604,1.1536605,0.73604,0.06366053581237785
1.217,1.04872,1.1149373,0.16827999999999999,0.10206269454956063
3.02,3.222829999999998,3.0674207,0.20282999999999785,0.04742072105407713
2.417,2.2872700999999998,2.0464082,0.12972990000000006,0.3705918235778807
1.532,1.54997,1.7440058,0.01797000000000004,0.21200579929351804
1.693,4.186802999999998,2.0057747,2.4938029999999975,0.3127747364044189
3.585,3.8795905999999984,4.029409,0.2945905999999985,0.44440893173217777
1.75,1.751540099999999,1.2891545,0.001540099999999045,0.4608454704284668
1.125,1.3325900000000002,1.3735054,0.20759000000000016,0.2485053539276123
3.76,3.841201899999997,4.4636865,0.08120189999999727,0.7036864662170412
1.188,1.19451,1.1696508,0.006510000000000016,0.01834920692443842
4.01,4.1465129999999935,3.84276,0.13651299999999367,0.16723991394042947
1.079,0.9926199999999994,0.8642189,0.08638000000000057,0.2147811093330383
3.397,3.283540099999999,3.3657324,0.11345990000000095,0.03126756858825663
1.58,1.6848100000000006,1.6651014,0.10481000000000051,0.08510140895843499
4.688,4.083802400000001,3.5356562,0.6041975999999991,1.1523437862396237
0.631,0.5934799999999999,0.5878426,0.03752000000000011,0.04315741634368897
1.846,2.0114999999999994,1.836958,0.16549999999999931,0.009041949272155847
1.897,2.3463202999999995,2.2340713,0.44932029999999945,0.3370712547302246
1.909,2.542059999999999,2.1744456,0.6330599999999988,0.265445629119873
0.675,1.3679100000000002,1.3733897,0.6929100000000001,0.698389720916748
0.853,0.9902199999999999,1.0183507,0.1372199999999999,0.16535072040557863
1.736,1.6299700000000001,1.7874444,0.10602999999999985,0.05144435310363771
1.297,1.2135,1.2260942,0.08349999999999991,0.0709057540893554
1.81,2.5845202000000014,2.2872756,0.7745202000000013,0.47727555274963374
5.00001,4.932069499999989,4.304986,0.0679405000000104,0.6950239999389645
3.762,3.938351199999998,4.288965,0.17635119999999782,0.5269652252197266
2.43,2.4691700000000005,2.50179,0.03917000000000037,0.07179004669189437
1.482,1.3115700000000001,1.4715993,0.17042999999999986,0.01040065956115721
2.381,2.4759599999999997,2.7159762,0.09495999999999993,0.33497623825073264
4.5,3.5425508999999975,3.6579812,0.9574491000000025,0.8420188426971436
2.4,2.533240000000001,2.631112,0.13324000000000114,0.23111209869384775
5.00001,2.4255510000000005,3.2617292,2.574458999999999,1.7382807595825192
2.741,2.7489600000000007,2.8976147,0.007960000000000633,0.1566147174835204
1.901,2.1497200999999997,2.3411121,0.24872009999999967,0.4401121368408203
2.684,2.6436900000000008,2.8146937,0.0403099999999994,0.1306936893463133
3.493,2.457259999999999,2.4212916,1.035740000000001,1.0717084102630614
2.757,2.764560000000001,2.917123,0.007560000000000677,0.16012307929992664
1.828,2.3221708000000003,1.9327204,0.49417080000000024,0.10472042274475091
5.00001,4.969098299999992,4.466459,0.03091170000000787,0.5335512025451656
2.132,2.4393899999999995,2.3052878,0.3073899999999994,0.17328783798217762
1.795,1.9060201,1.6894892,0.11102010000000018,0.10551075458526604
1.385,1.6619799999999998,1.5896652,0.2769799999999998,0.20466517448425292
1.813,1.67367,1.9693997,0.13932999999999995,0.1563996906280518
3.405,3.655350799999999,4.3260865,0.2503507999999992,0.9210865211486818
2.25,1.839430000000001,2.235257,0.410569999999999,0.01474308967590332
0.683,1.12088,0.74256206,0.43788000000000005,0.0595620555877685
2.379,2.5542999999999996,2.530901,0.17529999999999957,0.1519009552001953
1.497,1.4392300000000002,1.6114914,0.05776999999999988,0.11449144172668446
1.258,1.3490400000000002,1.3928084,0.09104000000000023,0.1348084373474121
0.876,2.1962302999999994,1.0292603,1.3202302999999995,0.1532602777481079
1.25,1.4093700000000007,1.5311083,0.15937000000000068,0.2811082601547241
1.688,1.2359500000000003,1.422271,0.4520499999999996,0.26572898674011225
1.35,1.3067999999999997,1.2787952,0.04320000000000035,0.07120475769042978
0.863,0.9721999999999995,0.95087844,0.10919999999999952,0.08787844133377076
0.649,1.0606100000000003,0.9405482,0.41161000000000025,0.29154818153381346
1.063,2.7647903,2.5136912,1.7017903,1.4506911869049073
2.857,2.770830000000001,2.7627926,0.08616999999999919,0.09420741271972677
2.724,2.713440000000001,3.1299655,0.010559999999999015,0.40596554374694804
2.177,2.3161899999999993,2.2845418,0.13918999999999926,0.10754184532165523
0.918,1.0114300000000003,1.0616776,0.09343000000000024,0.14367757511138912
1.63,1.7275299999999996,1.7324412,0.09752999999999967,0.10244118690490733
1.951,1.862309999999999,1.9153228,0.08869000000000105,0.03567721939086921
0.325,1.13998,1.1366439,0.81498,0.8116438865661622
2.753,1.7028099999999993,1.5689266,1.0501900000000008,1.1840734272003175
1.369,1.3966299999999998,1.3525678,0.02762999999999982,0.016432208061218256
1.941,1.4841799999999994,1.3109648,0.45682000000000067,0.630035177230835
2.302,2.6146199999999995,2.4684885,0.31261999999999945,0.16648845481872554
1.436,1.4456799999999999,1.5755746,0.009679999999999911,0.13957463645935064
0.396,0.9375402000000003,0.5046905,0.5415402000000002,0.10869052791595457
0.598,0.6820900000000003,0.7738171,0.08409000000000033,0.1758171219825745
2.107,2.1588499999999997,2.1796343,0.05184999999999951,0.07263433265686015
1.563,1.0340800000000008,1.12461,0.5289199999999992,0.4383900527954101
2.156,2.306910000000001,2.125976,0.150910000000001,0.03002391433715834
1.775,1.9455600000000004,1.7737178,0.1705600000000005,0.0012822389602660245
2.189,2.3210600999999995,2.3800206,0.13206009999999946,0.19102061843872065
1.284,1.266039999999999,1.1626742,0.017960000000001086,0.12132581138610843
1.906,1.7397399999999996,1.6678848,0.1662600000000003,0.23811517333984367
3.983,4.040021599999999,4.590606,0.05702159999999923,0.6076062126159667
3.671,1.8200799999999995,2.3366702,1.8509200000000003,1.3343298397064207
1.225,2.0071599999999994,1.5669321,0.7821599999999993,0.3419320821762084
3.761,1.76072,1.4059137,2.00028,2.355086289405823
1.576,1.56343,1.4251442,0.01256999999999997,0.15085580444335944
1.781,1.5852100000000002,1.5293853,0.1957899999999997,0.25161467170715324
0.724,0.7513700000000003,0.7456003,0.02737000000000034,0.021600283145904564
2.876,2.328249999999999,2.739015,0.5477500000000011,0.13698489761352528
1.75,1.4291100000000003,1.318723,0.3208899999999997,0.4312770366668701
2.808,2.2351203000000006,2.005934,0.5728796999999992,0.802065999984741
1.605,1.76399,1.5880717,0.15898999999999996,0.016928296089172346
1.586,1.49198,1.4097543,0.09401999999999999,0.1762457237243653
1.443,1.7374800000000006,2.1413054,0.2944800000000005,0.6983054466247558
1.363,1.3536299999999994,1.6297714,0.009370000000000545,0.26677135181427003
2.182,2.2477899999999997,2.0185442,0.0657899999999998,0.1634558029174804
4.664,4.199023799999997,4.4024587,0.4649762000000024,0.26154133224487275
3.861,4.734933999999997,4.5838423,0.8739339999999971,0.7228422775268553
2.512,2.3518,2.7321942,0.16020000000000012,0.220194185256958
1.904,1.8846699999999998,1.9189339,0.01933000000000007,0.01493386840820321
2.231,2.7241200000000005,2.4993036,0.49312000000000067,0.26830357933044446
3.61,2.5992302,2.8129401,1.0107697999999998,0.7970598793029784
2.75,1.55369,1.7167883,1.19631,1.0332117080688477
0.708,1.16698,1.0846804,0.45897999999999994,0.37668043804168705
4.6,3.4489504000000006,3.5356386,1.151049599999999,1.0643614292144772
0.675,0.9308000000000001,1.0638503,0.2558,0.38885028362274165
2.25,1.3899299999999999,1.3978479,0.8600700000000001,0.8521521091461182
1.761,1.9237799999999998,1.7544085,0.16277999999999992,0.006591521263122457
0.524,0.6335499999999997,0.31219098,0.1095499999999997,0.21180902028083803
1.676,1.7263600000000003,1.7157929,0.050360000000000404,0.039792894363403386
0.997,1.1886000000000003,1.0975809,0.19160000000000033,0.10058090972900391
0.889,1.0619800000000001,1.1289322,0.17298000000000013,0.23993223762512206
2.237,2.25571,2.5019164,0.018710000000000004,0.26491640853881826
1.805,2.0993100000000005,1.8823413,0.2943100000000005,0.07734126567840582
0.932,1.0972299999999995,1.1636404,0.16522999999999943,0.23164037990570063
1.738,1.77548,1.8382921,0.03747999999999996,0.10029212188720704
4.908,4.289994099999997,4.3552685,0.6180059000000035,0.5527315216064457
1.042,1.02688,1.1376779,0.015120000000000022,0.09567790794372555
2.761,2.18827,2.9485872,0.57273,0.18758717918395984
2.547,2.5013300000000007,2.3857806,0.04566999999999943,0.1612194271087648
2.123,2.2155900000000006,2.0773127,0.0925900000000004,0.045687292098999244
0.875,0.9369600000000006,0.92323804,0.06196000000000057,0.04823803901672363
0.942,0.8603399999999998,0.83320075,0.08166000000000018,0.10879924726486201
1.635,2.048150000000001,2.2472386,0.413150000000001,0.6122386360168457
5.00001,3.085890299999998,3.2136772,1.9141197000000014,1.7863328321075436
1.25,2.0083206000000002,1.8654497,0.7583206000000002,0.6154496669769287
1.823,1.7133800000000006,2.223299,0.10961999999999938,0.40029902648925786
1.117,1.3244399999999998,1.231866,0.20743999999999985,0.11486600208282471
1.46,1.8451699999999989,2.0247376,0.3851699999999989,0.5647375965118409
5.00001,4.830457899999992,4.6921496,0.16955210000000775,0.30786036087036095
3.205,2.67358,2.4231462,0.5314200000000002,0.7818537521362305
0.48,0.49955000000000027,0.6252621,0.01955000000000029,0.1452620816230774
1.688,2.3318100999999993,1.7945267,0.6438100999999994,0.10652669620513922
0.675,0.7837500000000004,0.76734054,0.10875000000000035,0.09234054088592525
1.731,1.5871799999999996,1.8996524,0.1438200000000005,0.16865236186981192
1.5,0.9008700000000001,0.9235963,0.5991299999999999,0.5764036774635315
3.292,3.2678500000000024,3.352319,0.02414999999999745,0.06031900215148944
1.41,1.5107400000000002,1.4872761,0.10074000000000027,0.07727607727050789
3.78,3.6868403000000014,3.9960744,0.0931596999999984,0.21607443809509297
0.802,0.6859700000000002,0.62805885,0.11602999999999986,0.17394114923477177
2.033,2.1769499999999993,2.2635252,0.14394999999999936,0.23052524757385262
3.949,4.1638113,3.5458283,0.21481130000000004,0.4031716575622557
0.845,0.887,0.94697833,0.04200000000000004,0.10197833061218264
3.273,3.4522307,3.1638837,0.17923069999999974,0.1091163139343263
2.012,1.8181699999999994,1.9495747,0.1938300000000006,0.06242529106140138
1.625,2.484830600000001,2.2602568,0.8598306000000009,0.6352567672729492
2.66,2.8552500999999997,2.924068,0.19525009999999954,0.26406797409057603
2.212,2.34062,2.2089107,0.12861999999999973,0.003089296340942571
1.765,1.84972,1.9439391,0.08472000000000013,0.17893908977508555
2.063,1.7092100000000001,1.918839,0.35379000000000005,0.14416102218627946
5.00001,4.234133799999996,4.3029757,0.7658762000000037,0.6970343453979488
1.867,2.0947299999999993,1.9939417,0.22772999999999932,0.12694166469573975
1.125,1.7887503999999999,2.0156343,0.6637503999999999,0.890634298324585
0.905,0.81694,0.80889463,0.08806000000000003,0.09610536575317385
1.908,2.0491099999999984,1.961216,0.14110999999999851,0.05321597290039071
1.988,1.4144199999999998,1.5004104,0.5735800000000002,0.48758956241607665
1.656,2.142899999999999,2.8330588,0.4868999999999992,1.1770588340759278
5.00001,4.742986499999992,4.800489,0.25702350000000784,0.19952105117797814
1.457,1.5702999999999998,1.6805019,0.11329999999999973,0.22350193786621086
0.913,1.08594,0.8469467,0.17293999999999987,0.06605328369140628
1.404,1.5479299999999998,1.501362,0.1439299999999999,0.09736196613311776
1.917,2.002790000000001,2.2183964,0.08579000000000092,0.30139642524719235
0.611,0.7046500000000002,0.6361328,0.09365000000000023,0.025132776737213147
1.53,1.1151600000000004,1.2294996,0.41483999999999965,0.3005004215240479
0.855,0.7605099999999997,0.83258444,0.0944900000000003,0.022415559291839582
1.645,1.7973299999999985,1.7730627,0.15232999999999852,0.12806270599365233
3.862,3.5167415999999987,4.103455,0.3452584000000014,0.2414550666809081
3.413,3.5352506,3.0827131,0.1222506000000001,0.33028687286376934
2.464,2.6972702,2.4356747,0.2332702000000002,0.02832533264160153
1.218,1.4277099999999998,1.5155774,0.20970999999999984,0.29757743549346927
1.325,1.6931499999999997,1.1687201,0.36814999999999976,0.15627987384796138
0.98,1.01879,1.0095451,0.0387900000000001,0.029545087814331072
2.414,1.8297100000000008,1.965866,0.5842899999999993,0.4481340303421022
1.713,1.7338599999999997,1.7433532,0.020859999999999657,0.03035324764251701
1.201,1.4463499999999996,1.320685,0.2453499999999995,0.11968502902984612
5.00001,5.000009999999989,5.0922017,1.0658141036401503e-14,0.09219170974731483
1.927,1.9576399999999998,1.8205254,0.03063999999999978,0.10647459220886235
2.328,1.9030600000000006,2.1106844,0.4249399999999992,0.21731560516357407
1.918,2.0055300000000016,2.518689,0.08753000000000166,0.6006889171600343
1.963,1.928120000000001,2.003398,0.034879999999999134,0.04039794158935539
2.939,3.1324302000000017,3.232952,0.19343020000000166,0.2939521179199218
0.846,0.9268100000000001,1.0202565,0.08081000000000016,0.17425651931762698
5.00001,4.713246299999992,4.935447,0.28676370000000784,0.06456278396606407
5.00001,4.329912299999996,4.4634113,0.6700977000000039,0.5365986688232418
1.073,1.3267800000000003,1.3460367,0.25378000000000034,0.27303667259216313
1.5,2.22878,2.224722,0.72878,0.7247219085693359
2.042,1.83086,1.8096355,0.21113999999999988,0.23236448001861554
2.683,2.3059700000000003,2.5192528,0.37702999999999953,0.16374722290039045
1.035,1.1925000000000003,0.86288065,0.15750000000000042,0.17211935281753532
1.615,1.5645299999999998,1.3915362,0.05047000000000024,0.22346376419067382
2.224,1.9502300000000008,2.1506362,0.2737699999999994,0.07336380386352559
1.669,1.733540000000001,1.5524842,0.06454000000000093,0.11651584529876713
2.292,2.444460100000001,2.4719474,0.1524601000000012,0.17994743156433124
2.059,2.02088,1.8161782,0.038120000000000154,0.2428217973709108
0.955,0.61083,0.5678753,0.34417,0.3871246743202209
1.625,1.7713300000000012,1.6309671,0.14633000000000118,0.005967140197753906
2.407,2.4805503,2.6003268,0.07355029999999996,0.19332677650451657
0.828,1.0370300000000006,0.9875509,0.2090300000000006,0.15955091428756718
2.302,1.6727602000000004,1.2064062,0.6292397999999997,1.0955937643051148
1.859,1.8549600000000002,1.8173052,0.0040399999999998215,0.041694792747497544
1.058,1.210569999999999,1.2301948,0.15256999999999898,0.17219480705261225
1.188,1.2967799999999996,1.29989,0.10877999999999965,0.11189004135131841
1.944,1.9362199999999998,1.8215257,0.00778000000000012,0.12247430706024165
1.833,1.5214599999999996,1.6314206,0.31154000000000037,0.20157938766479488
2.925,1.8927700000000007,1.7690724,1.032229999999999,1.1559275865554808
1.442,1.3727800000000008,1.4612106,0.06921999999999917,0.01921060848236089
5.00001,3.189420899999999,3.8829167,1.8105891000000005,1.1170933110809322
1.342,2.06074,1.7153984,0.7187399999999999,0.3733984308242797
0.528,0.51374,0.52402437,0.01426000000000005,0.003975632667541529
1.887,1.932709999999999,1.8775011,0.04570999999999903,0.00949886989593507
2.04,2.23597,1.9332068,0.19596999999999998,0.10679320335388187
1.795,1.9487500000000006,1.9245152,0.15375000000000072,0.12951524734497077
0.989,0.88845,0.8380037,0.10055000000000003,0.15099630498886107
2.799,2.3909799999999994,2.7821326,0.4080200000000005,0.016867374420165948
3.277,2.9786699999999997,3.2836306,0.29833000000000043,0.0066306095123289666
2.08,2.0396799999999975,1.9961429,0.040320000000002576,0.08385713577270515
2.083,2.045009999999998,1.9819496,0.03799000000000197,0.10105043220520038
1.125,2.515711099999999,2.55731,1.390711099999999,1.4323101043701172
2.347,3.010809999999999,2.7933326,0.6638099999999989,0.446332576751709
2.145,1.9119000000000002,2.0780778,0.23309999999999986,0.06692220687866213
3.385,3.862270899999999,3.4808679,0.4772708999999993,0.09586786270141623
5.00001,5.000009999999989,5.091703,1.0658141036401503e-14,0.09169293807983436
2.841,2.5426002000000008,2.7991467,0.29839979999999944,0.041853347778320504
5.00001,4.084622899999997,4.310299,0.9153871000000029,0.6897110803222652
1.813,1.7424300000000008,1.7879548,0.07056999999999913,0.025045192718505804
1.25,1.3058301999999997,1.246019,0.05583019999999972,0.00398099422454834
4.125,3.0963400000000005,2.9049954,1.0286599999999995,1.2200045585632324
1.125,1.1156600000000005,1.0124737,0.00933999999999946,0.1125262975692749
0.903,0.64973,0.5558855,0.25327,0.34711450624465945
0.96,1.1099399999999995,1.1844097,0.14993999999999952,0.22440973758697513
1.425,1.8608699999999998,1.6355718,0.43586999999999976,0.2105718374252319
2.663,2.4073599999999997,2.4602642,0.2556400000000001,0.20273579406738262
1.65,1.7231299999999998,1.6062454,0.07312999999999992,0.04375460147857657
1.18,1.40904,1.3056562,0.22904000000000013,0.1256561946868897
1.564,1.8322499999999993,1.6090065,0.2682499999999992,0.04500652408599848
4.268,4.9055681999999905,4.7384195,0.6375681999999907,0.4704195327758791
3.086,2.975660000000001,2.928333,0.110339999999999,0.15766695594787583
2.392,1.3963200000000007,1.50571,0.9956799999999992,0.886289994239807
1.094,1.15427,0.9691086,0.060269999999999824,0.12489141845703133
0.666,0.74476,0.67063576,0.07875999999999994,0.004635759830474817
3.685,3.427310699999999,3.8302088,0.2576893000000009,0.1452087783813476
3.305,3.0134201000000003,3.0602946,0.2915798999999999,0.2447053718566896
2.736,2.8755602000000007,3.0202339,0.13956020000000047,0.2842338695526121
5.00001,4.9928598999999885,5.131747,0.00715010000001115,0.1317367689514164
3.211,3.5790206000000007,4.050079,0.3680206000000008,0.8390788688659669
2.426,1.8805499999999995,1.9986253,0.5454500000000007,0.42737472152709977
2.319,2.7897499999999997,2.674144,0.4707499999999998,0.3551440296173096
1.514,1.6005,1.6921477,0.08650000000000002,0.17814773178100585
2.278,2.00023,2.2507439,0.27776999999999985,0.02725613403320315
3.8,3.8539909,3.5445588,0.053990900000000064,0.2554412364959715
0.952,2.0847599999999993,0.9426614,1.1327599999999993,0.009338595390319782
1.939,1.7899899999999993,1.8049139,0.14901000000000075,0.13408612155914312
2.607,2.29664,2.188379,0.3103600000000002,0.41862095069885275
1.91,1.6903299999999999,1.672871,0.21967000000000003,0.23712900638580314
0.649,0.6819999999999999,0.73111916,0.03299999999999992,0.08211915588378904
1.283,1.51552,1.3923359,0.23252000000000006,0.1093358917236329
1.898,3.3392808999999994,2.9829123,1.4412808999999995,1.084912302017212
1.833,1.8252600000000003,1.68617,0.007739999999999636,0.14683001804351803
1.518,1.1337899999999999,1.2658714,0.38421000000000016,0.25212859439849855
2.573,1.9730999999999994,2.1631913,0.5999000000000005,0.40980868148803706
1.375,1.0138499999999997,0.9972171,0.3611500000000003,0.3777828812599182
1.25,0.9276400000000001,1.019671,0.32235999999999987,0.23032903671264648
2.181,1.7655399999999994,1.5403236,0.4154600000000006,0.6406763849258423
1.681,1.7241499999999998,1.5466325,0.0431499999999998,0.13436747169494634
2.318,1.4328199999999995,1.1334298,0.8851800000000005,1.1845702342987061
1.49,1.2447699999999993,1.1157126,0.24523000000000073,0.37428735733032226
1.703,2.1837100000000005,1.980128,0.4807100000000004,0.2771280498504638
3.913,2.7316602000000008,2.9876227,1.181339799999999,0.9253772621154783
2.823,3.516580499999999,3.9585588,0.693580499999999,1.1355587978363038
5.00001,4.439964199999994,5.229989,0.5600458000000055,0.22997905181884803
1.354,1.5642401,1.59141,0.21024009999999982,0.23741004085540762
3.284,2.644670000000001,2.9175067,0.6393299999999988,0.36649330520629864
3.5,2.3347705000000003,1.8133186,1.1652294999999997,1.6866813898086548
1.823,2.2754099999999995,2.174756,0.45240999999999953,0.3517560501098633
5.00001,4.995439899999989,5.356856,0.004570100000010235,0.35684586929321327
1.92,1.8559699999999995,1.9082628,0.06403000000000048,0.011737151145934988
2.408,2.5193501,2.575766,0.11135010000000012,0.16776608657836922
1.75,2.1312202,2.1763709,0.3812202,0.42637085914611816
1.264,1.15886,1.1507103,0.10514000000000001,0.11328965568542482
1.259,1.4560199999999996,1.3616964,0.19701999999999975,0.10269636249542247
1.947,2.2711900000000003,2.2402241,0.3241900000000002,0.29322412300109857
3.418,3.862861099999999,3.5870194,0.4448610999999989,0.16901944351196274
2.119,1.8497200000000005,1.8107582,0.26927999999999974,0.3082417669296267
1.375,0.7789400000000001,0.64224607,0.5960599999999999,0.7327539324760437
2.706,3.1513110000000015,3.6845152,0.44531100000000157,0.9785152378082276
1.723,1.7230899999999991,1.6696004,8.99999999990353e-05,0.053399632453918544
2.621,2.1018099999999986,1.9741994,0.5191900000000014,0.6468005857467651
1.491,1.62902,1.741307,0.1380199999999998,0.2503070201873778
3.391,2.11505,2.345833,1.27595,1.0451669368743897
2.486,2.3372599999999992,2.3938324,0.14874000000000098,0.09216755485534689
1.287,1.9695800000000017,1.4764924,0.6825800000000017,0.18949240493774422
3.439,2.3242500000000006,2.4210503,1.1147499999999995,1.0179496898651124
1.75,1.7285301000000002,1.5144898,0.02146989999999982,0.2355102300643921
2.875,3.1146000999999996,3.3371816,0.23960009999999965,0.46218156814575195
1.436,1.6217100000000002,1.7786946,0.18571000000000026,0.3426946296691895
3.462,2.760279999999999,3.2256541,0.7017200000000012,0.23634587478637714
2.322,2.6558100000000007,2.5720484,0.3338100000000006,0.2500484256744384
2.0,1.7882405000000006,1.329092,0.21175949999999943,0.6709079742431641
2.415,2.8228899999999997,2.5549614,0.40788999999999964,0.13996144294738766
0.675,0.7720400000000001,0.7971054,0.09704000000000002,0.12210537195205684
1.917,1.7151799999999997,1.8628595,0.20182000000000033,0.0541405124664307
1.783,2.08537,2.071758,0.30237000000000025,0.28875803184509286
1.782,1.6051800000000003,1.8516057,0.17681999999999976,0.06960565376281735
1.332,1.2175000000000002,1.4474905,0.11449999999999982,0.1154904537200927
2.738,2.7591999999999994,2.99434,0.02119999999999944,0.2563399429321289
1.522,1.4334500000000003,1.5862646,0.08854999999999968,0.06426461029052732
1.871,2.030129999999998,1.8397037,0.159129999999998,0.031296320915222164
1.375,1.3941600000000005,1.4119161,0.01916000000000051,0.036916136741638184
1.104,1.3217200000000002,1.2039807,0.21772000000000014,0.09998068428039542
2.406,2.0791999999999993,2.443126,0.32680000000000087,0.03712596321105943
1.625,1.5107,1.4879318,0.11430000000000007,0.13706815242767334
0.838,1.1389,1.2910383,0.30090000000000006,0.4530382747650147
2.656,2.3311400000000004,2.177237,0.3248599999999997,0.478762966156006
2.115,2.28033,2.2655516,0.16532999999999998,0.1505515670776365
1.734,2.3603499999999995,1.4980599,0.6263499999999995,0.23594013118743895
3.1,2.8924311999999985,3.4807076,0.20756880000000155,0.3807076454162597
0.995,0.9759600000000005,1.1154312,0.019039999999999502,0.12043118953704834
1.914,1.8841400000000015,1.8373438,0.029859999999998443,0.07665618801116936
2.201,2.0175699999999988,1.9769344,0.18343000000000131,0.22406556701660163
1.673,1.9132899999999995,1.856013,0.24028999999999945,0.18301294040679927
0.65,0.66027,0.7909989,0.010270000000000001,0.1409988760948181
1.418,1.5630800000000005,1.6776686,0.14508000000000054,0.25966857147216804
2.906,2.9779204000000017,3.1523955,0.07192040000000155,0.2463954868316649
3.192,3.3457005999999994,4.1521254,0.1537005999999992,0.9601253585815428
1.188,1.2239500000000008,1.293603,0.035950000000000815,0.10560294342041021
2.0,2.140420099999999,2.0350633,0.14042009999999916,0.03506326675415039
2.195,2.266080300000001,2.8874378,0.0710803000000011,0.6924378204345705
2.894,2.67347,2.7684171,0.22053000000000011,0.12558288002014173
1.164,1.2036200000000001,1.0962768,0.03962000000000021,0.06772323989868156
1.623,1.5782500000000004,1.6382294,0.04474999999999962,0.015229370117187502
1.141,1.2986900000000003,1.3097888,0.15769000000000033,0.16878882312774657
0.713,0.8436600000000005,0.80191183,0.13066000000000055,0.08891183090209964
1.905,1.7700199999999982,1.7712278,0.13498000000000188,0.1337721633911133
1.973,1.9248300000000003,1.8007416,0.048169999999999824,0.1722584466934205
0.722,0.6950600000000002,0.6126775,0.026939999999999742,0.1093224854469299
1.033,1.5429899999999994,1.5848236,0.5099899999999995,0.5518236083984376
1.43,0.9898699999999994,1.0252339,0.4401300000000006,0.4047661352157592
2.449,2.426800200000001,2.1866598,0.02219979999999877,0.26234018707275375
5.00001,4.050042899999998,4.004143,0.9499671000000021,0.9958667619323727
1.833,1.2329800000000006,1.3485712,0.6000199999999993,0.4844288187026977
0.861,1.5860499999999993,1.3839313,0.7250499999999993,0.5229312791824341
2.184,2.4496200000000004,2.525074,0.2656200000000002,0.34107400512695296
1.108,1.1118799999999998,1.1491779,0.0038799999999996615,0.041177908897399806
2.113,2.06239,1.9973041,0.05060999999999982,0.11569591808319091
3.388,3.110510000000001,3.2754533,0.2774899999999989,0.11254667091369619
1.231,1.4550199999999995,1.5118904,0.22401999999999944,0.28089041137695303
2.695,1.3832900000000001,1.5144916,1.3117099999999997,1.1805084419250487
3.214,2.9818200999999993,3.1807098,0.23217990000000066,0.03329016113281247
0.819,0.9916800000000003,0.9700107,0.1726800000000004,0.15101069784164434
5.00001,4.9972198999999895,5.0252123,0.0027901000000101206,0.02520228790283241
3.046,3.6287111999999984,3.5089502,0.5827111999999985,0.46295023345947284
0.729,0.9693300000000008,1.1517614,0.24033000000000082,0.42276141262054445
1.58,1.4294199999999995,1.4127765,0.1505800000000006,0.1672235298156739
0.622,0.6897599999999993,0.55205655,0.06775999999999927,0.06994344902038574
1.163,0.9711399999999997,0.8596734,0.19186000000000036,0.30332661914825443
3.141,1.3013100000000009,2.1937306,1.8396899999999992,0.9472694072723389
3.625,2.7369899999999983,2.8085344,0.8880100000000017,0.8164656162261963
5.00001,4.670956799999994,4.6882925,0.32905320000000593,0.311717496643066
0.741,1.0616600000000003,0.9748916,0.3206600000000003,0.23389160299301148
1.5,1.3262399999999999,1.4272295,0.17376000000000014,0.07277047634124756
2.7,2.481069999999999,2.811673,0.21893000000000118,0.1116729259490965
1.208,1.40505,1.2482427,0.19704999999999995,0.04024273586273197
2.5,2.217470000000001,1.6896887,0.28252999999999906,0.8103113174438477
0.722,0.7761199999999995,0.812974,0.0541199999999995,0.09097397613525393
3.75,2.91892,2.6229036,0.83108,1.12709641456604
2.396,2.6081900000000013,2.3293192,0.21219000000000143,0.06668076133728018
1.833,2.2292502999999995,1.9509702,0.3962502999999995,0.11797017288208012
1.612,1.7204100000000002,1.9302509,0.10841000000000012,0.3182508831024169
2.51,2.3565300000000007,2.2275057,0.1534699999999991,0.282494316101074
0.455,0.64723,0.61108756,0.19222999999999996,0.1560875606536865
1.781,2.137339999999999,2.3185642,0.3563399999999992,0.5375641765594483
2.589,2.6288599999999995,2.5636768,0.03985999999999956,0.025323165893554656
1.458,1.5248300000000004,1.6602894,0.06683000000000039,0.20228940677642826
0.847,0.8908999999999998,0.74139255,0.04389999999999983,0.10560744714736936
2.167,1.8210000000000008,1.8297576,0.345999999999999,0.33724242877960187
1.304,1.3225500000000003,1.1519909,0.01855000000000029,0.15200910949707036
1.585,1.5785300000000009,1.5420883,0.006469999999999088,0.042911729812622035
1.178,1.31363,1.367391,0.13563000000000014,0.18939099025726325
2.15,2.273310000000001,2.046023,0.12331000000000092,0.1039771080017089
2.686,2.7327505000000007,2.5394144,0.046750500000000805,0.14658559417724604
1.0,1.0104700000000002,0.71754843,0.010470000000000201,0.2824515700340271
3.327,4.447364399999997,4.2535405,1.120364399999997,0.9265405158996582
1.867,1.7419099999999994,1.9029481,0.1250900000000006,0.03594814109802247
0.53,0.6014500000000004,0.60900253,0.07145000000000035,0.07900253057479856
1.497,1.6384499999999995,1.4022008,0.1414499999999994,0.0947991819381715
3.458,3.1318401999999996,3.1796365,0.32615980000000055,0.2783635215759279
1.245,1.3764299999999998,1.2763008,0.1314299999999997,0.03130078792572011
4.758,4.90030879999999,4.6434054,0.1423087999999897,0.11459456253051759
5.00001,3.7780113999999987,4.215417,1.221998600000001,0.7845930917358395
5.00001,5.000009999999989,5.1106253,1.0658141036401503e-14,0.11061526702880897
1.759,1.6852300000000004,1.7142568,0.07376999999999945,0.044743236541747944
1.833,2.399330000000001,2.43357,0.5663300000000009,0.6005699081420899
2.531,3.144610299999999,3.2407558,0.613610299999999,0.709755796432495
1.178,1.230729999999999,1.124921,0.052729999999999055,0.053079035758972104
1.435,1.4663199999999987,1.4162236,0.03131999999999868,0.01877635478973394
5.00001,3.5918211999999996,3.9446845,1.4081888,1.0553254945373531
1.423,1.1459699999999995,0.9892578,0.27703000000000055,0.43374218750000004
1.21,1.4096300000000006,1.2739189,0.19963000000000064,0.06391886711120609
2.688,3.0265902999999987,3.325092,0.33859029999999857,0.6370920772552489
3.302,3.563520799999998,3.0205042,0.2615207999999978,0.28149576377868657
1.218,1.4828999999999997,1.7030014,0.2648999999999997,0.48500137996673587
4.169,3.7073004,3.8963878,0.46169959999999977,0.27261218452453573
2.667,3.1745102000000007,3.2148852,0.5075102000000009,0.5478852348327639
1.894,1.9703199999999998,1.9598355,0.07631999999999994,0.06583552932739267
4.436,3.1814904999999993,3.1087093,1.2545095000000006,1.3272906646728515
1.63,1.6990899999999995,1.7948649,0.06908999999999965,0.16486489295959483
3.825,3.0845,3.117764,0.7405000000000004,0.7072360038757326
1.063,1.3753100000000007,1.3201493,0.31231000000000075,0.25714930248260504
0.578,0.8300000000000002,0.74374044,0.2520000000000002,0.16574043941497807
0.575,0.7551200000000001,0.81022733,0.18012000000000017,0.23522733449935918
2.38,2.7814501999999988,2.270833,0.40145019999999887,0.10916698455810536
2.189,2.247990000000001,2.255487,0.058990000000000986,0.0664869651794433
1.186,1.2816200000000004,0.9507184,0.09562000000000048,0.23528159713745112
3.091,3.6687206999999997,4.1903048,0.5777206999999995,1.0993047561645506
2.132,1.9779700000000002,2.001493,0.1540299999999999,0.13050702285766613
1.802,1.8271899999999996,1.804511,0.0251899999999996,0.002510951042175247
4.708,3.8324015999999976,4.43821,0.8755984000000026,0.26978998947143573
3.372,1.9660499999999996,1.711429,1.4059500000000003,1.660571000099182
0.953,1.0058900000000002,0.9837143,0.052890000000000215,0.030714282512664837
1.039,1.3127899999999995,1.1146829,0.27378999999999953,0.07568291282653816
5.00001,2.6227407,2.4450333,2.3772692999999996,2.5549766881561276
2.15,2.01902,2.108048,0.1309800000000001,0.04195203781127921
1.894,2.305440000000001,2.0442312,0.4114400000000009,0.15023117637634287
1.714,1.6288500000000001,1.8413638,0.08514999999999984,0.12736378765106204
3.57,3.4257801999999997,3.183278,0.14421980000000012,0.3867219161987303
1.962,1.97622,1.9559257,0.014220000000000121,0.0060742969512939116
0.985,1.01525,0.9855536,0.03025,0.0005536222457885875
1.788,2.081499999999999,1.9204686,0.29349999999999876,0.13246856880187985
2.266,2.7108799999999995,2.616743,0.4448799999999995,0.3507430877685547
1.714,1.9763800000000002,1.9801185,0.2623800000000003,0.26611851310729984
2.714,2.4503201000000003,2.7687469,0.26367989999999963,0.05474685287475589
2.168,2.6496902000000007,2.344803,0.4816902000000005,0.17680309486389145
0.679,1.0103798000000004,0.91755694,0.33137980000000034,0.23855694150924678
1.713,1.5086899999999992,1.5662541,0.20431000000000088,0.14674586105346688
1.109,1.3725100000000003,1.4508986,0.26351000000000036,0.3418986473083496
3.325,2.6589700999999986,2.4876165,0.6660299000000016,0.8373834609985353
1.5,1.3915300000000002,1.3357418,0.10846999999999984,0.16425824165344238
1.734,2.55625,2.2762754,0.8222499999999999,0.5422753963470459
2.375,2.5449400000000026,2.8071861,0.16994000000000264,0.4321861267089844
0.658,0.7101700000000002,0.7666046,0.05217000000000016,0.10860460233688352
1.731,1.8754200000000003,1.8607761,0.14442000000000021,0.12977606678009024
3.212,3.3464101,3.2620766,0.13441009999999975,0.05007661628723126
2.65,3.864331899999998,3.7172532,1.2143318999999981,1.0672532081604005
0.875,0.96875,0.8732615,0.09375,0.0017384886741638184
2.103,2.3537,2.2680235,0.2506999999999997,0.16502349090576152
2.478,2.70577,2.8695042,0.22776999999999958,0.3915042133331297
3.757,4.097262599999997,3.782756,0.34026259999999686,0.025756090164184453
1.137,1.256869999999999,1.2714856,0.11986999999999903,0.1344855670928955
5.00001,4.058484299999996,4.262526,0.9415257000000032,0.7374839646911617
0.456,0.5063300000000001,0.4908312,0.05033000000000004,0.03483119630813597
1.306,1.2523100000000005,0.8378036,0.05368999999999957,0.4681963977813721
1.986,2.10216,2.330546,0.11616000000000004,0.3445459022521973
4.367,4.335882800000002,4.500911,0.031117199999997958,0.13391123580932618
0.926,1.1886199999999998,1.3181702,0.26261999999999974,0.39217018985748286
1.5,1.723550099999999,1.3870347,0.22355009999999909,0.11296534538269043
3.599,2.7398601,3.2130158,0.8591399000000002,0.3859842052459719
5.00001,4.907068099999992,5.1862364,0.09294190000000757,0.1862263815307621
0.938,1.1669902,1.1437486,0.22899020000000014,0.20574864101409918
3.833,3.663170999999998,2.299316,0.16982900000000223,1.5336840705871584
1.917,1.5693199999999998,1.5632472,0.3476800000000002,0.35375279617309574
2.672,2.424870000000001,2.6227179,0.24712999999999896,0.04928214263916031
2.802,2.445410000000001,2.209596,0.35658999999999885,0.5924040813446045
0.521,0.5523500000000002,0.56802636,0.03135000000000021,0.047026363849639874
1.102,1.1345400000000003,1.1231698,0.032540000000000235,0.021169779777526765
1.646,1.174949999999999,1.1527835,0.47105000000000086,0.4932164869308471
3.248,3.552120199999998,4.1263413,0.3041201999999976,0.8783413429260252
1.227,1.3847199999999997,1.306206,0.15771999999999964,0.07920598793029776
2.167,2.473980000000001,2.7036297,0.30698000000000114,0.5366297321319582
0.736,1.0810599999999995,0.90520084,0.3450599999999995,0.1692008390426636
2.541,2.487410100000001,2.620676,0.05358989999999908,0.07967604064941414
1.875,1.528750000000001,1.5012244,0.34624999999999906,0.3737756013870239
1.66,2.2492199999999998,1.844001,0.5892199999999999,0.18400105476379403
1.579,1.6652299999999998,1.9036436,0.0862299999999998,0.32464360809326176
1.938,2.06662,2.0886662,0.12861999999999996,0.15066620063781744
1.408,1.178350000000001,1.0918667,0.22964999999999902,0.31613326835632316
0.953,0.8236299999999999,0.9449406,0.1293700000000001,0.00805937337875362
2.27,2.5842199999999993,2.4699914,0.3142199999999993,0.19999144554138182
2.656,2.68809,2.6876903,0.03208999999999973,0.03169025802612291
0.902,1.2010699999999999,1.026916,0.29906999999999984,0.12491602706909177
1.832,1.9992800000000002,1.8207968,0.1672800000000001,0.011203152656555249
1.846,1.7761999999999998,1.6763916,0.0698000000000003,0.16960839843750009
1.625,1.9072100000000003,1.7865918,0.2822100000000003,0.1615917682647705
1.25,1.5975804000000005,2.0430996,0.34758040000000046,0.7930996417999268
0.972,1.3342599999999998,1.0839711,0.3622599999999998,0.11197114276885989
3.553,2.787410100000001,3.226131,0.7655898999999988,0.32686903762817376
1.362,1.37964,1.3350734,0.017639999999999878,0.026926648139953713
1.25,1.5556000000000012,1.3075839,0.3056000000000012,0.05758392810821533
3.056,3.0000202000000025,3.1572452,0.05597979999999758,0.10124515914916987
1.766,1.521169999999999,1.4752316,0.244830000000001,0.29076835250854494
3.486,3.0863207999999984,3.2683039,0.3996792000000018,0.21769612884521505
2.992,2.3232099999999996,2.471015,0.6687900000000004,0.5209850234985351
0.721,1.7368603000000002,1.0569242,1.0158603000000004,0.33592422389984133
1.095,1.6506799999999995,1.3113146,0.5556799999999995,0.21631458282470706
2.811,3.1001302000000006,3.209715,0.28913020000000067,0.39871488952636724
1.563,1.8723099999999997,1.7965767,0.30930999999999975,0.233576738357544
2.342,2.37936,2.55107,0.03736000000000006,0.2090699748992919
0.597,0.70434,0.6397509,0.10733999999999999,0.04275089788436892
2.5,2.847990000000001,2.6000285,0.34799000000000113,0.10002851486206055
2.033,2.6226102999999994,2.5215545,0.5896102999999995,0.48855447006225594
1.731,2.0342701999999995,1.7878857,0.3032701999999994,0.05688566589355459
3.003,2.778210000000001,3.0649726,0.22478999999999916,0.06197263908386219
2.38,2.34649,2.4433956,0.03350999999999971,0.06339561462402354
1.79,1.70791,1.6786307,0.08209,0.11136929035186771
1.66,1.8819700000000004,1.7963668,0.22197000000000044,0.1363668107986451
1.607,1.8547399999999996,1.6726382,0.24773999999999963,0.06563817787170412
1.475,1.55793,1.3798054,0.08292999999999995,0.09519455432891855
1.921,1.9142900000000014,1.9347007,0.0067099999999986615,0.013700727462768514
0.564,0.5147599999999998,0.4412708,0.04924000000000017,0.12272920155525202
3.048,3.2345406,3.450937,0.18654059999999983,0.4029370326995849
4.398,3.911742099999998,3.751129,0.4862579000000018,0.6468710880279538
1.375,1.19012,1.1829172,0.18487999999999993,0.19208276271820068
1.375,1.1593400000000005,1.2102946,0.21565999999999952,0.16470539569854736
1.346,1.57661,1.637013,0.23060999999999998,0.29101295852661124
2.625,2.474069999999999,2.4059837,0.15093000000000112,0.21901631355285645
0.834,0.9536199999999999,1.060981,0.11961999999999995,0.22698103523254398
1.135,0.9339800000000004,1.0414914,0.20101999999999964,0.09350861072540284
0.714,0.9120900000000002,1.0990388,0.1980900000000002,0.38503883934021
2.045,2.133890000000001,2.300546,0.08889000000000102,0.25554593086242683
2.824,3.2660400999999983,3.043346,0.4420400999999985,0.21934592819213883
1.457,1.6195800000000002,1.5154222,0.16258000000000017,0.05842222499847405
2.647,2.8150402,2.9786017,0.16804020000000008,0.33160169410705587
2.75,2.8409302999999992,2.5189013,0.09093029999999924,0.23109865188598633
1.716,1.6660499999999998,1.4396968,0.04995000000000016,0.2763032112121582
2.167,2.2445900999999995,2.7406082,0.07759009999999966,0.5736082153320314
1.807,2.106569999999999,2.203947,0.2995699999999992,0.39694706726074225
2.125,1.0935399999999997,1.1343172,1.0314600000000003,0.99068284034729
1.677,2.6994700000000007,1.8582553,1.0224700000000007,0.18125526714324947
0.425,0.4985899999999998,0.42409852,0.07358999999999982,0.0009014785289764293
2.384,2.645719999999999,2.8784404,0.26171999999999906,0.49444038009643565
1.44,0.85649,0.9645259,0.58351,0.4754741215705871
0.436,0.5071099999999998,0.3946454,0.07110999999999984,0.041354607105255126
3.635,2.684010199999999,3.045388,0.9509898000000008,0.5896120166778562
1.862,2.136030100000001,2.0731695,0.27403010000000094,0.21116946983337392
0.675,0.6396799999999999,0.7352492,0.03532000000000013,0.06024922132492061
1.596,2.6470800000000003,2.5035696,1.0510800000000002,0.9075696029663085
1.956,2.1712000999999987,2.1316884,0.21520009999999878,0.17568835639953617
1.548,1.824939999999999,1.8759172,0.27693999999999885,0.32791719627380367
4.507,4.615574599999995,4.3820868,0.10857459999999541,0.12491324615478483
0.699,0.6632000000000003,0.51820034,0.03579999999999961,0.18079966211318965
1.322,1.34708,1.493318,0.02507999999999999,0.17131796169281
3.28,3.6669507999999977,3.614395,0.38695079999999793,0.3343949031829836
2.728,2.800590000000001,2.940928,0.07259000000000082,0.21292798233032206
0.663,1.3442002,0.9413024,0.6812001999999999,0.27830241870880124
1.293,1.420869999999999,1.3213398,0.12786999999999904,0.028339845657348706
0.771,0.8673599999999998,0.8495552,0.09635999999999978,0.07855519437789915
1.555,1.794,1.660866,0.2390000000000001,0.10586602210998541
1.26,1.4782300000000002,1.5280569,0.21823000000000015,0.26805685997009276
2.403,1.9835800000000001,2.036136,0.4194199999999999,0.3668640880584717
1.33,1.3676999999999995,1.4470234,0.0376999999999994,0.11702339172363274
0.949,1.22044,1.4053773,0.27144,0.4563772687911988
2.039,2.6983300000000003,3.1203759,0.6593300000000002,1.081375871658325
0.61,0.7522600000000003,1.4651423,0.14226000000000028,0.8551422500610352
1.392,1.3809699999999991,1.3586285,0.011030000000000761,0.033371488571166896
2.292,2.2891599999999994,2.5649889,0.0028400000000003978,0.2729888515472414
2.606,3.626992099999999,3.0821059,1.020992099999999,0.4761058750152589
2.511,2.4737609000000003,2.3454552,0.03723909999999986,0.16554483032226575
3.276,2.2845299999999997,2.278877,0.9914700000000001,0.9971229801177977
1.679,1.9038499999999998,1.8265737,0.22484999999999977,0.14757372951507564
2.12,2.284749999999999,2.587801,0.16474999999999884,0.4678009796142577
2.333,2.1777999999999995,2.1720881,0.15520000000000067,0.1609118537902834
2.554,2.8639103000000006,2.2325869,0.30991030000000075,0.32141313934326154
0.675,0.9337999999999999,0.9339136,0.2587999999999998,0.2589135885238647
1.62,2.6538304999999993,2.8900807,1.0338304999999992,1.270080690383911
1.172,1.2359499,0.9030665,0.06394990000000011,0.26893348407745354
1.097,1.2877999999999998,1.0544515,0.19079999999999986,0.04254853439331052
2.75,0.9852200000000002,1.0911822,1.7647799999999998,1.6588177680969238
1.118,1.3458599999999992,1.3919272,0.22785999999999906,0.27392724227905263
1.66,1.9035900000000001,2.009231,0.2435900000000002,0.3492310905456544
0.927,0.9726700000000004,0.91391766,0.04567000000000032,0.013082339286804245
1.86,1.9706600000000003,1.9093031,0.1106600000000002,0.04930306911468496
0.973,1.1837199999999997,1.224285,0.21071999999999969,0.25128500652313235
2.413,2.964140099999999,2.95085,0.5511400999999991,0.5378500099182131
2.585,2.4820799999999994,2.7937424,0.10292000000000057,0.2087424182891846
1.382,1.5797799999999997,1.8710275,0.19777999999999984,0.48902746963500987
1.961,2.6956601,2.4635222,0.7346600999999999,0.50252219581604
4.192,4.6760260999999925,5.0296826,0.48402609999999235,0.8376826362609862
1.388,1.37864,1.2520432,0.009359999999999813,0.1359567527770995
3.766,4.811106799999992,4.349758,1.0451067999999921,0.5837581481933594
1.651,1.6835799999999992,1.605428,0.032579999999999165,0.04557201957702639
1.818,1.9093503000000005,2.4217122,0.09135030000000044,0.6037121601104736
2.118,1.650210000000001,1.6222379,0.4677899999999988,0.4957620792388915
1.125,1.5048100000000002,1.3118101,0.3798100000000002,0.18681013584136963
1.443,1.2497500000000004,1.30921,0.1932499999999997,0.13379005718231207
2.22,2.4254200000000012,2.3729355,0.20542000000000105,0.15293553352355937
0.536,0.6845599999999998,0.68780494,0.1485599999999998,0.15180493736267087
1.308,1.3425200000000002,1.2603377,0.034520000000000106,0.04766228961944585
2.276,2.9418703000000006,2.8288546,0.6658703000000008,0.552854560852051
2.75,2.7521802999999996,2.9979708,0.00218029999999958,0.2479708194732666
1.919,1.8917699999999993,1.8804964,0.027230000000000754,0.03850361728668217
0.641,0.7032700000000004,0.51329786,0.06227000000000038,0.1277021441459656
0.681,0.9526300000000005,0.7697794,0.2716300000000005,0.0887793841361999
2.552,2.3692500000000005,2.4491704,0.18274999999999952,0.10282964897155766
2.441,2.6033499999999976,2.6682024,0.16234999999999777,0.2272024002075197
3.37,2.7173101000000015,2.7707736,0.6526898999999986,0.5992263507843019
2.083,1.7480000000000002,1.8497528,0.33499999999999996,0.2332472162246706
5.00001,4.853658299999991,4.7837725,0.1463517000000083,0.2162375314331051
1.721,1.7783800000000012,1.7380108,0.0573800000000011,0.017010764122009192
1.289,0.8072800000000001,0.7885112,0.4817199999999998,0.5004887833595275
1.449,1.0485499999999999,1.1433165,0.4004500000000002,0.3056834926605225
0.72,0.7644797999999995,0.4602655,0.044479799999999514,0.2597345125675201
1.429,1.5255900000000002,1.4358913,0.09659000000000018,0.006891270637512159
4.361,3.0195502,2.899454,1.3414498,1.4615458831787107
2.042,1.7809800000000002,1.8248566,0.2610199999999996,0.21714336109161358
1.957,2.28869,2.185501,0.3316899999999998,0.22850109863281243
0.905,1.12237,1.1023358,0.21737000000000006,0.1973358106613159
2.361,1.8376499999999993,1.7257098,0.5233500000000009,0.635290204048157
1.869,1.9214300000000002,1.7042005,0.0524300000000002,0.16479949378967285
1.625,1.8921400000000008,2.1343443,0.2671400000000008,0.5093443393707275
1.125,1.4797599999999995,1.2191678,0.3547599999999995,0.09416782855987549
0.58,0.55687,0.49516836,0.023129999999999984,0.08483164191246029
3.074,4.0815436999999966,3.459911,1.0075436999999967,0.38591110801696793
3.538,4.545255499999995,4.8830934,1.0072554999999954,1.3450933570861818
2.909,2.7610800999999987,2.6370165,0.1479199000000011,0.27198346519470196
3.586,3.4740303999999993,3.536751,0.11196960000000056,0.0492489681243895
2.462,2.1777,2.2622662,0.2843,0.199733840942383
0.721,1.1958400000000002,1.0789196,0.47484000000000026,0.35791964912414553
1.075,1.2668900000000003,1.2160289,0.19189000000000034,0.1410289287567139
0.786,0.7715400000000002,0.7292263,0.014459999999999806,0.05677370882034305
1.876,1.8507699999999985,1.6031113,0.025230000000001418,0.27288873291015614
0.979,1.2869499999999996,1.2773685,0.3079499999999996,0.2983685455322266
1.866,2.388609999999999,2.1837034,0.5226099999999989,0.3177034225463866
1.969,2.040550000000001,1.7762203,0.07155000000000089,0.19277967834472665
1.115,0.9138700000000002,0.93752337,0.2011299999999998,0.17747663497924804
1.563,1.8746299999999996,1.8930777,0.31162999999999963,0.3300777311325074
2.182,2.6403,2.5864165,0.45829999999999993,0.4044164829254151
2.935,4.489072800000001,4.1313696,1.5540728000000006,1.1963695907592773
0.59,0.9932899999999998,0.85744417,0.4032899999999998,0.267444167137146
1.628,1.361059999999999,1.4070144,0.26694000000000084,0.22098563003540028
1.029,1.0294099999999993,1.0273058,0.0004099999999993553,0.0016941585540770632
0.543,0.897659999999999,0.7848845,0.354659999999999,0.24188451242446896
1.663,1.4678599999999995,1.650405,0.19514000000000054,0.01259495067596439
1.525,1.9003799999999997,1.7943937,0.3753799999999998,0.2693936586380006
1.426,2.0288299999999992,1.4343848,0.6028299999999993,0.00838482284545905
1.5,1.3861100000000002,1.3765047,0.11388999999999982,0.12349534034729004
0.844,0.8856,1.0151654,0.04160000000000008,0.17116544818878177
2.1,1.965099999999999,1.8368239,0.13490000000000113,0.2631760597229005
1.375,1.2970199999999994,1.4649991,0.0779800000000006,0.08999907970428467
3.5,2.954800499999999,2.67793,0.5451995000000012,0.8220698833465576
1.719,1.2531699999999995,1.3251351,0.46583000000000063,0.39386488819122323
1.431,1.6176199999999996,1.4374397,0.18661999999999956,0.006439680099487255
4.523,3.7933708999999998,3.6737192,0.7296290999999999,0.8492808322906491
1.76,1.6302800000000004,1.7112217,0.1297199999999996,0.048778305053710946
1.127,1.1539500000000005,0.9999053,0.026950000000000474,0.1270947117805481
0.684,0.8172399999999999,0.8433564,0.1332399999999998,0.15935637092590327
1.907,1.852239999999999,1.8054233,0.05476000000000103,0.1015767402648926
3.318,4.150821199999998,3.6577103,0.8328211999999984,0.339710313796997
1.84,2.01802,1.9568163,0.17801999999999985,0.11681631565093986
1.625,1.3178199999999995,1.1742113,0.30718000000000045,0.4507887363433838
1.294,1.4430100000000001,1.271941,0.1490100000000001,0.022059053421020547
1.728,1.39727,1.2067715,0.33072999999999997,0.5212285070419311
1.911,1.7394399999999992,1.9709305,0.17156000000000082,0.05993045711517331
2.949,3.0347801000000003,3.2788854,0.08578010000000047,0.32988536453247086
1.886,1.9821499999999999,2.1948082,0.09614999999999996,0.3088082447052003
0.638,1.2847603,1.2824004,0.6467603000000001,0.644400369644165
4.661,4.583654799999998,4.7287374,0.07734520000000167,0.06773735427856487
1.868,1.9809200000000002,2.2129831,0.11292000000000013,0.3449831314086913
1.393,1.3683500000000013,1.3249298,0.02464999999999873,0.0680701665878296
3.303,2.4403799999999993,2.7309685,0.8626200000000006,0.5720315246582031
2.848,3.0290001999999987,2.9510772,0.18100019999999883,0.10307722282409681
1.988,2.0516700000000005,2.0785828,0.06367000000000056,0.09058276367187501
0.693,0.7958199999999995,0.8876201,0.10281999999999958,0.1946200914382935
1.455,1.4579600000000006,1.551765,0.0029600000000005178,0.09676496505737298
1.662,1.7061899999999997,1.6528527,0.04418999999999973,0.009147345542907637
2.738,2.6120804999999994,2.633305,0.12591950000000063,0.10469492721557616
1.49,1.38127,1.3633355,0.10873,0.12666450977325439
2.154,2.2692700999999995,2.3277237,0.1152700999999996,0.17372374153137216
2.878,3.638730299999998,3.8660538,0.7607302999999979,0.988053819656372
4.063,2.556210100000001,2.3737001,1.506789899999999,1.6892998580932614
1.603,1.4528999999999999,1.5287956,0.15010000000000012,0.07420440006256102
2.4,3.064121199999999,2.754642,0.664121199999999,0.3546420097351075
0.609,0.8879900000000004,0.73205215,0.2789900000000004,0.12305214738845827
1.423,1.5054699999999994,1.3325293,0.08246999999999938,0.09047069358825688
0.848,1.08412,1.031586,0.23612,0.18358605098724368
2.054,1.9897000000000005,2.2279131,0.06429999999999936,0.17391314125061053
3.968,3.6158406999999984,3.0220084,0.3521593000000016,0.9459915809631347
1.354,1.8705801000000009,1.9342291,0.5165801000000008,0.5802291355133056
1.154,1.4611201,1.676283,0.3071201000000001,0.5222830018997193
1.625,2.8480309,2.7543426,1.2230309,1.1293425559997559
4.25,2.4901799999999987,2.8446875,1.7598200000000013,1.4053125381469727
1.143,0.9564499999999996,0.9393172,0.18655000000000044,0.2036827735900879
5.00001,4.96627969999999,4.501415,0.03373030000000998,0.49859522415161095
5.00001,4.912648099999991,4.9382534,0.08736190000000832,0.061756597290038684
0.487,0.60759,0.60608804,0.12058999999999997,0.11908804225921632
2.947,3.071290000000001,3.02312,0.12429000000000112,0.07611992645263665
3.005,2.3379699999999994,2.3085346,0.6670300000000005,0.6964653778076171
3.432,1.8574799999999998,2.4154913,1.5745200000000001,1.0165086574554443
0.92,1.6359900999999994,1.5467433,0.7159900999999994,0.6267432737350463
2.781,2.9780199999999986,3.1012032,0.19701999999999842,0.3202032032012938
3.809,4.060233499999996,4.1309586,0.2512334999999961,0.3219585571289061
3.398,2.7751502999999995,3.2205184,0.6228497000000006,0.17748164939880384
0.968,1.0735599999999994,1.1190346,0.10555999999999943,0.15103464794158938
2.7,2.0213400000000004,2.5704746,0.6786599999999998,0.12952537536621112
1.9,2.117230000000001,1.8058132,0.21723000000000114,0.09418680667877188
1.813,1.8300499999999993,1.6823199,0.017049999999999343,0.1306801204681396
1.006,1.0352899999999996,0.90462464,0.029289999999999594,0.10137535905838013
1.708,1.4971700000000008,1.6965977,0.21082999999999918,0.01140230464935299
1.527,1.5344999999999986,1.9610174,0.00749999999999873,0.4340173702239991
3.536,2.7333304999999997,2.7786021,0.8026695000000004,0.757397876739502
2.0,2.1370501999999996,2.5057285,0.13705019999999957,0.5057284832000732
2.134,2.9401707,2.6850376,0.8061707,0.5510376129150392
1.531,1.6382999999999999,1.620087,0.10729999999999995,0.08908702754974374
3.797,2.8784003999999994,2.7734935,0.9185996000000007,1.0235064716339113
2.75,2.3146402999999993,2.6279147,0.4353597000000007,0.1220853328704834
0.786,1.4657299999999998,1.1537669,0.6797299999999997,0.3677668704986572
1.883,2.40789,2.0878587,0.5248900000000001,0.20485867691040038
1.38,1.518279999999999,1.4825473,0.13827999999999907,0.10254728317260753
5.00001,4.8787481999999915,4.915095,0.12126180000000808,0.08491514755248986
1.974,1.9191300000000007,1.8045174,0.05486999999999931,0.16948261165618894
2.446,2.8883700999999995,2.931293,0.4423700999999993,0.48529301071166975
1.653,1.5931299999999995,1.669135,0.059870000000000534,0.016134974479675268
3.004,3.2161699999999986,3.0619843,0.21216999999999864,0.05798430061340332
0.882,1.0587100000000003,1.1232581,0.17671000000000026,0.24125811386108398
5.00001,4.8452678999999925,4.971263,0.1547421000000071,0.028747068176269153
1.631,1.3446399999999994,1.3709142,0.2863600000000006,0.2600857791900635
1.919,2.0470402,2.0361369,0.12804020000000005,0.11713686561584469
3.553,3.3287404999999994,3.6673644,0.2242595000000005,0.1143643589019776
4.303,3.4031103,3.6816034,0.8998897000000001,0.6213965682983398
0.427,0.5208999999999999,0.5572453,0.09389999999999993,0.13024531412124635
3.781,3.6861607999999997,4.4465237,0.09483920000000046,0.6655236663818358
2.64,2.437840000000002,2.5677242,0.20215999999999834,0.07227577209472669
1.119,1.8351000000000002,1.5668124,0.7161000000000002,0.4478123960494995
2.245,2.0470500000000005,2.0519476,0.19794999999999963,0.19305240631103526
1.25,1.7180599999999995,1.5543687,0.4680599999999995,0.3043687343597412
0.641,0.7781699999999998,0.8426705,0.1371699999999998,0.2016705002784729
0.884,0.9716600000000004,1.1210533,0.0876600000000004,0.23705333805084228
3.892,3.549830700000001,3.2910783,0.3421692999999988,0.6009216709136962
1.938,1.1452499999999999,0.77759904,0.7927500000000001,1.160400963306427
5.00001,4.513923799999997,4.395231,0.4860862000000026,0.6047792298889156
1.875,3.608491499999997,3.8651235,1.7334914999999969,1.9901235103607178
2.103,2.096020000000001,1.9052514,0.006979999999999098,0.1977486162185671
2.128,2.0559800000000017,1.9861919,0.07201999999999842,0.14180813121795666
1.775,2.1645701,2.0837567,0.38957010000000025,0.3087566852569581
1.813,1.4974699999999999,2.0531554,0.3155300000000001,0.24015542221069341
1.595,1.54296,1.7041892,0.052039999999999864,0.10918918132781985
1.775,1.8007900000000006,1.5714935,0.025790000000000646,0.20350649356842032
1.161,1.2542100000000003,1.2721626,0.09321000000000024,0.11116255664825436
5.00001,3.869231199999998,4.056471,1.1307788000000016,0.9435391290283199
1.625,1.5808300000000006,1.4840106,0.044169999999999376,0.14098942279815674
1.355,1.57827,1.7485794,0.22327000000000008,0.39357938289642336
0.996,1.15009,1.0960041,0.15409000000000006,0.10000412845611573
1.185,1.27297,1.2040726,0.08796999999999988,0.019072594642639107
1.569,1.4823,1.508543,0.0867,0.06045698547363276
1.472,1.5253099999999997,1.378307,0.053309999999999746,0.09369301509857175
0.858,0.92731,0.70216876,0.06930999999999998,0.15583123731613158
5.00001,3.371332699999999,3.0645096,1.6286773000000005,1.9355003697967526
1.709,1.8520000000000012,1.5024823,0.14300000000000113,0.20651770496368416
2.579,3.548970099999998,2.7797513,0.9699700999999976,0.2007513008117674
1.643,1.6415900000000014,1.6635222,0.001409999999998579,0.020522243499755843
4.389,3.934782399999997,4.3369455,0.45421760000000333,0.05205446624755883
0.98,1.0805999999999996,1.0215769,0.10059999999999958,0.041576881408691424
2.887,2.832650000000001,2.7606425,0.05434999999999901,0.12635747146606446
2.032,2.5411701000000004,2.364743,0.5091701000000004,0.33274299430847165
2.836,2.8200502000000007,2.8994317,0.015949799999999126,0.06343170547485366
1.625,3.2812223999999968,2.735807,1.6562223999999968,1.110806941986084
0.953,0.9882900000000001,1.0074965,0.035290000000000155,0.05449647617340092
1.617,1.49841,1.7191967,0.11858999999999997,0.10219667720794678
1.875,1.5930099999999998,1.6368996,0.2819900000000002,0.23810040950775146
1.58,1.5422900000000002,1.39468,0.03770999999999991,0.1853199768066407
4.561,2.8597399999999995,3.2114196,1.7012600000000004,1.3495804176330566
1.029,1.40844,1.4120519,0.37944,0.3830519161224366
1.654,1.9815400000000005,2.1576364,0.3275400000000006,0.5036364040374757
0.544,0.5142000000000001,0.4619455,0.029799999999999938,0.08205449604988102
1.472,1.4971499999999995,1.5529149,0.02514999999999956,0.08091485786437991
0.95,1.01971,0.91514236,0.06970999999999994,0.034857642650604204
1.43,2.4611502000000005,1.5376744,1.0311502000000006,0.10767442703247077
0.972,1.3369100000000005,1.3525332,0.3649100000000005,0.38053322124481204
1.129,1.2281799999999996,1.072371,0.0991799999999996,0.05662899398803711
1.733,1.6451200000000006,2.1010382,0.08787999999999951,0.36803821754455557
3.931,2.810970000000001,3.0724952,1.120029999999999,0.8585047779083252
0.63,0.7981199999999995,0.9187076,0.1681199999999995,0.28870760917663574
2.973,2.669730000000001,2.7354844,0.30326999999999904,0.2375156383514403
2.421,1.9265099999999993,2.181291,0.49449000000000054,0.2397088966369627
2.939,3.3218104000000017,3.28179,0.38281040000000166,0.342790018081665
1.131,1.3974900000000003,1.3828603,0.26649000000000034,0.25186030292510986
1.372,1.234529999999999,1.1888807,0.1374700000000011,0.18311931800842296
2.971,1.8097899999999996,1.5718862,1.1612100000000005,1.3991138181686402
2.435,2.38448,2.4869552,0.05052000000000012,0.051955165863037056
0.988,0.8451900000000002,1.003946,0.14280999999999977,0.01594594669342042
2.448,2.4866999999999995,2.4061708,0.03869999999999951,0.04182915496826167
3.278,3.316350699999999,3.260394,0.03835069999999918,0.017605903625488306
4.375,3.639880700000001,3.7001154,0.7351192999999991,0.674884557723999
1.635,1.6535199999999997,1.7970027,0.018519999999999648,0.16200267314910888
1.024,1.30135,1.3583889,0.27735,0.3343889007568359
1.122,1.0488999999999997,1.1051205,0.07310000000000039,0.01687946033477794
1.659,2.11071,1.894691,0.45171000000000006,0.23569099044799802
2.5,2.7146000000000003,2.9600418,0.21460000000000035,0.46004176139831543
1.581,1.7775899999999998,1.7123553,0.19658999999999982,0.13135525608062748
0.875,1.08725,1.2410572,0.21225000000000005,0.3660571575164795
1.35,1.4073499999999997,1.5824656,0.05734999999999957,0.23246564865112296
0.795,1.4000401,1.3520592,0.6050401,0.5570592451095581
1.621,1.3157599999999996,1.2734401,0.3052400000000004,0.3475598773956299
2.284,2.0610099999999987,2.0268247,0.22299000000000113,0.2571752872467039
1.406,1.7842100000000005,1.3445735,0.3782100000000006,0.06142650222778312
0.713,1.7133402000000002,1.3405498,1.0003402000000001,0.6275498266220093
2.663,2.6480799999999993,2.8364952,0.014920000000000488,0.17349516105651874
0.813,0.7692,0.865573,0.04379999999999995,0.05257298898696905
1.85,2.2806399999999996,2.104409,0.43063999999999947,0.25440897941589347
3.293,3.243350700000001,2.8818738,0.04964929999999912,0.411126153945923
1.688,1.5008200000000003,1.5223494,0.18717999999999968,0.16565064239501948
1.104,1.5403799999999999,1.4142202,0.43637999999999977,0.3102202138900756
5.00001,4.497414399999996,4.8610597,0.5025956000000038,0.13895033432006798
0.857,1.5393099999999995,1.0387154,0.6823099999999995,0.18171536254882814
0.633,0.5426500000000002,0.4315877,0.09034999999999982,0.20141230392456055
5.00001,4.966979799999989,5.43623,0.033030200000010446,0.43622018264770546
1.838,2.073829999999999,2.1242235,0.2358299999999991,0.28622347068786613
1.507,1.3254599999999996,1.3504708,0.18154000000000026,0.15652921867370595
2.429,2.6030401999999997,2.635718,0.17404019999999987,0.20671810722351092
3.267,2.757780299999999,3.5044937,0.5092197000000009,0.23749371337890635
2.204,1.9459699999999995,1.9708352,0.25803000000000065,0.23316479110717792
2.407,2.1703299999999994,2.317894,0.2366700000000006,0.08910601806640628
5.00001,4.909187699999992,5.0962343,0.09082230000000724,0.09622432159423866
0.984,1.17814,1.1273344,0.19413999999999998,0.1433343563079834
1.669,1.8910199999999997,1.797676,0.22201999999999966,0.12867596721649166
2.054,1.9472999999999994,1.8498331,0.10670000000000046,0.204166869163513
0.901,0.9864699999999996,1.0076863,0.0854699999999996,0.1066862573623657
1.898,1.6840300000000001,1.8273535,0.21396999999999977,0.07064652252197257
1.625,1.23743,1.4670528,0.38756999999999997,0.15794718265533447
3.337,2.5250302999999987,3.1595008,0.8119697000000015,0.17749916267395038
0.851,1.0983899999999995,0.9254787,0.24738999999999955,0.07447869682312014
1.344,1.25854,1.1136544,0.08546000000000009,0.23034562492370614
1.446,1.79415,2.0035834,0.34814999999999996,0.5575834312438965
2.15,2.03947,1.8509976,0.1105299999999998,0.29900243282318106
0.975,1.2490400000000004,1.5670257,0.2740400000000004,0.5920256614685059
2.1,2.8483202999999992,2.8061056,0.7483202999999992,0.706105613708496
3.12,3.042589999999999,3.2085915,0.07741000000000131,0.08859146118164052
3.0,2.7794210999999986,2.6274755,0.22057890000000135,0.3725244998931885
2.024,1.9585699999999997,2.0970557,0.06543000000000032,0.07305567359924314
2.541,3.3207106,3.0613406,0.7797106,0.5203405704498292
1.16,1.52676,1.5423331,0.36676,0.3823331260681153
1.67,1.81943,1.7033353,0.14943000000000017,0.03333528518676765
3.969,3.251230100000002,3.5433872,0.7177698999999977,0.4256128253936766
2.27,1.904889999999999,1.8878266,0.36511000000000093,0.3821734380722046
5.00001,3.9937133999999985,4.6853423,1.006296600000001,0.31466768814086876
5.00001,4.838915999999996,4.5990405,0.16109400000000385,0.40096949172973595
1.99,2.085959999999999,2.1581194,0.09595999999999916,0.16811944007873536
3.691,4.8385184999999895,4.275881,1.1475184999999897,0.584880813598633
0.225,1.2953003,1.5369732,1.0703003,1.311973237991333
0.957,1.0286799999999996,1.0937116,0.07167999999999963,0.1367116146087647
3.659,4.252703399999998,4.437468,0.5937033999999981,0.7784680519104006
2.158,2.311340000000001,2.0465205,0.15334000000000092,0.11147952842712394
2.055,1.6885199999999998,1.8743334,0.36648000000000036,0.18066661834716813
5.00001,4.687734699999996,4.4001865,0.31227530000000403,0.5998234613037106
2.508,1.9939999999999984,2.4428418,0.5140000000000016,0.0651582317352295
3.636,3.8776319999999975,4.0348034,0.2416319999999974,0.39880339050292957
2.942,3.047540599999999,3.3155153,0.10554059999999899,0.3735152797698973
1.714,1.5471500000000007,1.4840714,0.16684999999999928,0.2299286260604858
2.613,2.18439,2.7633755,0.42860999999999994,0.15037552070617677
1.149,1.3579499999999998,1.1113408,0.20894999999999975,0.03765923881530764
2.584,2.1632799999999985,2.1243918,0.42072000000000154,0.45960820579528816
1.063,0.8354100000000002,0.88925225,0.22758999999999974,0.17374775457382197
0.989,1.0861700000000005,0.9978163,0.09717000000000053,0.008816324234008799
2.42,2.112299999999999,2.2069685,0.307700000000001,0.21303145408630364
1.461,1.7301799999999992,1.6074905,0.2691799999999991,0.14649053955078117
1.546,1.8875301000000002,1.9682872,0.34153010000000017,0.4222872295379638
1.975,2.2893317,1.6839982,0.3143316999999999,0.2910017728805543
2.896,3.1559407000000017,3.183638,0.2599407000000018,0.287638095855713
3.257,2.237049999999999,2.7396188,1.019950000000001,0.5173812217712404
0.533,0.6004200000000002,0.5506891,0.06742000000000015,0.017689101219177217
0.878,1.05409,0.8707421,0.17608999999999997,0.007257917404174807
1.783,1.908590199999999,1.6889489,0.1255901999999991,0.09405113029479972
1.971,1.9580499999999998,1.7609087,0.012950000000000239,0.21009127712249764
1.234,1.4795799999999997,1.4518672,0.2455799999999997,0.21786722278594972
2.929,3.1233399999999993,3.213827,0.1943399999999995,0.284826894760132
1.098,1.2863000000000004,1.2722843,0.18830000000000036,0.17428426933288566
1.242,1.7233599999999987,1.7088848,0.4813599999999987,0.4668848352432251
0.573,0.5415700000000002,0.47527298,0.031429999999999736,0.09772701668739314
4.047,3.4145204000000007,3.1041281,0.632479599999999,0.9428718776702878
1.875,2.4938301,4.3138833,0.6188300999999998,2.4388833045959473
0.637,0.8012699999999998,0.68652844,0.1642699999999998,0.04952844429016112
1.012,1.1649199999999993,1.0674744,0.15291999999999928,0.05547436523437499
5.0,4.762936399999993,4.8501244,0.23706360000000704,0.14987564086914062
0.455,0.6746599999999999,0.60438216,0.2196599999999999,0.1493821573257446
4.635,3.7252922999999987,3.683404,0.9097077000000011,0.9515960311889646
1.813,2.472009999999999,2.7755058,0.6590099999999992,0.9625057811737061
3.074,2.758350099999999,3.1093855,0.3156499000000008,0.035385490417480625
3.718,4.079132299999998,4.4496503,0.36113229999999774,0.7316502876281739
0.56,0.7835599999999999,0.8018678,0.22355999999999987,0.24186778306961054
2.893,2.1643699999999986,2.0806391,0.7286300000000012,0.8123608760833738
1.282,1.6197399999999995,1.5353762,0.3377399999999995,0.25337619113922116
2.714,2.539729999999999,2.4544098,0.1742700000000008,0.25959016227722165
1.821,1.9326199999999993,1.8761818,0.11161999999999939,0.05518184089660649
2.194,2.2648799999999993,1.9350063,0.07087999999999939,0.25899373912811274
0.784,1.0062501000000006,1.304999,0.22225010000000056,0.5209989938735962
0.961,1.1231600000000002,0.85153925,0.1621600000000002,0.10946074581146237
3.947,3.9478105999999995,4.24668,0.0008105999999994395,0.2996797828674316
2.225,2.242080000000001,2.2260764,0.017080000000000872,0.0010763645172118252
0.875,1.9040903,0.86128753,1.0290903,0.013712465763092041
1.375,1.64548,1.6345993,0.27048000000000005,0.25959932804107666
2.461,1.8821901000000008,1.5966198,0.5788098999999991,0.8643801555633543
1.757,1.6424800000000008,1.6460613,0.11451999999999907,0.11093869876861562
1.641,1.60864,1.5853404,0.032359999999999944,0.05565961933135988
1.328,1.1917499999999996,1.3110749,0.13625000000000043,0.01692514705657966
1.292,0.8439500000000002,0.95489305,0.44804999999999984,0.3371069474220276
2.241,1.9271000000000007,1.7138486,0.3138999999999994,0.52715140914917
1.039,0.82546,0.71135443,0.21353999999999995,0.32764556550979607
1.128,1.2937199999999998,1.0603573,0.16571999999999987,0.06764266777038563
2.438,2.7923107000000003,3.2241204,0.3543107000000001,0.7861203784942625
0.886,0.96579,0.8067914,0.07979000000000003,0.07920857524871827
1.861,2.4638799999999996,2.347487,0.6028799999999996,0.4864869728088379
1.861,1.2716800000000006,1.3825045,0.5893199999999994,0.4784955368041992
1.609,1.46506,1.6889689,0.14393999999999996,0.07996889686584474
1.492,1.4839299999999997,1.4298285,0.008070000000000244,0.06217147541046142
0.764,0.7339200000000001,0.7170353,0.030079999999999885,0.04696470642089845
5.00001,3.583900799999999,4.087885,1.4161092000000006,0.9121250970458981
0.956,1.3658200000000003,1.3360461,0.4098200000000003,0.3800460996627808
2.375,1.8689701000000003,2.0342267,0.5060298999999997,0.340773344039917
4.183,3.8314222999999985,4.0197234,0.3515777000000013,0.16327658462524397
1.975,2.1604,2.0664876,0.1854,0.09148755073547354
0.664,0.7632800000000002,0.7323246,0.09928000000000015,0.06832460021972653
2.69,3.4418803999999996,3.2445598,0.7518803999999997,0.5545597648620606
2.19,3.3212902999999976,2.9470541,1.1312902999999976,0.757054147720337
1.569,1.5853199999999996,1.4571502,0.016319999999999668,0.11184977912902827
1.342,1.5075999999999994,1.5183997,0.1655999999999993,0.1763997154235839
2.042,1.8165701000000007,1.5954044,0.22542989999999907,0.4465956134796141
2.188,3.1641000999999984,2.925168,0.9761000999999982,0.7371680374145506
1.818,2.7637210999999997,2.721063,0.9457210999999996,0.9030628986358642
1.685,2.0232,2.0933733,0.33820000000000006,0.4083732986450195
2.992,2.3978899999999994,2.18665,0.5941100000000006,0.8053499622344971
1.66,1.4924700000000004,1.8251778,0.1675299999999995,0.16517778873443612
1.935,1.550780100000001,1.6898633,0.38421989999999906,0.24513667583465582
2.125,2.3343900000000004,2.2523026,0.2093900000000004,0.1273026466369629
3.862,2.4371901000000014,3.342513,1.4248098999999987,0.519486915588379
2.684,1.9818699999999998,2.3575716,0.7021300000000004,0.3264283981323244
1.281,2.40124,1.9705644,1.1202400000000001,0.689564365386963
2.712,2.6609899999999986,3.377271,0.051010000000001554,0.6652709369659422
0.884,1.0856899999999998,1.1288729,0.2016899999999998,0.24487287139892577
1.015,1.04732,0.9609932,0.032320000000000126,0.05400682926177969
4.955,3.780370300000001,3.82054,1.1746296999999992,1.1344600486755372
1.673,1.5746199999999988,1.501254,0.09838000000000124,0.17174603748321537
1.413,1.732909999999999,1.9819231,0.31990999999999903,0.5689231033325195
5.00001,5.000009999999989,4.896564,1.0658141036401503e-14,0.1034459931945797
3.213,3.4013401,3.3112192,0.1883401,0.09821921539306633
0.821,1.0697200999999998,0.8397027,0.2487200999999999,0.018702725410461474
0.929,1.1699100000000004,1.0078628,0.2409100000000004,0.07886280632019038
1.68,1.4795999999999998,1.4528246,0.20040000000000013,0.2271754074096679
1.35,1.4344200000000007,1.4894189,0.0844200000000006,0.13941886425018302
2.431,2.3699701000000006,1.94115,0.061029899999999415,0.48985004997253423
1.571,1.57448,2.1610496,0.0034800000000001496,0.5900496044158936
0.979,1.1869599000000002,1.3175957,0.2079599000000002,0.3385957202911377
1.777,1.9886700000000004,1.7954712,0.21167000000000047,0.018471191406250087
1.318,1.3558199999999996,1.4589165,0.03781999999999952,0.14091654491424555
2.688,3.1134904999999993,3.808035,0.4254904999999991,1.1200348968505858
3.143,2.2503402,2.5409453,0.8926597999999997,0.6020547084808348
1.836,2.1328399999999994,2.5718467,0.2968399999999993,0.7358467235565185
1.0,0.6770000000000003,0.79616475,0.32299999999999973,0.20383524894714355
2.322,2.3304799999999997,2.7464802,0.008479999999999599,0.42448022651672357
1.381,1.3327099999999985,1.4313571,0.0482900000000015,0.05035714530944824
1.625,1.4377300000000006,1.7958583,0.18726999999999938,0.1708582639694214
4.573,3.1009201000000006,3.205969,1.4720798999999998,1.3670309047698979
1.392,1.44216,1.5889708,0.050160000000000204,0.19697078037261972
2.445,2.8263300000000005,2.798942,0.3813300000000006,0.3539420890808107
0.616,0.5913600000000003,0.56375515,0.024639999999999662,0.052244845390319816
2.37,2.11387,2.206775,0.2561300000000002,0.1632250499725343
1.125,1.4072799999999999,1.5857452,0.28227999999999986,0.4607452154159546
1.223,1.4770400000000004,1.285291,0.25404000000000027,0.062290956497192296
5.00001,2.6850600000000004,3.160889,2.314949999999999,1.8391210897064205
1.101,1.3969399999999996,1.6592454,0.29593999999999965,0.5582453718185425
3.009,3.0361701000000005,3.5099022,0.02717010000000064,0.5009022388458253
1.675,1.4150200000000002,1.2490084,0.2599799999999999,0.42599158287048344
2.464,2.9293605,2.9092176,0.46536050000000007,0.4452175960540772
2.793,3.54726,3.5698063,0.7542599999999999,0.7768063373565672
4.14,3.012070799999999,3.1552012,1.1279292000000005,0.9847988033294675
0.587,0.52769,0.49675035,0.059309999999999974,0.09024964523315426
2.949,3.6815604999999993,3.483368,0.7325604999999995,0.5343679199218752
3.652,3.412810699999997,3.9351296,0.23918930000000316,0.28312964248657213
3.683,3.3530408000000005,3.2988021,0.32995919999999934,0.3841978626251219
2.392,2.08338,2.1573586,0.3086199999999999,0.23464135360717764
1.214,1.7178799999999996,1.8652679,0.5038799999999997,0.6512678728103638
2.15,2.0854399999999997,2.3280993,0.06456000000000017,0.17809925079345712
1.139,1.2777899999999986,1.3217611,0.13878999999999864,0.18276113128662108
2.364,2.406650000000001,2.5222259,0.042650000000000965,0.15822585678100598
1.717,1.8689900000000006,1.9045519,0.1519900000000005,0.18755186367034904
2.485,2.86861,2.6882088,0.38361,0.20320881843566907
0.582,0.65071,0.57397604,0.06871000000000005,0.008023960113525352
0.678,0.6120599999999999,0.6220518,0.06594000000000011,0.055948224544525194
0.757,0.9578499999999999,1.2249937,0.20084999999999986,0.4679937057495117
1.78,1.8676799999999998,1.9019861,0.08767999999999976,0.12198612213134763
0.604,0.6007399999999999,0.57991886,0.0032600000000000406,0.024081138610839825
2.261,2.981011100000001,3.0526073,0.7200111000000007,0.7916072978973387
1.795,2.0289899999999994,2.0875278,0.23398999999999948,0.2925277519226075
1.582,1.9244699999999997,1.7773626,0.3424699999999996,0.19536258506774895
2.786,2.9368704999999995,2.5277777,0.15087049999999946,0.2582223281860352
4.808,3.9345807999999973,4.1199327,0.8734192000000025,0.6880673484802244
1.923,1.906709999999999,1.8876064,0.016290000000001026,0.035393617630004925
1.417,1.2099300000000002,1.156665,0.20706999999999987,0.26033503246307377
3.308,3.08166,2.6454885,0.22633999999999999,0.6625114994049071
1.0,0.9975299999999998,1.031985,0.0024700000000001943,0.03198504447937012
1.032,1.2354099999999995,1.2106982,0.20340999999999942,0.17869824695587155
0.535,0.5718100000000003,0.6003232,0.03681000000000023,0.06532320022583005
1.857,1.6310299999999986,1.5843363,0.22597000000000134,0.2726637191772461
1.929,1.8535499999999996,1.9468805,0.07545000000000046,0.017880459785461378
2.56,2.8790300000000006,2.3277135,0.3190300000000006,0.23228651046752935
1.385,1.6188000000000005,1.5498816,0.23380000000000045,0.16488157749176025
0.696,1.0350900000000003,0.7994883,0.33909000000000034,0.10348830604553227
2.468,3.708841299999997,3.4480176,1.240841299999997,0.9800175971984864
2.659,2.9819701000000016,2.8175447,0.3229701000000018,0.15854469871521015
1.625,1.2897600000000002,1.328266,0.33523999999999976,0.2967339754104614
3.227,3.6872510000000007,3.674776,0.46025100000000085,0.44777607727050794
1.489,1.7762599999999993,1.792815,0.2872599999999992,0.3038149700164794
4.29,4.415684199999998,4.631653,0.12568419999999758,0.34165283203124996
5.00001,4.7609763999999934,4.727159,0.23903360000000617,0.2728509767150875
2.541,2.8047199999999997,2.6370153,0.26371999999999973,0.09601534271240242
3.281,3.1916408999999994,2.8701992,0.08935910000000069,0.4108007965087892
1.691,2.087009999999999,1.9768986,0.39600999999999886,0.2858985509872436
2.554,2.3387000000000002,2.2634463,0.2152999999999996,0.2905536689758299
0.764,0.9665400000000005,1.1289369,0.2025400000000005,0.36493688678741454
1.514,1.8585699999999992,1.7426074,0.34456999999999915,0.22860735511779784
3.111,2.9305100000000004,2.7497127,0.18048999999999982,0.3612872943878176
1.875,2.0236799999999993,1.949949,0.14867999999999926,0.07494902610778809
2.132,2.1303199999999993,2.3298116,0.001680000000000792,0.19781157302856434
2.083,1.8043499999999997,1.9019536,0.2786500000000005,0.1810464220046999
2.028,2.266779999999999,2.1646948,0.23877999999999888,0.13669478607177732
0.901,2.14612,1.5092117,1.2451199999999998,0.6082116594314575
0.924,1.1368999999999998,1.2023928,0.21289999999999976,0.27839281654357906
1.365,1.2191100000000001,1.3914506,0.14588999999999985,0.02645064353942872
0.922,1.0373700000000001,1.0936124,0.11537000000000008,0.17161243247985836
0.794,0.80861,0.8328182,0.014610000000000012,0.03881821012496944
0.955,1.03329,1.0383453,0.07829000000000008,0.08334533691406254
2.492,2.3302899999999984,2.3110561,0.16171000000000157,0.18094386291503906
1.117,1.2558599999999995,1.2402846,0.13885999999999954,0.12328456211090089
1.906,1.7708599999999997,1.6023519,0.13514000000000026,0.30364809608459464
1.918,2.28635,1.7670332,0.3683500000000002,0.15096678066253655
5.00001,4.317723499999999,4.7337575,0.6822865000000009,0.26625250411987267
0.508,0.7110500000000002,0.8972205,0.20305000000000017,0.38922049236297607
1.635,1.0997099999999997,0.9630199,0.5352900000000003,0.6719800925254822
3.689,3.8876816999999964,3.7965877,0.1986816999999963,0.10758770561218256
0.57,0.6751999999999997,0.7432699,0.10519999999999974,0.17326992034912114
0.75,1.1409899999999995,0.9998953,0.3909899999999995,0.24989527463912964
2.29,2.6902000000000004,2.275617,0.40020000000000033,0.014383115768432653
3.409,3.531721500000001,3.767722,0.12272150000000126,0.35872189140319843
2.766,2.7587000000000006,2.8312423,0.007299999999999418,0.06524232292175292
1.884,1.8428900000000004,2.0354702,0.041109999999999536,0.15147024726867686
0.739,0.7780499999999998,0.6589824,0.03904999999999981,0.08001760387420653
1.5,2.0383500000000003,2.0194178,0.5383500000000003,0.5194177627563477
1.471,1.5912800999999994,1.3397495,0.12028009999999933,0.13125054454803475
1.863,1.83102,1.7040128,0.0319799999999999,0.15898724842071532
2.349,2.2704899999999997,2.073599,0.07851000000000052,0.27540089988708516
1.225,1.3045000000000002,1.0345675,0.07950000000000013,0.1904325246810914
3.989,3.2420405,3.6795964,0.7469595,0.3094035758972167
2.5,3.2670204000000007,3.6990933,0.7670204000000007,1.1990933418273926
1.136,1.6465901,1.4904451,0.5105901000000002,0.3544451370239259
2.448,2.5749599999999977,2.5312386,0.12695999999999774,0.08323855590820317
2.25,2.287640399999999,2.8198335,0.03764039999999902,0.569833517074585
1.869,2.842120100000002,2.604835,0.973120100000002,0.735835033416748
3.097,3.3457100999999976,3.421459,0.2487100999999976,0.3244589595794678
1.306,1.464270000000001,1.36179,0.15827000000000102,0.05578994178771968
3.423,2.7289301,2.8814194,0.6940699000000001,0.5415805797576905
0.65,0.7339400000000001,0.7622885,0.08394000000000013,0.11228851079940794
2.789,2.2481199999999992,2.092177,0.5408800000000009,0.6968230857849123
1.688,2.2719806,1.8376882,0.5839806000000001,0.14968820762634283
4.184,3.714660899999998,4.197507,0.46933910000000223,0.013506904602050618
1.09,1.411919999999999,0.98678476,0.3219199999999989,0.10321524381637581
1.601,1.8962199999999994,1.5488559,0.29521999999999937,0.05214409923553465
3.45,3.4208806,3.4688148,0.02911940000000035,0.018814849853515447
4.188,3.426460499999999,4.3376513,0.7615395000000009,0.1496512527465823
2.091,2.2681199999999997,2.14066,0.1771199999999995,0.04966004753112774
0.975,1.0667199999999994,0.92631674,0.09171999999999947,0.04868326187133787
5.00001,4.818946599999992,4.305654,0.1810634000000073,0.6943559510803219
1.086,0.8036899999999997,1.0686339,0.2823100000000004,0.017366086006164627
1.333,1.7326500000000007,1.749587,0.3996500000000007,0.41658705902099613
0.509,0.6020599999999998,0.46326965,0.09305999999999981,0.0457303490638733
3.116,3.1582703999999997,3.4770675,0.0422703999999996,0.361067470550537
3.655,3.3554008,3.546771,0.29959919999999984,0.10822895050048809
1.75,2.483370799999999,4.375491,0.733370799999999,2.625491142272949
1.703,1.3959999999999997,1.6321411,0.3070000000000004,0.07085888671875007
2.795,2.3139100000000004,2.7146451,0.4810899999999996,0.08035485267639153
1.259,1.47606,1.7146494,0.21706000000000003,0.45564943885803233
1.557,1.6378400000000002,1.6049085,0.08084000000000024,0.04790846633911139
0.833,0.8713199999999992,0.9075738,0.038319999999999244,0.07457381916046146
1.563,2.1776600000000004,2.0922892,0.6146600000000004,0.5292892093658448
2.148,2.7619300999999994,2.598113,0.6139300999999993,0.45011305999755846
1.103,0.8185799999999998,0.78115743,0.28442000000000023,0.32184256601333616
1.65,0.9650000000000002,1.2124435,0.6849999999999997,0.4375565290451049
3.495,3.578481499999999,3.6316702,0.0834814999999991,0.1366702365875243
5.00001,5.000009999999989,4.9964266,1.0658141036401503e-14,0.00358341766357384
1.257,1.20544,1.1261395,0.05155999999999983,0.13086047840118398
1.931,2.2798300000000005,2.123665,0.3488300000000004,0.1926650943756103
5.00001,4.983949499999992,4.824851,0.016060500000008027,0.17515896392822228
1.996,2.338,2.6365135,0.3420000000000001,0.6405134716033936
5.00001,3.644462099999999,4.529375,1.3555479000000008,0.4706349237060543
1.634,1.8900401000000004,1.6634645,0.25604010000000055,0.029464546203613384
1.375,1.5716999999999997,1.2212332,0.19669999999999965,0.15376675128936768
1.215,1.38169,1.3881271,0.16669,0.17312708854675285
3.812,3.4928806,3.773599,0.31911939999999994,0.038401090621948075
1.119,1.61061,1.4106534,0.4916100000000001,0.29165335273742676
0.58,0.78203,0.7504032,0.20203000000000004,0.17040322542190556
0.638,1.095439999999999,1.0351284,0.45743999999999907,0.3971283550262451
3.632,3.1548101999999987,3.2888308,0.47718980000000144,0.34316924285888684
2.064,1.9263000000000003,1.980561,0.1376999999999997,0.08343898200988775
3.708,2.4998704000000016,3.0249214,1.2081295999999986,0.6830785827636721
0.818,0.9065599999999998,0.3952981,0.08855999999999986,0.42270190644264216
2.715,2.42156,2.5180116,0.2934399999999999,0.19698843002319322
1.97,2.1649400000000014,2.2587557,0.19494000000000145,0.2887556838989258
0.734,0.8949400000000002,0.95288396,0.1609400000000002,0.21888395881652833
3.017,3.3473212999999986,3.7763174,0.3303212999999987,0.7593173580169679
1.196,1.68736,0.9347,0.49136,0.2612999877929687
2.581,2.2193300000000007,2.3321216,0.36166999999999927,0.24887838935852047
0.175,3.2208409999999996,3.350221,3.045841,3.1752209186553957
1.457,1.7723100999999999,2.001206,0.3153100999999998,0.5442059211730956
1.02,0.9653800000000003,1.063361,0.05461999999999967,0.043361048698425275
4.0,3.9115325999999975,3.7105894,0.08846740000000253,0.2894105911254883
0.992,0.9506699999999997,0.8189789,0.04133000000000031,0.17302109432220458
4.854,3.9328803,3.8509407,0.9211197000000002,1.003059295654297
4.771,4.741173299999996,4.830115,0.029826700000003648,0.05911484146118173
0.669,0.5906500000000003,0.53178495,0.0783499999999997,0.1372150483131409
3.754,4.4815239999999985,3.872813,0.7275239999999985,0.11881298637390136
1.696,2.195780099999999,2.0505323,0.49978009999999906,0.354532341003418
2.476,2.6204999999999994,2.8075502,0.1444999999999994,0.3315501918792725
1.647,1.7178099999999998,1.6760355,0.07080999999999982,0.029035523414611797
3.094,2.8698401000000007,3.135521,0.2241598999999992,0.04152093505859389
1.853,1.7646900000000008,1.9443607,0.08830999999999922,0.09136073303222658
2.302,2.3533899999999996,2.3031495,0.0513899999999996,0.0011494617462157741
1.561,1.5653500000000005,1.4289303,0.00435000000000052,0.1320697174072265
3.025,3.2199303999999995,3.2082229,0.19493039999999962,0.1832228660583497
0.978,1.1794699999999996,0.8372262,0.2014699999999996,0.14077378797531126
2.513,2.9028302000000012,3.4517303,0.38983020000000135,0.938730251312256
2.813,2.7009,2.9202354,0.11210000000000031,0.10723539543151839
1.531,1.27842,1.2951163,0.25258,0.2358836946487426
3.556,3.940800499999998,3.6565144,0.3848004999999981,0.10051440620422358
1.013,1.09185,0.9240897,0.07885000000000009,0.08891027021408071
2.66,2.217599999999999,2.0704927,0.442400000000001,0.5895072555541994
1.607,1.5754999999999995,1.2470657,0.03150000000000053,0.35993433666229246
3.058,2.9308899999999998,3.4102635,0.12711000000000006,0.3522635383605959
1.475,1.153350000000001,1.670442,0.3216499999999991,0.19544198513030997
1.863,1.7971499999999994,1.7705462,0.06585000000000063,0.09245380210876464
1.626,1.72053,1.8144522,0.09453,0.1884521713256837
4.847,3.813692699999998,4.0466647,1.0333073000000024,0.800335285186768
1.75,2.1166199999999993,2.3939095,0.3666199999999993,0.6439094543457031
1.272,1.269890000000001,1.3391057,0.002109999999998946,0.0671057252883911
3.651,3.0316802000000007,2.7026167,0.6193197999999991,0.9483833084106443
2.365,1.8259,2.0144877,0.5391000000000001,0.35051225662231467
2.14,2.06965,1.9940066,0.07034999999999991,0.1459933662414552
2.258,2.8479500000000013,2.7148807,0.5899500000000013,0.45688070487976074
1.289,1.2767899999999992,1.3286357,0.01221000000000072,0.03963569259643562
0.735,1.4151001999999988,1.1176828,0.6801001999999988,0.3826828145980835
1.147,1.7112099999999992,1.5290251,0.5642099999999992,0.3820250778198242
1.75,1.8636400999999996,1.8952953,0.11364009999999958,0.14529526233673096
3.181,2.227279999999999,2.170633,0.953720000000001,1.01036692237854
3.312,3.195679999999998,3.4266834,0.11632000000000176,0.11468342590332048
1.925,2.4388900999999996,2.6394591,0.5138900999999996,0.7144591331481933
1.595,1.4167499999999997,1.2045035,0.17825000000000024,0.39049646377563474
1.627,1.7193699999999992,1.6550438,0.09236999999999917,0.028043840408325194
0.673,0.9885799999999998,0.82854724,0.31557999999999975,0.15554723930358882
2.129,1.7644899999999992,1.7294526,0.3645100000000008,0.39954738998413086
1.406,1.6093600000000001,1.5311891,0.2033600000000002,0.12518908405303963
1.865,1.4343499999999993,1.8347895,0.43065000000000064,0.030210485458374015
3.932,3.920051399999998,4.501922,0.011948600000001974,0.5699221305847169
0.553,0.7129699999999994,0.6552191,0.1599699999999994,0.1022190780639648
4.098,3.647870799999997,4.2051835,0.4501292000000028,0.10718350601196303
1.918,1.9486400000000006,2.1613228,0.030640000000000667,0.24332283210754402
0.995,1.25605,1.2885678,0.2610500000000001,0.29356778144836426
1.75,1.9409000999999997,1.7839272,0.19090009999999968,0.033927202224731445
1.58,1.5874599999999994,1.539282,0.007459999999999356,0.04071803569793708
1.069,1.1119199999999998,1.266804,0.04291999999999985,0.19780397987365728
2.772,2.37481,2.1670456,0.3971899999999997,0.604954406738281
3.267,3.1328399999999994,3.2480505,0.1341600000000005,0.01894954872131338
0.96,0.7254800000000001,0.6111665,0.23451999999999984,0.3488335227966308
4.318,4.96601929999999,4.543399,0.6480192999999907,0.2253988571166996
1.722,1.9197200000000008,1.8615677,0.19772000000000078,0.1395677356719971
1.125,1.3901400000000002,1.4749293,0.26514000000000015,0.3499293327331543
2.25,1.2533899999999998,0.76955825,0.9966100000000002,1.4804417490959167
2.595,2.1804700000000015,2.6630416,0.41452999999999873,0.06804159164428691
2.915,2.9629300000000014,3.1250482,0.04793000000000136,0.21004816055297848
0.504,0.6753800000000002,0.698812,0.1713800000000002,0.19481200790405273
1.5,2.7216212,2.6874285,1.2216212,1.1874284744262695
2.246,2.5410101000000007,2.5370874,0.2950101000000007,0.29108744049072266
1.306,1.3993,1.4120862,0.09329999999999994,0.1060862483978271
0.697,0.8054099999999997,0.96798116,0.10840999999999978,0.2709811596870423
3.53,2.5914301999999996,2.7610514,0.9385698000000002,0.7689485836029051
2.312,2.7038404999999996,2.3265305,0.3918404999999998,0.014530456542968917
2.051,1.8037100000000001,1.8237221,0.24729,0.2272778759002687
3.981,3.974740599999998,3.6269536,0.0062594000000020245,0.35404639816284167
1.413,1.5336700000000005,1.4721454,0.1206700000000005,0.05914543819427487
1.733,1.4332300000000007,1.366404,0.2997699999999994,0.36659594345092783
1.279,1.1815499999999997,1.1502423,0.09745000000000026,0.1287576713562011
2.895,2.1321000999999997,2.470621,0.7628999000000003,0.42437889099121096
0.959,1.0785100000000007,1.0166323,0.11951000000000078,0.05763231849670414
1.334,1.5613100000000006,1.5991215,0.22731000000000057,0.2651214513778686
1.468,1.6870599999999998,1.6802404,0.2190599999999998,0.21224039268493655
1.813,2.2318000999999996,2.2109575,0.4188000999999997,0.3979575271606446
0.546,0.7960999999999998,0.63392395,0.25009999999999977,0.08792394781112667
0.555,0.55625,0.5425547,0.0012499999999999734,0.012445323467254688
1.5,1.8074599999999996,1.7426426,0.3074599999999996,0.24264264106750488
1.028,0.8986899999999999,0.87690043,0.12931000000000015,0.15109956550598147
0.933,1.0178500000000004,0.98491937,0.08485000000000031,0.05191936922073359
1.231,1.364249999999999,1.1745712,0.13324999999999898,0.056428843498230075
2.318,1.52276,2.0276296,0.7952400000000002,0.2903703861236573
1.595,1.6789299999999994,1.6826437,0.0839299999999994,0.0876436519622803
1.083,1.2109299999999996,1.022098,0.12792999999999966,0.06090205478668209
0.431,0.4906999999999995,0.5165689,0.05969999999999953,0.08556889915466309
1.056,0.90632,0.79901475,0.14968000000000004,0.2569852528572083
1.683,1.63244,1.6255157,0.05056000000000016,0.05748430061340337
0.283,1.3146699999999987,1.1963737,1.0316699999999988,0.9133737010955811
2.829,2.5172799999999995,2.71189,0.31172000000000066,0.11711001777648944
2.343,1.9621899999999999,2.0925229,0.3808100000000001,0.2504771404266357
2.125,1.09658,1.2189645,1.02842,0.9060355424880981
2.056,1.9765599999999992,2.2919183,0.07944000000000084,0.23591827774047847
1.5,1.8876399999999989,1.7435224,0.3876399999999989,0.24352240562438965
1.93,1.8820600000000007,1.9483494,0.047939999999999205,0.018349356651306215
0.14999,2.5785600000000004,1.675294,2.4285700000000006,1.525304041633606
1.7,1.6408699999999994,1.6136469,0.05913000000000057,0.08635313510894771
1.683,1.7127500000000004,1.6231898,0.029750000000000387,0.059810193061828665
0.935,1.18447,1.1523257,0.24946999999999986,0.21732574939727778
1.918,2.1460800999999994,2.244763,0.22808009999999945,0.32676289749145515
1.815,2.300329999999999,2.3013232,0.48532999999999893,0.4863231754302979
1.954,2.05528,1.9497997,0.10128000000000026,0.004200343132019002
1.219,1.6000700000000003,1.3862206,0.38107000000000024,0.1672205743789672
1.426,1.8632199999999992,1.7185302,0.4372199999999993,0.2925301780700684
1.583,1.3798500000000002,1.1626126,0.20314999999999972,0.4203874425888061
1.653,1.4404199999999994,1.2344115,0.21258000000000066,0.4185885219573975
1.55,1.4548299999999998,1.294607,0.0951700000000002,0.25539295673370366
0.921,1.0049000000000001,0.9604092,0.08390000000000009,0.03940922403335567
0.681,0.6477400000000002,0.60089254,0.033259999999999845,0.08010745620727544
2.763,2.6316701000000005,2.632834,0.13132989999999944,0.13016604232788076
3.352,4.049312,4.225321,0.6973119999999997,0.8733208160400392
1.211,1.3335501000000003,1.3458967,0.12255010000000022,0.1348967208862304
1.771,1.5188900000000003,1.3459007,0.2521099999999996,0.42509934520721426
1.875,1.6440601999999995,2.8633547,0.23093980000000047,0.9883546829223633
1.92,1.8810599999999977,1.683686,0.038940000000002195,0.23631398200988762
3.012,2.863790400000001,2.9223623,0.14820959999999905,0.08963767242431642
1.591,1.49478,1.69815,0.09621999999999997,0.10715003871917728
5.00001,5.000009999999989,5.0748296,1.0658141036401503e-14,0.07481957839965858
2.737,2.4754000000000005,2.4573298,0.2615999999999996,0.27967024993896494
2.339,2.42153,2.3367157,0.08253000000000021,0.002284301757812468
5.00001,2.6559201000000003,3.0404527,2.3440898999999993,1.9595572812652584
2.228,2.5195401,2.5017662,0.29154009999999975,0.2737662048339842
1.402,1.5888900000000001,1.4337416,0.18689000000000022,0.031741569519043056
1.598,1.65215,1.5934606,0.05414999999999992,0.004539440155029384
1.188,1.239469999999999,1.2664999,0.05146999999999902,0.07849987697601324
5.00001,3.723792699999998,4.437008,1.2762173000000017,0.5630020959472652
1.055,1.4566600000000005,1.2624428,0.40166000000000057,0.2074428272247315
2.178,2.034640099999999,2.0754173,0.14335990000000098,0.10258271980285638
1.875,2.0931905,2.2291489,0.21819049999999995,0.35414886474609375
2.873,3.3802503000000015,3.6514308,0.5072503000000013,0.7784308452606199
1.31,2.1381304,1.8544922,0.8281304,0.5444921875
0.558,0.62088,0.59985185,0.06287999999999994,0.04185184669494624
1.619,1.7085899999999996,1.809316,0.08958999999999961,0.1903160390853882
2.536,2.312020299999999,2.2508903,0.223979700000001,0.2851097450256348
1.55,1.60295,1.5461718,0.05295000000000005,0.003828215599060103
3.115,3.4835908999999985,3.1390297,0.3685908999999983,0.024029741287231232
0.878,0.9119900000000001,0.7985268,0.033990000000000076,0.0794731764793396
1.058,0.99677,0.9773918,0.06123000000000001,0.08060822057724004
1.37,1.68143,1.606986,0.3114299999999999,0.23698604583740224
1.563,1.57504,1.514736,0.01204000000000005,0.04826394367218012
1.547,1.46503,1.538743,0.08196999999999988,0.008256980895996024
1.674,1.5255199999999993,1.5471146,0.1484800000000006,0.12688538932800286
4.578,4.198483799999996,4.316427,0.37951620000000386,0.26157276916503935
5.00001,3.830920499999999,3.8090758,1.1690895000000006,1.1909341676330563
1.883,3.776330799999998,2.1926558,1.893330799999998,0.3096558017730713
4.429,3.1919404000000027,3.603704,1.2370595999999976,0.82529602432251
5.00001,4.998269799999989,4.5625067,0.0017402000000101836,0.4375033242797848
5.00001,4.541396399999994,5.2954035,0.45861360000000584,0.29539348052978553
1.875,1.7654999999999998,2.183141,0.10950000000000015,0.30814099311828613
0.574,0.5438000000000001,0.43092236,0.030199999999999894,0.1430776407718658
3.875,2.0794399999999995,2.357375,1.7955600000000005,1.517625093460083
2.72,2.877029999999998,3.029151,0.157029999999998,0.30915096282958965
1.676,1.2748999999999995,1.2283102,0.40110000000000046,0.44768977260589593
4.037,2.8592501999999995,3.0953393,1.1777498000000004,0.9416607017517089
1.917,1.4776299999999996,1.5529293,0.4393700000000005,0.3640707178115845
5.00001,3.110811599999999,3.5503912,1.8891984000000006,1.4496188027954098
1.871,1.90269,1.8332015,0.031689999999999996,0.03779847240447998
0.964,1.4186299999999996,1.412943,0.45462999999999965,0.44894300556182865
0.924,1.2451299999999994,0.8726358,0.32112999999999936,0.05136421823501591
2.139,2.17108,2.1090662,0.03208000000000011,0.029933752059936314
1.55,2.368170000000001,1.704198,0.818170000000001,0.15419800281524654
1.33,1.590610000000001,1.4196777,0.2606100000000009,0.08967773437499993
2.75,1.8045099999999998,1.8936573,0.9454900000000002,0.8563426733016968
2.385,2.3218099999999997,2.1411216,0.06319000000000008,0.24387837409973123
1.583,1.30046,1.3479636,0.28254,0.23503642845153805
0.705,0.8586600000000005,0.8205301,0.15366000000000057,0.11553011655807499
2.223,1.809760000000002,1.8664372,0.41323999999999783,0.3565628032684325
4.119,3.8101310999999978,4.0214763,0.308868900000002,0.09752373123168923
1.851,1.967770000000001,1.7390897,0.11677000000000093,0.11191027259826658
5.00001,3.3416802999999997,3.4225724,1.6583297,1.5774376256561276
1.398,1.3539,1.4330418,0.044099999999999806,0.03504181098937997
1.781,1.9068199999999988,1.9311479,0.12581999999999893,0.1501479330062867
1.593,2.0222600999999987,2.7206109,0.4292600999999987,1.1276108570098877
1.25,1.1237899999999992,0.9645211,0.12621000000000082,0.2854788899421692
1.971,2.3245399999999994,2.3825212,0.3535399999999993,0.4115211524963378
0.64,0.7101400000000004,0.61660206,0.07014000000000042,0.0233979368209839
1.946,2.1071300000000006,2.0063932,0.16113000000000066,0.060393194198608446
1.625,1.32242,1.5871012,0.30258000000000007,0.03789877891540527
0.844,0.50335,0.4620978,0.34065,0.38190220618247983
0.613,1.0780900000000009,1.0947301,0.4650900000000009,0.48173013877868653
3.682,3.422010799999999,3.8198211,0.25998920000000103,0.13782111930847174
1.221,1.3544600000000004,1.5106151,0.13346000000000036,0.2896151103973388
0.861,1.5695902999999995,1.1673403,0.7085902999999996,0.3063402786254883
2.099,2.2145099999999998,2.358704,0.11550999999999956,0.259704090118408
1.708,1.6667599999999998,1.509286,0.041240000000000165,0.19871395397186276
1.75,1.6417599999999988,1.8393247,0.10824000000000122,0.0893247127532959
1.266,1.2151700000000003,1.2499298,0.05082999999999971,0.016070214271545424
2.822,3.0743203000000006,3.0948362,0.2523203000000005,0.27283623504638665
2.077,1.974360000000001,2.1346917,0.10263999999999895,0.05769171524047856
1.042,1.839990000000001,2.256604,0.7979900000000009,1.2146039562225341
2.143,3.4931107000000012,3.3386424,1.3501107000000014,1.1956423587799074
0.803,0.7505400000000002,0.82501644,0.05245999999999984,0.022016438961029006
2.731,1.8864600000000005,2.5769057,0.8445399999999994,0.15409427261352526
2.375,2.26927,2.224067,0.10572999999999988,0.15093302726745605
0.738,1.0609100000000005,1.1941112,0.3229100000000005,0.4561112279891968
1.844,1.8394500000000003,1.8881032,0.004549999999999832,0.04410324668884269
3.42,3.019640199999998,3.2499657,0.4003598000000017,0.17003433227539055
1.297,1.4094699999999998,1.4423162,0.11246999999999985,0.14531617450714118
2.24,2.5977002,2.5682092,0.3577001999999996,0.3282091712951658
1.569,1.2162899999999994,1.2336373,0.3527100000000005,0.3353626670837402
3.949,2.50317,2.6282904,1.44583,1.3207095851898192
1.577,1.959220000000001,2.1134746,0.3822200000000011,0.5364746074676514
1.199,1.1084999999999994,0.9735141,0.09050000000000069,0.22548591995239264
3.169,3.6434001999999994,3.3934038,0.4744001999999994,0.22440376853942867
2.125,2.524720000000001,2.6806889,0.3997200000000012,0.5556888580322266
0.683,0.7695497000000003,0.76871336,0.08654970000000028,0.08571335506439204
1.651,1.8096299999999996,1.6238316,0.1586299999999996,0.02716837024688723
0.936,0.9947699999999996,0.94339377,0.058769999999999545,0.007393766880035346
0.888,1.0231399999999997,1.0858454,0.1351399999999997,0.19784535121917723
1.847,1.952480000000002,1.8849003,0.10548000000000202,0.03790033149719241
3.271,3.568960900000001,3.8776758,0.29796090000000097,0.6066757717132569
1.343,1.0858799999999997,1.1523798,0.25712000000000024,0.19062024879455564
5.00001,3.12979,3.3952806,1.8702199999999998,1.6047294004058834
1.621,1.6564899999999998,1.8033178,0.0354899999999998,0.18231778526306153
5.00001,5.000009999999989,5.177923,1.0658141036401503e-14,0.17791320251464882
2.292,2.15283,2.4827368,0.13917000000000002,0.19073682594299335
1.125,0.9040699999999997,1.2749646,0.2209300000000003,0.1499645709991455
3.542,2.40898,2.9647882,1.1330199999999997,0.5772118015289305
3.621,3.349210799999999,3.7308009,0.27178920000000106,0.10980086708068848
1.625,0.9500700000000009,1.1393813,0.6749299999999991,0.4856187105178833
1.005,1.2075000000000002,1.285434,0.20250000000000035,0.2804340076446534
0.677,0.8551399999999998,0.7427391,0.17813999999999974,0.06573908138275142
0.571,0.6119800000000002,0.46247196,0.04098000000000024,0.1085280380249023
1.648,2.4660200000000008,2.0569556,0.8180200000000009,0.40895557594299325
2.042,2.0980599999999985,1.9949015,0.056059999999998666,0.04709846210479718
3.424,3.3360203999999993,3.3867815,0.0879796000000006,0.03721854591369622
1.815,1.5788700000000002,1.5391812,0.23612999999999973,0.27581876754760737
3.045,2.739770100000001,3.027783,0.3052298999999987,0.01721708297729485
2.353,2.2552099999999995,2.1091068,0.09779000000000071,0.24389322090148946
1.053,2.4016100999999996,0.7905853,1.3486100999999997,0.26241472053527826
2.914,2.9088903999999998,2.895936,0.0051096000000003805,0.01806398773193374
1.596,1.7456400000000003,1.8790543,0.14964000000000022,0.283054307937622
1.118,1.12585,1.077166,0.007849999999999913,0.04083403873443614
1.196,1.3989099999999997,1.176082,0.2029099999999997,0.01991798496246333
3.297,1.8675300000000004,2.0104232,1.4294699999999998,1.286576816558838
1.367,1.5618900000000004,1.4716496,0.19489000000000045,0.10464964675903321
1.014,0.9557700000000001,1.0246192,0.05822999999999989,0.010619221687316882
1.186,1.1169900000000004,1.0071748,0.06900999999999957,0.17882515048980707
1.333,1.4505801000000003,1.6514366,0.1175801000000003,0.3184365673065186
0.525,0.53435,0.6732711,0.00934999999999997,0.14827111959457395
2.346,2.4045399999999986,2.3053472,0.05853999999999848,0.04065279579162606
0.75,0.8593799999999999,0.77111936,0.10937999999999992,0.021119356155395508
1.763,1.69347,1.8036755,0.06952999999999987,0.04067553234100352
3.468,3.036010600000001,3.0003173,0.4319893999999991,0.4676826648712158
2.518,2.957120699999999,3.2734528,0.43912069999999925,0.7554527587890627
0.542,0.6638200000000001,0.6136089,0.12182000000000004,0.07160889673233028
0.675,1.3734700000000002,0.8068921,0.6984700000000001,0.13189209699630733
1.425,1.6921300000000001,1.648577,0.2671300000000001,0.22357697486877437
1.016,1.14454,1.2391828,0.12853999999999988,0.22318282985687254
2.273,3.0535503000000004,2.9129114,0.7805503000000003,0.6399114151000975
3.372,4.141782899999998,4.5154414,0.7697828999999983,1.143441417694092
1.188,2.3358902,1.8691843,1.1478902000000002,0.6811842555999756
0.675,0.8089899999999998,0.858387,0.13398999999999972,0.18338699340820308
2.02,2.3574000000000015,2.2051814,0.3374000000000015,0.18518136024475096
0.942,0.9658299999999999,1.1239787,0.023829999999999907,0.1819787340164185
0.962,0.9709400000000005,0.8536087,0.008940000000000503,0.1083912725448608
2.25,2.5625100000000014,2.5244815,0.3125100000000014,0.27448153495788574
2.587,2.2871200000000007,2.2391899,0.2998799999999995,0.34781013679504413
1.031,1.1490100999999995,0.8985653,0.11801009999999956,0.13243470764160148
1.172,1.4372499999999997,1.3469981,0.26524999999999976,0.1749980955123902
1.648,1.7713700999999997,2.2810454,0.12337009999999982,0.633045436859131
1.44,1.593560000000001,1.5520356,0.15356000000000103,0.11203557014465337
5.00001,3.902841099999996,4.584964,1.0971689000000038,0.4150462014770504
1.554,1.7329200000000002,1.7836455,0.1789200000000002,0.2296455106735229
1.147,1.1793699999999996,1.075908,0.032369999999999566,0.07109205436706545
1.231,1.4861599999999993,1.5100608,0.25515999999999917,0.27906078720092764
2.268,2.10427,1.8448089,0.1637299999999997,0.4231910638809202
1.804,1.64486,1.5130199,0.15914000000000006,0.29098008060455327
3.109,3.842161299999999,3.5450122,0.733161299999999,0.4360122356414795
1.488,1.6212100000000005,1.6856829,0.1332100000000005,0.19768289279937745
0.847,1.06312,0.9035965,0.2161200000000001,0.056596520423889185
0.637,0.7016800000000001,0.8051573,0.06468000000000007,0.16815730381011962
2.62,2.354440100000001,2.2540722,0.26555989999999907,0.3659278106689454
4.381,4.180173799999998,4.0318866,0.2008262000000025,0.34911342239379906
2.265,2.3962899999999987,2.1822386,0.13128999999999857,0.0827614212036134
0.876,1.0384800000000003,0.93234736,0.1624800000000003,0.056347357273101806
3.455,3.6297702,3.6848567,0.17477019999999976,0.2298566532135009
1.401,1.0869899999999995,1.0640187,0.31401000000000057,0.33698127365112307
3.667,2.984660399999999,2.5953643,0.6823396000000006,1.0716356678009031
2.708,3.0384306000000003,3.0087647,0.33043060000000013,0.30076474380493146
1.688,2.0002800000000005,2.046257,0.31228000000000056,0.3582570190429688
2.938,3.6729111999999997,4.105373,0.7349111999999995,1.167372905731201
2.518,2.7156699999999994,2.6923666,0.19766999999999957,0.1743666000366213
0.851,0.9010299999999998,0.70463777,0.0500299999999998,0.14636223411560056
2.675,2.8348699999999996,2.8982267,0.15986999999999973,0.2232267379760744
1.409,1.4750299999999994,1.3760613,0.06602999999999937,0.032938679695129425
2.855,1.9952399999999995,2.031426,0.8597600000000005,0.823574047088623
1.513,1.1492600000000004,1.2431628,0.3637399999999995,0.26983724880218496
2.25,2.449190900000001,2.61506,0.19919090000000095,0.36506009101867676
0.446,0.7089500000000001,0.5780445,0.2629500000000001,0.13204447412490844
4.5,2.2795100999999995,2.4807487,2.2204899000000005,2.0192513465881348
2.293,3.0255701000000013,2.5618157,0.7325701000000011,0.26881573867797837
2.25,0.65791,0.5580546,1.59209,1.6919453740119934
1.38,1.8362900000000002,1.7885886,0.4562900000000003,0.40858864307403575
0.969,0.8463299999999997,0.8374099,0.12267000000000028,0.1315900864601135
1.612,2.09056,2.3991325,0.4785599999999999,0.787132490158081
1.443,1.2217000000000002,1.6806599,0.22129999999999983,0.23765989017486566
4.5,2.9795517999999994,2.9323137,1.5204482000000006,1.5676863193511963
1.225,1.3477904,1.3099059,0.12279039999999997,0.08490588665008536
2.487,2.2539799999999994,2.5553381,0.23302000000000067,0.06833814430236806
1.342,1.4247,1.3457688,0.0827,0.0037688093185423988
3.481,3.4644300000000015,3.7221832,0.01656999999999842,0.24118322753906263
0.783,1.1793200000000008,1.072583,0.3963200000000008,0.28958296012878415
1.078,1.0216400000000008,0.9561439,0.0563599999999993,0.12185608434677131
1.469,1.3628899999999995,1.4680054,0.10611000000000059,0.0009945812225342632
1.883,1.9340300000000006,2.1102889,0.051030000000000575,0.22728885841369628
1.625,1.5515700999999995,1.4120073,0.07342990000000049,0.21299266815185547
0.586,0.5975300000000001,0.54369706,0.011530000000000151,0.04230294084548947
1.837,1.8847399999999999,1.7186577,0.047739999999999894,0.11834226799011227
1.804,2.002799999999999,1.4002677,0.19879999999999876,0.4037322797775269
1.75,1.7690499999999998,1.4906433,0.01904999999999979,0.2593567371368408
1.372,2.3179902000000006,1.9998755,0.9459902000000004,0.6278755455017089
1.1,2.391649999999999,2.9886365,1.2916499999999989,1.8886364936828612
2.334,2.3934099999999994,2.4229796,0.0594099999999993,0.08897959327697746
1.283,1.4062599999999998,1.4512936,0.12325999999999993,0.16829358768463143
3.5,2.3040609,2.461002,1.1959391,1.0389978885650635
1.552,1.72098,1.6368412,0.1689799999999999,0.0848411779403686
2.567,3.124010699999998,2.476033,0.557010699999998,0.09096702766418474
0.859,1.02234,0.95373076,0.16334000000000004,0.09473076200485231
0.732,0.7711799999999995,0.6364118,0.03917999999999955,0.09558821392059325
2.583,2.331350000000001,2.560192,0.25164999999999926,0.02280789184570331
0.628,0.6930601,0.88997215,0.06506009999999995,0.26197215032577514
4.85,3.3212017999999994,3.9449623,1.5287982000000002,0.9050377368926998
1.24,1.3824100000000008,1.2055855,0.1424100000000008,0.034414520263671866
1.585,1.68434,1.8509613,0.09933999999999998,0.26596132755279545
0.973,1.0223699999999996,1.084717,0.04936999999999958,0.11171703529357913
1.867,1.9112500000000006,2.0071902,0.04425000000000057,0.14019022750854493
3.441,3.5799104000000006,3.3250144,0.13891040000000077,0.11598564720153792
1.667,1.6988999999999996,1.8433007,0.031899999999999595,0.17630070018768307
1.089,1.13575,0.9645519,0.04675000000000007,0.12444807434082028
4.829,4.362463299999997,4.5009527,0.46653670000000247,0.3280472793579099
2.044,3.413001999999998,2.917276,1.3690019999999978,0.8732759056091308
2.307,2.12044,2.8410263,0.18656000000000006,0.5340263061523438
0.53,0.7162799999999998,0.576911,0.18627999999999978,0.04691097259521482
1.785,1.706449999999998,1.6197854,0.0785500000000019,0.16521457195281974
5.00001,3.2778611,3.7048724,1.7221488999999996,1.2951376302337643
5.00001,4.1906553999999945,4.2295165,0.8093546000000051,0.7704934938049313
0.849,0.7292400000000002,0.7419719,0.11975999999999976,0.10702809000015256
5.00001,3.7494013999999978,4.3612647,1.2506086000000018,0.6387452943420406
2.468,2.56085,2.5365953,0.09284999999999988,0.06859534454345706
1.563,1.5273600999999999,1.4829836,0.03563990000000006,0.08001641082763666
2.346,1.8066601000000002,2.054682,0.5393398999999999,0.2913179836273194
0.488,0.8577699999999997,0.93955976,0.3697699999999997,0.4515597577095032
1.458,1.76941,1.6732264,0.31140999999999996,0.2152263565063477
2.715,2.4540003000000006,2.9922938,0.2609996999999993,0.27729383468627944
5.00001,3.904801799999999,4.269409,1.0952082000000005,0.7306008203124996
0.875,1.4712901,1.0752445,0.5962901,0.20024454593658447
0.691,0.5752700000000003,0.44726178,0.11572999999999967,0.24373821949958796
1.393,1.3759699999999997,1.421348,0.017030000000000323,0.02834797573089598
2.734,2.723130500000001,2.761405,0.0108694999999992,0.027404991149902358
2.297,2.1271700000000004,2.4762423,0.1698299999999997,0.17924230384826645
0.682,0.6647599999999997,0.5141749,0.017240000000000366,0.16782512140274053
1.143,1.4110999999999996,1.2274034,0.26809999999999956,0.0844034023284912
1.599,2.2516200000000004,1.7374165,0.6526200000000004,0.13841650581359866
1.166,1.1114600000000001,0.94295746,0.05453999999999981,0.22304253911972038
2.099,2.085620000000002,2.190422,0.013379999999998393,0.09142205810546855
0.689,0.6498700000000001,0.53982633,0.03912999999999989,0.14917366647720331
1.014,1.1397900000000005,0.98675555,0.1257900000000005,0.027244450092315686
2.14,2.19851,1.9033523,0.05851000000000006,0.23664773941040051
3.553,3.385940399999999,3.408019,0.16705960000000086,0.14498093414306634
0.903,1.3000099999999997,1.2435517,0.39700999999999964,0.3405517311096191
1.593,1.6329499999999997,1.6845657,0.03994999999999971,0.09156566333770755
0.639,0.80648,0.68099356,0.16747999999999996,0.04199355697631835
2.182,2.39401,2.1694758,0.21201000000000025,0.012524206161498963
2.536,2.9803001999999994,2.8772721,0.44430019999999937,0.34127212905883786
0.813,1.11024,0.93748456,0.29723999999999995,0.12448456239700323
1.886,2.1574300000000006,1.7164364,0.2714300000000007,0.16956361389160146
1.654,2.3533802,2.0530694,0.6993802000000002,0.3990693531036378
1.063,1.6029199999999995,1.5056945,0.5399199999999995,0.4426945085525513
2.101,2.4337199999999997,1.6801478,0.3327199999999997,0.4208522329330444
1.476,1.4507499999999995,1.3551444,0.02525000000000044,0.12085561847686765
1.125,2.8318616000000016,2.520823,1.7068616000000016,1.3958230018615723
1.75,1.7069399999999992,1.812202,0.043060000000000764,0.06220197677612305
1.566,1.6899799999999994,1.3864902,0.12397999999999931,0.1795097742080689
1.173,1.4100300000000003,1.3809628,0.2370300000000003,0.20796284866333004
2.292,2.26078,2.0169742,0.031219999999999803,0.2750257892608641
3.5,1.9682099999999998,1.8461653,1.5317900000000002,1.6538347005844116
1.719,1.8911601000000007,2.0993936,0.1721601000000006,0.380393606185913
1.993,2.1546904000000002,1.8951677,0.16169040000000012,0.09783229160308848
2.516,3.2850506,3.0100386,0.7690505999999999,0.4940386142730713
3.0,3.3350719,3.0609455,0.3350719,0.06094551086425781
1.589,1.7050899999999998,1.6959326,0.1160899999999998,0.1069326267242432
2.168,2.4235899999999995,2.5711503,0.2555899999999993,0.40315030288696274
1.98,2.29917,2.223151,0.3191700000000002,0.24315096855163576
3.561,4.127341599999996,3.8492723,0.5663415999999959,0.28827225112915045
1.923,2.189440700000001,2.166448,0.26644070000000086,0.2434481163024902
3.145,2.4223099999999995,2.457278,0.7226900000000005,0.6877219867706299
0.5,0.6228100000000001,0.73817664,0.12281000000000009,0.2381766438484192
1.625,1.9292399999999998,1.7270421,0.30423999999999984,0.10204207897186279
1.671,1.7566099999999993,1.6689,0.0856099999999993,0.0020999870300293377
1.388,1.2002700000000004,1.2395254,0.1877299999999995,0.1484745626449584
1.476,1.5609400000000004,1.6682124,0.08494000000000046,0.19221241378784182
2.385,2.146490000000001,2.358046,0.2385099999999989,0.026953945159911896
1.107,1.4360200000000003,1.247598,0.3290200000000003,0.14059805202484132
3.338,3.1614300000000015,3.2546859,0.17656999999999856,0.08331412124633797
1.921,2.0097799999999992,1.8551792,0.08877999999999919,0.06582080936431889
2.94,2.5387606999999996,2.5329447,0.4012393000000003,0.40705532073974604
1.545,1.50464,1.4891006,0.04035999999999995,0.05589942455291741
1.519,1.5922100000000001,1.6630594,0.07321000000000022,0.14405935382843027
5.00001,4.935229699999989,4.7636724,0.06478030000001045,0.23633764816284142
3.229,2.52058,2.4314997,0.7084200000000003,0.7975002803802491
1.656,2.37876,2.484615,0.7227600000000003,0.8286150875091554
2.212,2.0440300000000007,2.0576193,0.1679699999999995,0.15438066673278827
1.704,1.7449599999999992,1.8000327,0.04095999999999922,0.09603273487091069
1.987,2.1211200000000003,2.054747,0.13412000000000024,0.06774710464477529
1.625,1.3449099999999996,1.3187139,0.2800900000000004,0.306286096572876
4.112,3.5699702999999996,4.060825,0.5420297000000005,0.05117512893676768
3.355,3.3640912000000007,3.2924514,0.009091200000000743,0.06254861831665037
1.491,1.4736199999999995,1.4570987,0.017380000000000617,0.03390127754211436
3.815,3.8216418,4.200841,0.006641800000000142,0.3858409500122071
1.839,1.9244704000000004,2.0407822,0.08547040000000039,0.2017822132110596
0.912,1.5747999999999995,1.0240418,0.6627999999999995,0.11204177188873288
4.115,3.760360400000003,3.522769,0.3546395999999974,0.592231025695801
2.203,2.6071199999999988,2.51837,0.4041199999999989,0.31536991310119644
1.581,1.4766600000000003,1.4611565,0.10433999999999966,0.11984351253509518
0.696,0.8628600000000006,0.81166685,0.16686000000000067,0.11566684627532964
2.705,2.9293899999999997,2.77039,0.22438999999999965,0.06539003372192376
2.616,2.6903799999999993,2.5463767,0.07437999999999922,0.06962329483032237
3.895,3.5307609999999996,3.7107358,0.3642390000000004,0.18426420211791994
0.75,0.9567000000000004,1.015793,0.20670000000000044,0.26579296588897705
1.776,2.0529000000000006,1.9887798,0.2769000000000006,0.21277978324890134
1.704,1.4507500000000002,1.5375417,0.25324999999999975,0.16645825290679928
1.542,1.4747700000000001,1.4787805,0.0672299999999999,0.0632194919586182
1.319,1.45687,1.4273232,0.13787000000000016,0.1083232221603394
0.444,0.5937200000000001,0.5847806,0.14972000000000013,0.14078057384490966
1.45,1.4487599999999998,1.3039687,0.0012400000000001299,0.14603133201599117
2.241,2.6597700999999994,2.8223035,0.41877009999999926,0.581303533554077
1.875,1.9397901000000002,2.0624733,0.06479010000000018,0.18747329711914062
1.929,2.118159999999999,2.2929041,0.1891599999999991,0.36390413856506343
0.886,1.0910700000000009,1.0796999,0.20507000000000086,0.19369987392425536
1.839,2.0155499999999997,1.7908634,0.17654999999999976,0.048136605262756316
2.25,2.5931099999999994,2.5115528,0.34310999999999936,0.2615528106689453
1.828,1.6950399999999994,1.574206,0.13296000000000063,0.253794005393982
1.376,1.59928,1.5086999,0.22328000000000015,0.13269989395141613
2.653,2.3646799999999994,2.3954263,0.2883200000000006,0.25757372665405276
0.366,0.7670599999999997,0.55749446,0.40105999999999975,0.19149446153640748
1.255,1.45883,1.3150635,0.20383000000000018,0.06006347656250011
1.386,2.2924999999999986,1.6931769,0.9064999999999988,0.30717686557769786
4.871,3.7960925999999984,4.2727675,1.074907400000002,0.5982324562072758
1.786,1.6974,1.8201342,0.08860000000000001,0.034134162902832
1.345,1.8902999999999996,1.8739684,0.5452999999999997,0.5289683628082276
3.067,3.3964600000000003,3.243622,0.3294600000000001,0.17662206459045393
1.158,1.6713600000000002,1.6169728,0.5133600000000003,0.4589728040695191
0.914,1.2740299999999998,1.3217124,0.36002999999999974,0.4077123746871948
2.109,2.04949,2.0071404,0.05950999999999995,0.10185960197448729
2.592,2.735759999999999,2.7929442,0.143759999999999,0.20094419288635246
3.473,3.613330200000001,3.0371385,0.14033020000000107,0.4358615379333495
1.684,2.3772308999999994,1.6128597,0.6932308999999994,0.0711402740478515
1.509,1.4621299999999997,1.5569952,0.04687000000000019,0.047995153427124126
1.135,1.1822499999999996,1.0877465,0.04724999999999957,0.0472534990310669
3.026,2.8460201999999994,2.7483857,0.17997980000000036,0.2776143321990965
4.233,2.9570003999999988,4.2921095,1.275999600000001,0.05910948944091832
4.922,4.306653799999994,4.666924,0.6153462000000056,0.25507600021362276
1.906,1.773640000000001,1.796349,0.13235999999999892,0.10965095138549796
2.45,1.911429999999999,1.8488672,0.5385700000000011,0.6011328220367433
0.557,0.7781000000000003,0.8392485,0.2211000000000003,0.2822484784126281
0.84,1.286290000000001,0.72956437,0.4462900000000011,0.11043563127517697
2.75,2.6829800000000006,2.7511678,0.06701999999999941,0.0011677742004394531
1.896,1.8911900000000004,1.981355,0.004809999999999537,0.0853549518585206
2.759,2.5897401,2.8615608,0.16925989999999969,0.10256082153320323
3.198,3.26482,3.3022885,0.06681999999999988,0.10428853225708012
2.917,2.39639,2.397669,0.52061,0.5193309230804442
0.679,0.68782,0.88392305,0.008819999999999939,0.20492305374145503
1.89,1.8638899999999996,1.9250154,0.0261100000000003,0.03501544952392588
0.9,1.2107999999999997,1.0640002,0.31079999999999963,0.16400024890899656
3.35,3.3365906000000005,3.256918,0.013409399999999572,0.09308204650878915
1.767,1.718129999999999,1.6310003,0.04887000000000086,0.13599971961975088
0.985,1.0612300000000001,0.7963937,0.07623000000000013,0.18860630750656127
2.006,2.3490899999999995,1.8806926,0.3430899999999997,0.12530739879608133
0.602,0.7843800000000001,0.6424807,0.1823800000000001,0.04048067140579226
1.919,1.9035899999999986,1.6773703,0.015410000000001478,0.24162969017028813
1.911,2.0571400000000004,2.1149912,0.14614000000000038,0.20399118804931637
3.373,3.1359104000000007,3.4336061,0.23708959999999957,0.06060614776611306
2.25,3.5688209000000017,3.5047019,1.3188209000000017,1.254701852798462
2.906,2.2435101,2.1881797,0.6624899000000002,0.7178202686309816
1.215,1.2870400000000002,1.2908548,0.0720400000000001,0.07585481166839592
2.932,3.125850299999998,3.2881207,0.19385029999999803,0.3561207466125489
1.07,1.26154,1.1669445,0.19154000000000004,0.09694450378417963
2.664,2.36642,2.5503,0.29757999999999996,0.1137001171112062
0.769,1.2269699999999997,0.89087147,0.45796999999999966,0.12187146520614622
2.203,1.6677700000000004,1.68971,0.5352299999999994,0.5132899789810179
1.011,1.0989700000000002,1.045973,0.08797000000000033,0.03497294330596934
4.746,3.681901100000002,3.6421623,1.0640988999999985,1.1038376770019536
0.653,0.67946,0.8006841,0.026459999999999928,0.1476840944290161
1.137,1.28101,1.229917,0.14400999999999997,0.09291704940795897
2.142,2.182219999999999,1.9902503,0.040219999999999256,0.1517496509552001
2.167,2.3042199999999986,2.1067777,0.1372199999999988,0.06022233200073224
1.984,1.9794,1.9809395,0.0045999999999999375,0.0030604925155639506
2.122,2.32221,2.2192912,0.20021000000000022,0.09729121017456066
2.227,3.8587005,4.2137723,1.6317005,1.9867722969055177
2.659,2.3299999999999996,2.4613183,0.3290000000000002,0.1976817455291746
0.375,0.8338897000000002,0.9622196,0.4588897000000002,0.5872195959091187
2.65,2.639660099999999,2.6706748,0.010339900000000846,0.020674800872802823
1.087,1.1524699999999997,0.97459435,0.0654699999999997,0.11240564537048336
0.467,0.5270299999999997,0.48092592,0.06002999999999964,0.01392591762542722
1.875,2.159879999999998,1.604042,0.284879999999998,0.27095794677734375
0.616,0.71393,0.6643772,0.09792999999999996,0.04837721252441407
3.43,3.2846200000000003,3.5950959,0.14537999999999984,0.16509587287902816
1.66,1.8917300000000006,1.9506714,0.23173000000000066,0.2906714344024659
5.00001,2.72124,3.0611897,2.2787699999999997,1.9388203485107418
1.375,2.0399001,1.8795917,0.6649001000000001,0.504591703414917
0.906,0.9630800000000002,1.276873,0.05708000000000013,0.37087299251556394
0.77,0.9698299999999999,0.9292891,0.19982999999999984,0.15928910255432127
1.481,1.4776599999999993,1.3756591,0.003340000000000787,0.10534089183807382
0.916,1.3620599999999996,1.6374716,0.44605999999999957,0.7214715566635131
1.509,1.8855399999999998,2.1010609,0.3765399999999999,0.5920608673095704
1.551,1.4895799999999992,1.5462747,0.061420000000000696,0.004725337982177669
0.892,0.8538899999999998,0.7967502,0.0381100000000002,0.09524981212615968
2.154,2.1824605000000004,1.65399,0.028460500000000444,0.5000099697113036
0.551,0.6707000000000002,0.63427305,0.11970000000000014,0.08327305221557613
1.974,1.8947900000000006,1.9498763,0.07920999999999934,0.024123691558837868
1.544,1.5921400000000003,2.0213788,0.048140000000000294,0.47737875556945797
1.417,1.7813100000000006,1.7105423,0.3643100000000006,0.2935423212051391
0.984,0.8417600000000004,0.8243235,0.1422399999999996,0.15967652463912962
1.526,1.8765399999999983,1.4741994,0.3505399999999983,0.05180058574676516
1.096,1.20821,1.5374175,0.11220999999999992,0.4414175310134887
1.713,1.8145399999999996,1.8560773,0.10153999999999952,0.14307731342315666
1.041,0.9510000000000001,0.95528203,0.08999999999999986,0.08571796751022331
1.539,1.5312999999999997,1.5258653,0.007700000000000262,0.013134683609008713
2.7,2.436340000000001,2.9233508,0.26365999999999934,0.2233508110046385
2.865,2.8331200000000005,2.6854496,0.031879999999999686,0.17955039978027365
3.35,2.2374601000000003,2.8311453,1.1125398999999998,0.5188547134399415
1.377,1.5608099999999998,1.3504038,0.1838099999999998,0.026596214294433596
2.32,2.3743699999999985,2.5180821,0.0543699999999987,0.19808214187622086
3.938,3.494570300000001,3.9354694,0.44342969999999937,0.002530611038208175
0.703,0.8734900000000003,0.8015353,0.17049000000000036,0.09853530836105351
1.417,1.4654099999999997,1.3671649,0.04840999999999962,0.049835149765014686
1.563,1.5760899999999993,1.5199372,0.01308999999999938,0.043062842369079535
4.5,2.946760799999999,3.004579,1.553239200000001,1.4954209327697754
1.998,1.93767,1.7259907,0.060329999999999995,0.2720093469619751
0.953,1.1607100000000004,1.2323458,0.2077100000000004,0.27934581947326664
0.869,1.0610399999999998,1.110938,0.19203999999999977,0.2419379529953003
1.875,1.6483400000000001,1.6120169,0.22665999999999986,0.2629830837249756
2.218,2.0486001000000007,2.3124013,0.16939989999999927,0.09440129470825198
0.588,0.7587500000000001,0.8194958,0.17075000000000018,0.23149579715728763
1.344,1.5618301000000003,1.5121835,0.21783010000000025,0.1681835470199584
2.386,2.72059,2.2758706,0.33458999999999994,0.11012943840026868
1.609,1.7454399999999992,1.8368498,0.13643999999999923,0.22784980869293214
1.364,1.9026200000000002,1.7675704,0.5386200000000001,0.4035703763961791
1.44,1.5846599999999993,1.5033077,0.14465999999999934,0.06330770015716558
1.593,1.8927299999999996,1.7641423,0.2997299999999996,0.1711422748565674
1.553,1.7377699999999994,1.6135085,0.18476999999999943,0.06050846290588385
1.426,2.1742603,1.8486292,0.7482602999999999,0.42262923622131354
1.207,1.2026400000000002,1.2237232,0.0043599999999999195,0.01672317314147942
1.262,1.7347099999999998,1.6361902,0.47270999999999974,0.3741901760101318
2.134,2.2489600000000003,2.1772146,0.1149600000000004,0.0432146224975587
1.169,1.3573700000000004,1.1334331,0.18837000000000037,0.03556689643859867
1.858,1.787560000000001,1.5752405,0.07043999999999917,0.28275950717926035
3.56,4.112821000000002,4.251903,0.552821000000002,0.6919030570983886
1.5,1.4429000000000007,1.2589142,0.05709999999999926,0.24108576774597168
0.889,0.8524799999999999,0.87966055,0.03652000000000011,0.009339453220367444
2.591,2.5830301999999987,2.652801,0.00796980000000147,0.061801036834716605
5.00001,4.1906317,3.9201372,0.8093782999999997,1.079872833023071
1.276,1.17976,1.0615612,0.0962400000000001,0.21443877315521243
0.699,1.01364,1.0040859,0.31464000000000014,0.3050858983993531
1.37,1.8473199999999996,2.1596074,0.4773199999999995,0.7896074104309081
2.737,2.650030000000001,2.8280401,0.0869699999999991,0.09104012298583974
0.92,1.0274099999999995,0.8710856,0.10740999999999945,0.04891441583633427
1.183,1.55319,1.5661898,0.37019,0.38318976593017573
4.108,4.6794070999999935,4.84573,0.5714070999999938,0.7377298278808597
1.005,1.05046,1.0354301,0.045460000000000056,0.03043007373809825
4.929,4.1283638999999965,4.2801046,0.8006361000000037,0.6488953628540042
1.185,1.17697,1.132746,0.008029999999999982,0.05225401878356939
1.135,1.2308300000000003,1.106657,0.0958300000000003,0.02834297180175782
0.899,1.9722004999999998,1.172161,1.0732004999999998,0.2731609830856323
5.00001,4.1621124,4.380154,0.8378975999999998,0.619855867156982
5.00001,4.98453979999999,5.1420183,0.015470200000009982,0.1420083181762699
1.463,3.0031403,2.4752686,1.5401403,1.0122686023712157
1.135,1.1285499999999997,1.2393833,0.006450000000000289,0.10438333988189696
2.75,2.432521800000001,2.980657,0.31747819999999916,0.23065710067749023
1.025,1.1808200000000002,1.0918489,0.1558200000000003,0.06684885025024423
1.471,1.7494199999999998,1.8037791,0.27841999999999967,0.33277912521362296
2.25,1.976320100000001,1.809518,0.273679899999999,0.4404820203781128
1.394,1.72803,1.4542624,0.33403000000000005,0.0602623758316041
1.758,1.6241999999999996,1.6451563,0.13380000000000036,0.11284373569488526
0.57,0.7828099999999999,0.7745083,0.21280999999999994,0.20450829744338994
2.696,1.73843,1.7213936,0.9575700000000003,0.974606414794922
2.729,2.54357,2.4656572,0.1854300000000002,0.26334276580810556
0.762,0.9565200000000005,0.7980126,0.19452000000000047,0.036012614250183095
4.841,4.297551799999996,4.5680394,0.5434482000000038,0.2729605827331545
1.806,1.5433800000000004,1.5860034,0.26261999999999963,0.21999657726287847
2.38,2.32623,2.144095,0.053770000000000095,0.23590505599975575
1.375,1.30794,1.2324936,0.0670599999999999,0.14250636100769043
1.863,1.5121799999999996,1.4414535,0.35082000000000035,0.4215465431213379
1.929,2.0378299999999996,2.2476318,0.10882999999999954,0.31863178825378413
0.845,0.6609197999999996,0.6157604,0.18408020000000036,0.22923961400985715
1.076,1.6407000000000012,1.6011697,0.5647000000000011,0.5251697053909301
0.555,0.64343,0.5796262,0.0884299999999999,0.02462620258331294
2.653,2.5734100000000018,2.2287211,0.07958999999999827,0.4242788581848145
3.883,4.126312699999997,3.931829,0.24331269999999705,0.04882897567749023
4.827,3.968131999999999,4.0993733,0.8588680000000011,0.7276266593933105
1.981,2.8004799999999994,2.151988,0.8194799999999993,0.17098802947998037
0.927,0.7488999999999999,0.6448525,0.17810000000000015,0.2821474809646607
3.462,3.5637200000000013,3.882578,0.10172000000000114,0.4205778961181639
0.388,0.7000100000000004,0.7644006,0.31201000000000034,0.3764006013870239
0.567,0.6012999999999998,0.54137844,0.034299999999999886,0.025621561527252146
1.237,1.46513,1.6027626,0.22812999999999994,0.3657625799179076
0.938,0.79388,0.9417982,0.14411999999999991,0.003798210144043024
0.932,1.2215099999999999,1.1781043,0.2895099999999998,0.24610428142547602
0.44,0.7104300000000002,0.99513435,0.2704300000000002,0.5551343536376954
0.692,1.0642699999999998,0.7517257,0.3722699999999999,0.05972567367553716
3.018,2.5954101000000005,3.213474,0.4225898999999993,0.19547403526306173
2.542,2.08964,2.3086927,0.45235999999999965,0.23330730628967267
2.098,2.426889999999999,2.7258792,0.328889999999999,0.6278791923522951
1.845,1.8567500000000008,2.200178,0.011750000000000815,0.3551779079437256
0.734,0.8146100000000002,0.7789525,0.08061000000000018,0.04495247936248781
3.39,3.3447499999999986,3.6233408,0.04525000000000157,0.2333408451080321
0.931,0.9257899999999996,0.9354202,0.005210000000000492,0.004420215129852245
2.023,2.037799999999999,2.0384433,0.014799999999998814,0.01544332695007311
1.333,0.8723700000000002,0.86708814,0.46062999999999976,0.46591186094284054
2.707,2.764170000000002,2.460539,0.05717000000000194,0.24646089744567856
2.402,2.8333600000000003,2.7877772,0.4313600000000002,0.38577718544006334
1.393,1.2663300000000013,1.3095516,0.12666999999999873,0.08344840335845949
0.57,0.7042399999999998,0.6456914,0.1342399999999998,0.07569139480590825
1.707,1.3751199999999995,1.2037544,0.3318800000000006,0.503245574951172
1.192,1.2407899999999992,1.3451681,0.04878999999999922,0.15316811370849615
1.773,1.7493099999999993,1.6160519,0.023690000000000655,0.15694808769226065
2.896,2.806950000000001,3.180451,0.08904999999999896,0.2844509162902833
2.976,2.847350300000001,3.0356457,0.1286496999999991,0.05964572334289553
1.099,1.2781799999999994,1.3296326,0.17917999999999945,0.23063263988494875
1.475,1.6993200000000004,1.7281975,0.2243200000000003,0.2531974554061889
0.787,1.0004899999999999,0.9820781,0.21348999999999985,0.19507807540893551
1.603,1.86565,1.6984522,0.26265000000000005,0.0954522342681885
0.777,1.16922,0.9296296,0.3922199999999999,0.15262962388992307
4.735,4.535193999999996,5.0250187,0.19980600000000415,0.29001869201660124
5.00001,4.7444369999999925,4.708623,0.25557300000000716,0.2913870675659176
1.331,1.4005599999999998,1.4199253,0.06955999999999984,0.08892533206939701
0.935,0.75646,0.7562912,0.17854000000000003,0.17870878934860235
2.801,2.8946301,3.0544164,0.09363009999999994,0.25341641807556137
2.567,2.1679900000000005,2.315452,0.39900999999999964,0.2515479011535646
2.88,2.590439999999999,2.634721,0.2895600000000007,0.24527895927429189
1.611,1.7533600000000007,1.5221503,0.1423600000000007,0.08884972190856932
1.37,1.7142800000000011,1.6514845,0.34428000000000103,0.28148448944091786
0.62,0.8979800000000003,1.0003766,0.27798000000000034,0.3803765821456909
4.438,4.446653299999997,4.6605906,0.008653299999997088,0.22259064865112332
0.683,1.1258800999999996,1.2274654,0.44288009999999955,0.5444653911590576
2.621,2.664450000000001,2.7969005,0.04345000000000088,0.17590051078796387
1.094,1.2773200000000002,1.157786,0.18332000000000015,0.06378601169586173
4.093,3.9072210999999966,4.0051775,0.1857789000000034,0.08782250213623044
1.752,1.7170500000000002,1.9003025,0.034949999999999815,0.14830252933502197
1.477,1.7224499999999998,1.8344328,0.24544999999999972,0.35743284034728995
2.875,2.2250511,2.934999,0.6499489,0.05999898910522461
0.932,1.1225100000000006,1.299308,0.1905100000000005,0.36730794239044184
0.938,1.386559999999999,1.7438627,0.44855999999999896,0.8058627481460572
1.724,1.8157100000000006,1.6264731,0.09171000000000062,0.09752693080902097
3.186,3.0407302000000014,3.3159156,0.14526979999999856,0.12991558456420904
1.852,1.83732,1.4324328,0.014680000000000026,0.41956722927093515
0.652,0.6411199000000001,0.52823734,0.010880099999999948,0.12376265716552737
1.797,1.1558000000000008,1.3879186,0.6411999999999991,0.4090814085006713
1.592,1.6252700000000004,1.676695,0.033270000000000355,0.08469498920440666
1.519,1.8738601,1.8599643,0.3548601,0.3409642515182496
0.717,1.3178799999999993,1.1201365,0.6008799999999993,0.40313649940490726
2.452,1.8739500999999996,1.9344945,0.5780499000000003,0.5175055046081543
2.283,3.6506024999999975,3.7914824,1.3676024999999976,1.508482448577881
1.964,2.1749799999999992,2.6021316,0.21097999999999928,0.6381316051483155
1.924,2.0583899999999993,1.8500296,0.13438999999999934,0.07397041225433343
0.659,0.6618600000000002,0.47428015,0.0028600000000001957,0.1847198512554169
2.823,1.9638299999999989,1.3258365,0.8591700000000011,1.4971634607315063
1.853,1.9057700000000006,2.0805137,0.05277000000000065,0.22751371574401857
0.886,0.95866,0.9209302,0.07265999999999995,0.03493020677566527
0.675,0.7039700000000002,0.83512163,0.028970000000000162,0.1601216316223144
1.434,0.9836900000000004,0.94950813,0.45030999999999954,0.4844918694496154
1.194,1.0844100000000005,1.1010123,0.10958999999999941,0.0929876508712768
2.158,2.8661800000000004,2.7282288,0.7081800000000005,0.5702288074493409
2.574,2.6600699999999993,2.667655,0.08606999999999942,0.0936549911499025
3.734,2.5308601,2.9504325,1.2031399,0.7835674610137939
1.523,1.27872,1.3949645,0.24427999999999983,0.12803554344177237
2.457,2.319999999999999,2.2184498,0.1370000000000009,0.23855016899108872
0.8,0.6734899999999999,0.7831803,0.12651000000000012,0.01681970357894902
1.372,1.5018799999999999,1.8059326,0.12987999999999977,0.4339326410293578
2.669,2.5671799999999996,2.4518213,0.10182000000000047,0.21717867279052738
3.953,3.5561599999999998,3.9514139,0.3968400000000001,0.0015861301422117613
2.221,2.2095200000000004,2.1305792,0.011479999999999713,0.09042076683044442
5.00001,2.7398504000000004,3.1986196,2.2601595999999993,1.8013903958892818
5.00001,4.016571599999999,3.855989,0.9834384000000007,1.1440210206604
2.329,2.3191800000000007,2.2721786,0.009819999999999496,0.05682135009765643
2.597,3.2081100000000005,3.0395708,0.6111100000000005,0.44257080841064456
2.157,1.7976700999999995,2.3826346,0.35932990000000053,0.2256346397399902
2.432,2.3480799999999995,2.229027,0.08392000000000044,0.2029729671478271
2.214,1.8238600999999994,1.9164239,0.39013990000000054,0.29757608318328854
1.125,1.2731701000000002,0.8717621,0.1481701000000002,0.25323790311813354
3.885,1.9030102,2.3789277,1.9819897999999998,1.5060722923278806
4.1,3.3936709999999994,4.150374,0.7063290000000002,0.050373935699463246
1.63,2.0454199999999987,1.7874559,0.4154199999999988,0.15745591640472423
5.0,4.5683053999999945,4.392729,0.4316946000000055,0.6072711944580078
2.313,2.3824901000000005,2.9778624,0.06949010000000033,0.6648623580932616
0.761,0.9770800999999996,0.90668434,0.21608009999999955,0.14568433904647826
4.586,2.9639201999999987,3.371342,1.6220798000000016,1.2146580562591556
3.663,3.477839999999998,3.1528077,0.185160000000002,0.5101922874450682
2.968,2.4509304999999997,2.2350652,0.5170695000000003,0.732934778213501
0.586,0.5466199999999999,0.5626195,0.03938000000000008,0.023380492687225307
0.848,0.9438600000000004,0.88230723,0.09586000000000039,0.03430723142623904
1.173,1.8546799999999997,1.7813458,0.6816799999999996,0.6083458442687988
1.266,1.4068699999999998,1.2801297,0.14086999999999983,0.014129671096801744
1.708,1.7244499999999996,1.523365,0.01644999999999963,0.18463497924804684
1.493,1.4491,1.5244821,0.04390000000000005,0.03148213100433339
1.19,1.2112000000000003,1.1093632,0.02120000000000033,0.08063680171966547
3.75,3.4677301999999988,3.869825,0.28226980000000124,0.11982488632202148
2.849,2.9198299999999993,2.905741,0.07082999999999906,0.056740976333617965
1.701,1.2271700000000012,1.1321248,0.47382999999999886,0.5688752183914185
5.00001,3.066340200000001,3.9664848,1.9336697999999988,1.0335252149200436
0.987,1.4466401999999996,1.5505599,0.4596401999999996,0.5635598783493042
0.608,0.6959000000000001,0.6319262,0.08790000000000009,0.023926178932189957
1.428,1.3724599999999998,1.3182282,0.055540000000000145,0.1097717552185058
2.239,2.2969099999999996,2.2325807,0.057909999999999684,0.006419338226318239
1.375,2.15423,2.0830882,0.7792300000000001,0.7080881595611572
2.978,3.0343801000000017,3.1002216,0.05638010000000149,0.12222163391113261
1.127,1.2139400000000005,1.1491699,0.08694000000000046,0.022169921874999998
1.133,1.01235,0.9590964,0.12064999999999992,0.17390362787246705
1.214,1.40977,1.2835915,0.19577,0.06959150886535648
2.484,2.5637500000000006,2.6395693,0.07975000000000065,0.1555692825317383
4.078,3.9818132999999984,3.8547258,0.09618670000000185,0.22327416229248076
3.566,3.7920525999999994,3.2313204,0.2260525999999996,0.33467961883544906
1.063,1.1571899999999995,0.87319857,0.09418999999999955,0.18980143117904658
1.214,1.2111200000000004,1.2730975,0.0028799999999995496,0.059097515106201204
2.409,1.9146999999999996,2.1672919,0.4943000000000002,0.24170812034606914
2.471,1.7200599999999993,2.0385385,0.7509400000000008,0.4324615440368653
1.379,1.0891500000000003,1.2192882,0.2898499999999997,0.15971177005767823
0.863,0.7427400000000002,0.86332023,0.12025999999999981,0.0003202314376831161
5.00001,3.867961799999997,4.353744,1.1320482000000025,0.6462659700012203
2.163,2.26916,2.1835897,0.10616000000000003,0.02058969688415546
3.056,3.3746115999999997,4.0626397,0.31861159999999966,1.0066397132873535
1.583,2.0826300000000004,1.6679356,0.49963000000000046,0.08493560981750492
4.521,4.096712899999996,3.6070473,0.42428710000000347,0.9139526805877685
0.95,1.3035504999999998,1.2587373,0.3535504999999999,0.308737325668335
1.057,0.8901000000000002,0.93213516,0.16689999999999972,0.12486483526229852
0.846,0.8045200000000002,0.6973107,0.04147999999999974,0.14868931388854978
2.401,1.63222,2.1376102,0.7687799999999998,0.26338980293273906
1.625,1.7751099999999997,1.6990969,0.15010999999999974,0.0740969181060791
0.966,1.2751499999999998,1.1873802,0.3091499999999998,0.2213801946640015
0.922,0.8822800000000001,0.9607604,0.03971999999999998,0.03876041460037227
2.282,2.0727300000000004,2.262827,0.20926999999999962,0.019173080444335966
1.137,1.5144099999999994,1.1953825,0.37740999999999936,0.0583824758529663
0.69,0.6917600000000003,0.7725612,0.0017600000000003169,0.08256119251251226
5.00001,4.395554299999995,4.6676545,0.6044557000000044,0.3323554856872555
2.25,2.2003801000000003,2.3884435,0.04961989999999972,0.1384434700012207
1.74,1.6195,1.4260678,0.12050000000000005,0.3139321708679199
5.00001,4.542427299999995,5.106866,0.457582700000005,0.10685588287353553
2.53,3.1818309,3.30044,0.6518309000000002,0.7704400730133059
2.776,3.5133804999999985,3.5176642,0.7373804999999987,0.7416641941070559
2.852,2.72298,2.8383875,0.1290199999999997,0.013612510681152212
0.903,1.033210000000001,1.0983906,0.13021000000000105,0.1953905792236328
1.899,1.6577899999999999,1.9885294,0.24121000000000015,0.0895294437408447
3.166,2.7095901999999996,2.7803557,0.4564098000000003,0.3856443080902099
3.019,2.7087,2.8720076,0.31030000000000024,0.14699239158630384
0.931,0.9771599999999995,1.0562308,0.046159999999999424,0.12523078346252436
0.942,0.9754200000000004,0.92378056,0.03342000000000045,0.01821943950653071
2.138,2.2158600000000006,2.0051825,0.0778600000000007,0.13281749534606924
1.875,1.8506199999999995,1.714674,0.024380000000000512,0.1603260040283203
5.00001,4.171353799999997,4.3255963,0.8286562000000028,0.6744136674499508
3.257,3.2705607,3.2594965,0.013560699999999759,0.0024964504241942187
3.0,2.5078503999999997,2.8619,0.4921496000000003,0.13809990882873535
1.439,1.6589500999999995,1.5407289,0.21995009999999948,0.10172892665863031
5.00001,4.833857299999991,4.1402936,0.16615270000000848,0.8597164018249508
2.641,2.669120099999999,2.7849872,0.02812009999999887,0.14398721122741698
0.623,0.8169099999999999,0.74506503,0.19390999999999992,0.12206503343582153
1.388,1.2859600000000007,1.3285735,0.10203999999999924,0.05942653465270986
1.054,1.2308000000000003,1.1072471,0.1768000000000003,0.05324711418151851
0.635,0.7240199999999998,0.67417085,0.08901999999999977,0.03917085170745849
5.00001,1.9565102000000005,2.529282,3.0434997999999993,2.470727906951904
0.978,1.1141,0.9495584,0.1361000000000001,0.028441622734069805
1.274,1.4000200000000005,1.3382552,0.12602000000000046,0.06425516700744627
1.353,1.5857900000000003,1.5953047,0.23279000000000027,0.2423047275543213
1.561,1.3801499999999998,1.4824752,0.18085000000000018,0.07852483844757074
4.468,4.770405999999994,4.643493,0.3024059999999942,0.17549317550659183
0.65,0.8360900000000003,0.6773239,0.1860900000000003,0.027323877811431863
1.518,1.7149199999999993,1.5523385,0.19691999999999932,0.03433848094940184
1.922,1.8956200000000012,1.9771913,0.026379999999998738,0.05519132900238044
1.531,1.9341999999999997,2.2411573,0.4031999999999998,0.7101572933197022
1.658,1.7920299999999991,1.7695049,0.1340299999999992,0.11150490474700936
2.542,2.8789905000000005,2.970171,0.33699050000000064,0.4281709747314455
2.342,2.732400199999999,2.8750043,0.39040019999999886,0.5330042915344237
1.125,0.9902101000000003,0.6551212,0.13478989999999968,0.46987879276275635
1.187,1.1644199999999998,1.5021249,0.022580000000000267,0.3151249055862426
2.409,2.2865199999999994,2.2200146,0.12248000000000037,0.18898542785644512
2.833,3.5846103000000005,3.2404091,0.7516103000000003,0.40740913581848126
4.5,1.6993908000000002,1.349569,2.8006092,3.1504310369491577
0.521,0.6059899999999999,0.55131525,0.0849899999999999,0.030315248012542706
0.559,0.6678499999999998,0.7173218,0.10884999999999978,0.1583218131065368
0.881,1.22001,1.2755688,0.33901000000000003,0.3945688428878784
2.489,2.1112300000000004,2.328327,0.3777699999999995,0.16067305946350086
0.686,1.6300301999999995,0.68392146,0.9440301999999995,0.0020785436630249565
1.563,1.65222,1.4927942,0.08922000000000008,0.07020584392547602
2.727,3.090390500000002,3.3477519,0.36339050000000217,0.6207518558502199
3.404,3.4441406,3.9538114,0.04014059999999997,0.5498114070892335
2.188,2.2936303999999996,2.1328013,0.10563039999999946,0.05519870567321794
0.701,0.82128,0.77330357,0.12028000000000005,0.07230356836318974
5.00001,3.1771610000000003,3.6228402,1.8228489999999993,1.3771698339080807
1.625,2.4567799999999993,3.1946018,0.8317799999999993,1.5696017742156982
1.118,1.1467300000000002,1.1872697,0.028730000000000144,0.06926968765258779
1.102,1.4183299999999994,1.5517322,0.31632999999999933,0.4497321825027465
0.742,0.6334199999999998,0.52923805,0.10858000000000023,0.2127619547843933
1.032,1.1914199999999997,1.1217601,0.15941999999999967,0.08976012992858884
1.721,1.9302300000000008,2.1102338,0.2092300000000007,0.38923378372192374
1.32,1.1348100000000003,1.330629,0.18518999999999974,0.010628991127014098
1.663,1.2658800000000006,1.2773364,0.3971199999999995,0.3856636409759522
1.073,1.0774499999999996,1.0055096,0.004449999999999621,0.06749038505554195
1.079,0.9837300000000003,0.9518668,0.09526999999999963,0.12713319444656368
0.946,1.0246299999999997,1.3570222,0.07862999999999976,0.4110221662521363
0.661,0.9543199999999996,1.0600376,0.2933199999999996,0.39903761291503903
1.582,1.6332799999999994,1.6381701,0.051279999999999326,0.05617012310028069
0.958,0.9496900000000003,0.9922906,0.008309999999999707,0.03429061603546146
1.17,1.1440100000000004,1.0529606,0.025989999999999513,0.11703936576843255
1.709,1.8176200000000002,1.7713988,0.10862000000000016,0.062398782730102464
0.929,1.2093099999999999,0.99619216,0.28030999999999984,0.06719215726852412
1.625,1.6581100000000004,1.5250739,0.03311000000000042,0.09992611408233643
1.938,1.6629200000000004,1.654126,0.27507999999999955,0.2838739519119262
1.346,1.0931700000000002,1.0970528,0.2528299999999999,0.24894718742370614
1.231,0.7478999999999999,0.8398482,0.4831000000000002,0.39115177965164194
1.157,1.5334000000000003,1.4213977,0.3764000000000003,0.26439768600463864
0.835,1.0284800000000005,1.0315264,0.19348000000000054,0.1965264463424683
0.622,0.5559599999999998,0.5331515,0.06604000000000021,0.08884849262237549
0.744,0.9293300000000002,1.06942,0.18533000000000022,0.3254199800491333
1.801,1.9331199999999995,1.7679406,0.13211999999999957,0.03305935955047601
1.958,2.2708399999999993,2.0323782,0.31283999999999934,0.07437819671630863
5.00001,4.99062939999999,4.937695,0.009380600000009842,0.06231497360229454
1.443,1.3855699999999995,1.6451274,0.057430000000000536,0.2021274156570434
1.254,1.0732400000000002,0.8819683,0.1807599999999998,0.37203168058395386
0.808,0.7594999999999998,0.7129807,0.04850000000000021,0.09501931238174444
0.659,0.7193700000000001,0.6685174,0.060370000000000035,0.00951741075515744
1.579,1.6248300000000007,1.7237966,0.045830000000000704,0.14479660606384281
5.00001,3.0118011,3.5412304,1.9882088999999996,1.4587795598602291
1.808,2.3030399999999998,2.1590426,0.4950399999999997,0.35104259681701655
2.362,2.5727200999999993,2.6674345,0.2107200999999992,0.3054344539642333
1.03,1.04606,1.0128785,0.016059999999999963,0.017121462821960476
2.169,1.7287499999999993,1.7374791,0.4402500000000007,0.43152090930938725
3.833,2.9215301000000005,2.8016505,0.9114698999999997,1.0313494758605959
5.00001,2.4467601999999995,3.18817,2.5532498,1.8118400437927242
0.835,0.8913000000000004,1.0159254,0.05630000000000046,0.180925407409668
2.144,2.117319999999998,2.4067016,0.026680000000002035,0.26270156478881823
1.0,1.1520299999999999,0.87820745,0.1520299999999999,0.12179255485534668
0.788,0.8784700000000001,0.7291768,0.09047000000000005,0.058823180675506626
0.976,1.0066200000000012,0.9355503,0.030620000000001202,0.04044972753524778
1.784,2.458269999999999,2.0825598,0.6742699999999988,0.29855982398986813
2.871,3.3357409000000002,2.9217482,0.46474090000000023,0.05074816131591797
2.701,3.2451505999999988,3.5156417,0.5441505999999987,0.814641689300537
1.855,2.1984701,1.8603804,0.3434701000000002,0.005380411148071307
0.906,1.2206701000000004,1.1389604,0.3146701000000004,0.23296036148071286
2.136,1.7614400000000003,1.620715,0.3745599999999998,0.515284977912903
1.243,1.22967,1.144042,0.013330000000000064,0.09895798492431651
2.05,1.2245100000000002,1.3245649,0.8254899999999996,0.7254350662231444
2.567,2.6135200999999997,2.8092623,0.04652009999999951,0.2422622756958006
3.927,4.274350899999998,4.0994253,0.34735089999999813,0.17242531585693355
1.333,1.3718599999999999,1.3175031,0.038859999999999895,0.015496905326843224
1.871,1.8958900000000012,1.5663118,0.02489000000000119,0.3046881637573242
2.554,3.309060099999998,2.6949685,0.7550600999999983,0.14096846199035662
3.474,3.2729101999999997,3.3115392,0.20108980000000054,0.1624608268737795
1.717,1.7564500000000007,1.6755888,0.03945000000000065,0.04141115379333504
1.125,1.9629602999999995,1.8856055,0.8379602999999995,0.7606054544448853
0.826,0.9204000000000002,1.0517678,0.09440000000000026,0.2257678260803223
0.486,0.4947299999999996,0.51168305,0.008729999999999627,0.025683046817779553
1.341,2.57782,1.4684536,1.23682,0.1274536457061768
2.258,2.1949899999999984,2.1323276,0.06301000000000156,0.12567244338989259
5.00001,4.88507829999999,4.9855876,0.1149317000000094,0.014422403106689075
4.7,4.200862499999998,5.301386,0.49913750000000245,0.6013858795166014
2.258,2.135790000000001,2.4628994,0.12220999999999904,0.20489944648742675
1.58,2.014959999999999,1.9683838,0.4349599999999989,0.38838378906249993
1.171,1.3754699999999993,1.3088763,0.20446999999999926,0.1378762760162353
4.163,4.073920100000002,4.289064,0.08907989999999799,0.12606393051147435
1.208,1.2031300000000007,1.2329415,0.004869999999999264,0.024941508293151893
2.263,2.2769400000000015,2.271911,0.013940000000001618,0.008910905838012795
1.222,1.2288199999999998,1.3500266,0.006819999999999826,0.12802660751342776
1.0,1.1974699999999996,1.3409009,0.1974699999999996,0.34090089797973633
2.295,2.03348,2.286524,0.26152,0.008475942611694265
1.958,0.8495899999999998,0.9023867,1.1084100000000001,1.055613275051117
0.85,2.5209806,2.3373332,1.6709806,1.4873332023620605
2.647,2.3137,2.1001725,0.33329999999999993,0.5468274803161619
4.555,4.260901699999997,4.7912607,0.2940983000000026,0.2362607192993167
1.76,1.8596599999999994,1.6984007,0.09965999999999942,0.06159926414489747
0.811,0.99987,0.855204,0.18886999999999998,0.04420398616790766
1.664,2.02983,1.7680236,0.3658300000000001,0.10402361011505135
0.826,0.8329199999999993,1.0571077,0.006919999999999371,0.23110768699646
2.722,2.223039999999999,1.817199,0.4989600000000012,0.9048010082244873
2.711,3.6929908999999994,3.2395468,0.9819908999999996,0.5285467758178712
2.394,2.635050000000001,2.5928535,0.24105000000000087,0.198853546142578
1.718,2.0001499999999997,1.7260177,0.2821499999999997,0.008017713546752958
1.218,1.0189,1.147287,0.19910000000000005,0.07071298885345456
1.736,1.69906,1.6366755,0.03693999999999997,0.09932452297210692
2.393,2.542180399999999,2.514845,0.1491803999999992,0.1218448944091799
0.588,0.7370299999999999,0.9059595,0.14902999999999988,0.3179594869613648
2.875,2.6546700999999997,2.4852426,0.2203299000000003,0.3897573947906494
0.707,1.0899299999999998,0.9300748,0.3829299999999999,0.22307481098175053
1.817,1.7867100000000002,1.6706258,0.030289999999999706,0.14637419414520259
1.137,1.2747399999999995,1.2002858,0.13773999999999953,0.06328579235076903
2.241,2.2890399999999995,2.3629858,0.048039999999999417,0.12198584938049306
3.513,4.240230600000002,4.336788,0.7272306000000022,0.8237881774902345
3.013,2.4787099999999977,3.3889499,0.5342900000000022,0.3759498710632325
0.807,1.5895201,1.1600896,0.7825201,0.35308961200714106
1.526,1.7458703000000013,1.4308305,0.2198703000000013,0.09516952133178713
2.374,2.559259999999999,2.4423082,0.1852599999999991,0.0683081874847411
1.794,1.6895399999999983,1.8203428,0.10446000000000177,0.02634277915954586
5.00001,4.812786599999995,5.03454,0.18722340000000504,0.03453017639160194
1.702,2.063819999999999,2.1336758,0.3618199999999989,0.4316758136749268
1.653,1.4934900000000002,1.3736907,0.15950999999999982,0.27930927562713626
2.259,2.1539902,2.2590225,0.10500979999999993,2.2474288940532716e-05
1.597,1.5230699999999993,1.5879332,0.07393000000000072,0.009066817283630346
3.635,4.101132199999998,3.7002275,0.4661321999999979,0.06522749900817892
1.321,1.4196299999999993,1.238186,0.09862999999999933,0.08281399822235103
3.768,4.115182899999995,4.566748,0.3471828999999955,0.7987481422424318
0.969,0.8702399000000001,0.8279113,0.0987600999999999,0.14108868265151975
3.162,3.5342606999999977,4.1083326,0.3722606999999978,0.946332633972168
3.238,3.4364301000000017,3.3575387,0.19843010000000172,0.11953870010375978
3.875,4.2083036999999965,5.1302733,0.33330369999999654,1.2552733421325684
1.491,1.4399199999999994,1.2013806,0.05108000000000068,0.2896193895339967
5.00001,5.000009999999989,5.1211724,1.0658141036401503e-14,0.1211624281311039
2.25,1.4455701000000003,1.6898205,0.8044298999999997,0.5601794719696045
1.788,2.0704399999999996,2.0916696,0.2824399999999996,0.30366955947875973
0.875,1.0981100000000004,1.1511793,0.22311000000000036,0.27617931365966797
1.301,1.1944700000000004,1.172502,0.10652999999999957,0.12849795913696282
5.00001,4.367983199999997,4.8364024,0.6320268000000029,0.16360758377075157
3.49,3.150690200000001,3.186515,0.3393097999999992,0.30348490715026877
0.73,0.7712400000000003,0.6793076,0.041240000000000276,0.05069242000579832
2.447,2.5281410999999996,2.0926125,0.08114109999999952,0.3543874950408936
2.754,2.26121,2.5541487,0.49278999999999984,0.19985132598876953
2.462,2.4756799999999997,2.7612846,0.01367999999999947,0.29928458976745587
2.362,2.3132500999999994,2.3031332,0.04874990000000068,0.058866750717163185
2.322,2.9941500999999984,2.8507476,0.6721500999999983,0.5287475852966308
0.533,1.0782299999999991,0.3613931,0.5452299999999991,0.17160690593719485
1.631,1.5001799999999996,1.2990713,0.13082000000000038,0.3319286880493164
0.724,0.9558501000000004,0.81249946,0.2318501000000004,0.08849946355819704
2.345,2.2801199999999993,1.9997404,0.06488000000000094,0.3452596378326418
1.5,1.5764801,1.7499545,0.07648009999999994,0.2499544620513916
1.161,1.11852,1.0008084,0.04248000000000007,0.16019164180755618
1.813,2.025059999999999,1.7823237,0.21205999999999903,0.030676281929016058
1.21,1.40112,1.2064104,0.19111999999999996,0.0035895919799804332
0.887,1.0724200000000002,0.8483324,0.18542000000000014,0.03866759490966798
1.825,1.8741299999999999,1.836598,0.049129999999999896,0.011598038673400923
1.974,2.194080099999998,2.032573,0.2200800999999981,0.05857298469543459
1.281,1.3641900000000005,1.3486983,0.08319000000000054,0.06769825839996346
0.765,0.9598900000000001,0.9082573,0.19489000000000012,0.14325730562210082
3.0,3.0566900000000006,3.16045,0.05669000000000057,0.16044998168945312
5.00001,4.301721599999996,4.4724646,0.6982884000000036,0.5275454385375973
1.603,1.5631900000000005,1.5219934,0.03980999999999946,0.08100660133361814
3.356,3.4445901999999986,3.743769,0.08859019999999873,0.3877689304351808
1.576,1.6025801000000013,1.389939,0.026580100000001217,0.1860610494613648
1.906,2.1879200000000005,2.322769,0.2819200000000006,0.4167689266204835
1.808,2.337960700000001,2.2976098,0.5299607000000008,0.48960980606079096
1.042,1.0555000000000003,1.4453219,0.01350000000000029,0.4033219175338745
1.118,1.4234299999999993,1.2698888,0.3054299999999992,0.1518887586593627
1.941,1.9413199999999997,1.9216763,0.0003199999999996539,0.01932372188568121
2.538,3.3982905000000017,3.7641253,0.8602905000000018,1.2261253471374514
1.295,2.31663,2.10599,1.02163,0.8109899330139161
1.176,1.6712401000000003,1.2913848,0.4952401000000004,0.11538481616973884
3.398,3.4767705999999974,3.6226282,0.07877059999999725,0.22462821197509752
3.429,3.2023103000000015,3.4786634,0.22668969999999833,0.04966344451904314
1.955,1.8797299999999995,1.721069,0.07527000000000061,0.23393102169036872
0.838,0.7874400000000005,0.67819464,0.050559999999999494,0.1598053579330444
0.942,1.1020400000000001,1.253319,0.16004000000000018,0.3113190250396729
1.406,1.2569399999999995,1.263283,0.14906000000000041,0.14271698570251456
1.609,2.4340800000000007,2.2691736,0.8250800000000007,0.6601736221313477
1.693,1.7334500000000004,2.1476958,0.04045000000000032,0.454695779800415
2.759,2.6362801,2.670848,0.12271989999999988,0.08815210723876943
1.462,1.3686600000000002,1.3088418,0.09333999999999976,0.1531581754684448
2.023,1.9443899999999994,2.0014913,0.07861000000000073,0.021508691787719858
1.54,1.5028400000000002,1.3366514,0.03715999999999986,0.2033485555648804
1.355,1.42738,1.1541296,0.07238000000000011,0.20087037563323973
2.359,2.3234999999999983,2.1342251,0.03550000000000164,0.22477486991882323
1.288,1.3157600000000003,1.3523269,0.02776000000000023,0.06432686996459958
2.496,1.92472,1.9051325,0.57128,0.590867467880249
3.0,2.799370500000001,3.4253738,0.2006294999999989,0.42537379264831543
1.341,1.69249,1.5642799,0.3514900000000001,0.22327991390228275
3.086,3.452481600000001,3.7563884,0.3664816000000011,0.6703884258270265
3.5,3.1293,3.4668999,0.3706999999999998,0.033100128173828125
1.108,1.4632800000000001,1.3355087,0.35528000000000004,0.22750870418548574
1.908,2.2407603000000003,2.2730055,0.33276030000000034,0.36500548553466805
1.088,1.1513700000000002,0.95261425,0.06337000000000015,0.1353857522010804
1.444,1.6200701999999996,1.6806036,0.17607019999999962,0.2366036233901978
1.629,1.4253799999999992,1.6451205,0.2036200000000008,0.016120501518249508
1.639,1.74708,1.9906397,0.10807999999999995,0.35163968658447264
0.98,0.9497599999999998,0.92358583,0.030240000000000156,0.056414167881011945
1.327,1.42544,1.4211758,0.09844000000000008,0.09417583751678471
2.831,2.621270799999999,2.5360353,0.20972920000000084,0.2949647006988525
4.072,3.4312806,3.9361665,0.6407194,0.1358334751129151
2.482,2.62743,2.6183753,0.14542999999999973,0.13637530136108378
0.645,0.9399099999999997,0.78302455,0.2949099999999997,0.1380245494842529
5.00001,3.2234606000000015,3.453211,1.7765493999999982,1.546798930892944
1.944,3.1068500000000023,3.033988,1.1628500000000024,1.0899879989624024
1.375,1.5706499999999999,1.4512193,0.19564999999999988,0.07621932029724121
1.273,1.3206399999999994,1.251634,0.04763999999999946,0.02136599826812735
0.853,0.8484099999999999,0.93364733,0.004590000000000094,0.0806473345756531
1.949,1.9738200000000004,1.8515182,0.024820000000000286,0.09748184585571296
2.211,2.6482400000000013,2.4098284,0.4372400000000014,0.1988284244537355
1.922,1.980339999999999,1.9304122,0.05833999999999917,0.008412173271179268
4.045,3.007770599999999,3.7418687,1.037229400000001,0.3031312656402587
0.735,0.7458400000000002,0.7041814,0.010840000000000183,0.03081862688064574
2.337,2.1536799999999996,2.201819,0.1833200000000006,0.13518105697631855
1.188,1.1668100000000003,1.1214532,0.021189999999999598,0.06654683399200434
0.7,1.0900299999999996,1.1256366,0.39002999999999965,0.4256365776062012
1.828,1.6749000000000003,1.7292906,0.1530999999999998,0.09870939540863044
5.00001,4.902747999999991,4.5686717,0.09726200000000862,0.4313382966613766
1.577,2.0885102999999985,1.8226506,0.5115102999999985,0.24565055179595952
2.479,2.8715502999999996,2.406578,0.39255029999999946,0.07242193603515634
5.00001,3.888421300000001,3.9320936,1.1115886999999987,1.0679163796997067
3.579,2.8295803999999993,2.741011,0.7494196000000009,0.8379890956878664
0.569,0.5693299999999999,0.6580735,0.00032999999999994145,0.08907348489761358
3.024,3.311990099999999,3.5330727,0.28799009999999914,0.5090727100372314
1.254,1.30614,1.3665209,0.052140000000000075,0.11252088165283203
3.864,2.8449607000000015,3.3206217,1.0190392999999984,0.5433782711029052
1.756,1.6111100000000005,1.348539,0.14488999999999952,0.40746100521087647
1.105,1.4078701,1.1112329,0.30287010000000003,0.0062328767776489435
3.867,4.476772399999993,4.444499,0.6097723999999927,0.5774990158081055
1.375,1.6808699999999996,1.431919,0.30586999999999964,0.056918978691101074
2.287,2.4352499999999986,2.1745608,0.14824999999999866,0.11243921470642082
1.494,1.9368401,1.9288919,0.44284009999999996,0.4348918972015381
0.737,0.7232500000000001,0.7301778,0.013749999999999929,0.00682218027114867
5.00001,4.012222299999998,3.8226385,0.9877877000000019,1.1773714883422848
1.321,1.450960000000001,1.4872805,0.12996000000000096,0.16628048801422124
0.865,1.1864699999999992,1.1134044,0.32146999999999926,0.24840439319610597
4.179,3.5226310999999964,3.5599024,0.6563689000000039,0.6190975704193118
1.726,1.8784599999999998,1.5724134,0.15245999999999982,0.153586555480957
0.997,0.8936200000000001,0.90324205,0.10337999999999992,0.09375794839859009
0.725,0.9357100000000004,0.74998003,0.2107100000000004,0.024980032444000266
1.808,2.017110100000001,1.5564033,0.20911010000000085,0.25159672069549566
3.084,2.692469999999999,2.6725237,0.39153000000000127,0.4114762630462647
2.883,2.7013902999999995,2.500069,0.18160970000000054,0.38293109703063966
3.022,3.5951828999999975,3.3991754,0.5731828999999977,0.37717540550231954
2.888,3.532800499999999,3.8334918,0.6448004999999992,0.9454918022155763
1.0,1.25706,1.8126318,0.25706000000000007,0.8126318454742432
2.33,2.3727699999999996,2.5660257,0.04276999999999953,0.23602573394775384
1.369,1.3604800000000006,1.4655521,0.008519999999999417,0.09655209159851075
2.094,2.4087500000000004,2.7350914,0.31475000000000053,0.6410914478302003
2.466,2.71232,2.803421,0.24631999999999987,0.3374210205078123
0.652,1.03677,1.0002993,0.38476999999999995,0.348299334526062
4.912,3.5367808999999966,3.5927706,1.3752191000000034,1.3192294235229491
3.567,2.9419002,3.5139318,0.6250998000000001,0.05306824874877947
1.643,2.4572399999999988,2.0946074,0.8142399999999987,0.4516073532104492
0.882,0.9125100000000004,0.8847712,0.03051000000000037,0.0027712278366088805
1.559,1.2688999999999997,1.4585172,0.29010000000000025,0.10048280620574945
1.917,1.6056901,1.8819088,0.31130990000000014,0.03509122562408451
0.844,1.7831201999999993,1.2214983,0.9391201999999993,0.37749825096130374
1.901,2.154630000000002,2.571385,0.2536300000000018,0.6703849067687988
1.125,1.27258,0.9336139,0.14758000000000004,0.19138610363006592
1.152,1.62879,1.6783386,0.47679000000000005,0.526338646888733
1.746,1.9985699999999995,1.992933,0.2525699999999995,0.2469330348968506
1.135,1.67772,1.3865244,0.5427200000000001,0.2515244388580322
1.524,2.3183000000000016,2.100648,0.7943000000000016,0.5766479263305664
2.503,2.39262,2.6283004,0.11038000000000014,0.12530042839050282
1.837,1.987970000000001,1.7434213,0.15097000000000094,0.09357868385314938
5.00001,2.8523001999999993,3.1662338,2.1477098000000003,1.8337762220001217
3.109,2.8916300999999986,3.2024374,0.21736990000000134,0.09343740081787111
2.306,1.9828900000000007,1.8977633,0.32310999999999934,0.40823674774169927
0.685,1.0949600000000002,1.3872718,0.4099600000000001,0.702271761894226
2.674,2.7230299999999987,3.1641366,0.0490299999999988,0.49013664817810065
1.453,1.81966,1.6601986,0.36666,0.20719856929779046
2.82,2.8442700000000003,2.7614746,0.024270000000000458,0.05852539062499984
2.821,1.4271602000000003,1.2140303,1.3938397999999999,1.6069697341918947
1.898,1.8597700000000008,1.8979112,0.0382299999999991,8.880901336660862e-05
2.544,2.40905,2.1815157,0.1349499999999999,0.36248430633544926
1.617,1.712,1.6271522,0.09499999999999997,0.010152204513549812
1.888,1.80741,2.290104,0.08058999999999994,0.4021039123535157
5.00001,3.6162514,3.7942896,1.3837585999999997,1.205720411071777
0.944,0.7686299999999998,0.78231037,0.17537000000000014,0.16168963336944575
3.428,2.4432999999999994,3.3428295,0.9847000000000006,0.08517053413391107
1.915,2.785919999999999,2.6415675,0.870919999999999,0.7265674686431884
2.096,1.9849599999999992,1.8120556,0.11104000000000092,0.2839444122314454
2.35,1.9110000000000003,2.2332568,0.43899999999999983,0.11674318313598642
2.314,3.5126101,3.4314811,1.1986100999999998,1.117481122970581
1.302,1.8544303000000002,2.2729805,0.5524303000000002,0.9709804515838623
2.082,2.003969999999998,1.8854792,0.07803000000000182,0.19652078819274887
5.00001,4.91173899999999,4.9929457,0.08827100000000954,0.007064328918456653
1.686,2.028280100000001,1.9755938,0.34228010000000086,0.2895938053131104
2.281,2.107980099999999,2.045405,0.17301990000000123,0.23559508895874037
1.269,1.7138500000000005,1.6603054,0.44485000000000063,0.3913053808212281
1.355,1.3116800000000004,0.9946551,0.04331999999999958,0.3603449273109436
1.567,2.0222599999999993,1.449085,0.45525999999999933,0.11791500282287593
2.086,2.4160799999999996,2.2485442,0.3300799999999997,0.162544216156006
4.367,2.4807799999999998,2.7428439,1.8862200000000002,1.6241561336517334
0.71,0.54212,0.4847868,0.16787999999999992,0.2252131915092468
0.888,0.9104098999999999,0.9495554,0.02240989999999987,0.061555397033691395
3.416,3.8056112000000013,3.5466886,0.3896112000000014,0.13068855667114265
1.202,1.1166900000000006,1.0429333,0.08530999999999933,0.15906665515899654
1.482,1.58611,1.5938253,0.10410999999999992,0.11182534027099611
5.00001,3.941672199999999,4.4238505,1.0583378000000008,0.5761594636535641
3.75,2.7587604,2.4244878,0.9912396000000001,1.325512170791626
1.375,1.5155500000000002,1.2950548,0.14055000000000017,0.07994520664215088
0.648,0.8804400000000002,0.9243006,0.2324400000000002,0.2763006110191345
2.318,2.7081900999999986,2.3770528,0.39019009999999854,0.05905278396606439
1.607,1.7047000999999995,1.6820744,0.09770009999999951,0.07507442760467531
2.51,2.4111101,2.1899712,0.09888989999999964,0.3200287914276121
1.425,2.11229,1.5975871,0.6872899999999997,0.1725871086120605
1.765,2.02844,1.8690383,0.2634399999999999,0.10403834342956553
1.771,2.2643901,2.276127,0.49339010000000005,0.5051270999908448
3.118,3.551090599999999,3.3717468,0.433090599999999,0.2537467784881593
0.846,1.2367299999999997,1.0658504,0.3907299999999997,0.21985037708282473
1.226,1.18395,1.1693115,0.04204999999999992,0.05668847656249998
1.982,2.249189999999999,2.322919,0.26718999999999915,0.3409188919067383
5.0,4.343672799999996,4.5874586,0.6563272000000042,0.41254138946533203
2.798,2.9130503,2.8351738,0.11505030000000005,0.03717384529113765
1.95,2.1844301000000015,2.0793717,0.23443010000000153,0.12937169075012211
2.028,1.7840299999999993,1.766849,0.2439700000000007,0.2611509590148926
3.541,3.6969901999999975,3.5911293,0.15599019999999753,0.0501293029785157
2.595,2.8242200000000013,2.4019227,0.2292200000000011,0.19307729721069355
5.00001,3.1532305000000007,3.5847023,1.846779499999999,1.4153077466583248
2.724,2.9803100999999987,2.7953415,0.25631009999999854,0.07134149169921855
1.839,1.8187801000000001,2.2545078,0.020219899999999846,0.4155077800750733
2.858,2.5419500000000013,2.4802341,0.31604999999999883,0.37776585388183603
2.25,2.1913901000000005,2.123926,0.05860989999999955,0.12607407569885254
2.926,2.6928800000000006,2.7043622,0.23311999999999955,0.22163784599304215
0.552,0.5292399999999998,0.34492213,0.022760000000000224,0.207077874660492
2.62,2.1816700000000013,2.161203,0.4383299999999988,0.45879709243774425
1.589,1.7127299999999996,1.1540649,0.12372999999999967,0.4349351062774658
1.721,2.0584999999999996,1.7786068,0.33749999999999947,0.05760677242279044
1.917,2.0932200000000005,1.924359,0.1762200000000005,0.007358963966369592
2.25,2.29087,1.8874619,0.04086999999999996,0.36253809928894043
1.083,1.18125,1.1609806,0.09824999999999995,0.07798058223724369
1.136,1.0636700000000001,0.9029882,0.07232999999999978,0.23301180458068838
1.0,1.3686199999999993,1.3840808,0.3686199999999993,0.38408076763153076
1.917,2.2470799999999995,2.2539003,0.3300799999999995,0.3369002895355224
1.172,0.8894500000000002,0.8324491,0.28254999999999975,0.33955092144012444
1.106,1.0577800000000004,1.1245552,0.04821999999999971,0.01855523014068594
0.802,0.8544799999999999,0.7878204,0.05247999999999986,0.014179601192474411
0.981,1.3061700000000003,1.2834541,0.3251700000000003,0.3024540605545044
2.538,2.5321100000000003,2.2895987,0.005889999999999507,0.2484012966156004
0.481,0.5272600000000002,0.49032217,0.04626000000000019,0.009322172641754167
1.928,1.6446100000000001,1.5860407,0.2833899999999998,0.34195926475524896
1.328,1.2486400000000004,1.2528867,0.07935999999999965,0.0751133470535279
1.963,1.8390400000000011,2.035229,0.12395999999999896,0.0722289676666259
3.208,2.634380700000001,3.240348,0.5736192999999994,0.03234810066223126
3.194,3.0428708,2.9426544,0.15112919999999974,0.25134562873840327
2.037,2.5280400000000003,2.5256288,0.49104000000000037,0.48862880516052254
2.071,2.6250304000000004,2.1479602,0.5540304000000003,0.0769601860046385
0.799,1.10394,0.90035325,0.3049399999999999,0.10135325288772579
5.00001,4.119803899999996,4.801382,0.8802061000000032,0.19862793518066368
3.3,2.2065800000000007,2.4405317,1.0934199999999992,0.8594682693481444
1.39,1.4527799999999993,1.3749013,0.06277999999999939,0.01509870529174795
1.875,1.8885399999999999,1.9611385,0.013539999999999885,0.08613848686218262
4.483,3.3012107999999993,3.318986,1.1817892000000003,1.1640140609741207
1.763,1.79922,1.9193939,0.03622000000000014,0.1563938970565797
1.759,1.0237700000000003,0.93557554,0.7352299999999996,0.8234244551658629
1.042,1.28661,1.3191463,0.24461,0.27714627552032467
1.622,1.6019299999999999,1.8710115,0.020070000000000254,0.24901149559020985
1.668,1.608560000000001,1.7310789,0.05943999999999883,0.06307886314392097
1.612,1.6360599999999996,1.5658487,0.024059999999999526,0.0461512918472291
1.531,1.4851700000000008,1.5863712,0.04582999999999915,0.055371183395385826
1.569,1.1573,1.127043,0.41169999999999995,0.44195699119567866
1.581,1.6835800000000005,1.6900816,0.10258000000000056,0.10908159637451176
0.769,0.8324700000000004,0.7347238,0.06347000000000036,0.03427619361877443
1.654,1.6868499999999995,1.6151828,0.0328499999999996,0.0388172426223754
0.735,1.8526606,1.630389,1.1176606000000002,0.8953889751434326
1.184,1.73011,1.2012228,0.5461100000000001,0.017222777366638242
1.424,1.7444400000000004,1.551945,0.3204400000000005,0.1279449710845948
2.803,2.8570700000000016,2.7289972,0.05407000000000162,0.07400276947021478
1.072,1.5060799999999992,1.4393518,0.43407999999999913,0.36735179710388177
1.833,1.7588201999999997,1.730229,0.07417980000000024,0.10277097988128658
0.988,0.70196,0.7256417,0.28603999999999996,0.2623582725524902
2.345,2.1338299999999997,2.1705823,0.21117000000000052,0.17441770553588887
1.435,1.4887599999999992,1.1474108,0.05375999999999914,0.28758924961090093
1.08,1.5963901000000005,1.2942784,0.5163901000000004,0.2142783832550048
0.978,1.0433700000000001,0.95023894,0.06537000000000015,0.027761056900024395
0.705,0.7914099999999997,0.7183682,0.08640999999999976,0.013368172645568888
2.259,1.9115899999999995,1.6806045,0.34741000000000044,0.5783955421447753
2.398,2.5119800000000003,2.1733372,0.11398000000000019,0.22466277885437025
1.364,1.82552,1.630868,0.46151999999999993,0.26686795806884755
1.806,1.74129,1.5757074,0.06471000000000005,0.2302925643920899
2.396,1.9773199999999995,2.3346791,0.4186800000000004,0.061320873260497955
2.657,2.6152699999999993,2.6446788,0.04173000000000071,0.012321168899536161
2.042,1.8640400999999986,1.874427,0.17795990000000117,0.16757303905487042
1.225,1.7690999999999997,1.6412657,0.5440999999999996,0.41626574993133536
2.04,2.503380300000001,3.006671,0.46338030000000074,0.9666709518432617
1.953,1.8670899999999995,1.8339169,0.0859100000000006,0.11908309745788581
2.158,2.1747300000000003,2.3822813,0.016730000000000356,0.2242813034057618
5.00001,4.952059099999989,5.0585165,0.04795090000001068,0.05850650238037147
0.758,0.7405700000000003,0.644016,0.017429999999999723,0.11398397254943848
2.654,3.4462309000000007,3.0661652,0.7922309000000007,0.4121652088165284
2.737,3.9987730999999984,3.3397763,1.2617730999999983,0.6027762775421142
1.164,1.1281800000000002,1.082734,0.03581999999999974,0.08126601123809807
0.594,0.76457,0.79971826,0.17057,0.2057182607650757
1.37,1.0533799999999998,0.9335092,0.31662000000000035,0.4364908289909364
1.192,0.7350100000000004,0.66875786,0.45698999999999956,0.5232421441078186
2.442,2.6477502,2.5723999,0.20575019999999977,0.130399854660034
1.7,1.64058,1.4499955,0.05942000000000003,0.25000448226928706
2.803,3.274350100000001,3.420291,0.4713501000000009,0.6172909469604493
2.85,3.6578012999999974,3.3901138,0.8078012999999973,0.5401138305664062
1.026,1.7098499999999996,1.4458678,0.6838499999999996,0.4198677768707275
1.205,1.1209899999999997,1.1567924,0.08401000000000036,0.048207597732544016
3.616,4.176901999999996,4.183032,0.5609019999999956,0.5670320358276366
4.553,4.3181026,4.980636,0.23489740000000037,0.42763611984252936
2.134,2.3501000000000003,2.3490057,0.2161000000000004,0.21500569915771495
1.58,2.03053,1.7600818,0.4505300000000001,0.1800817680358886
2.17,2.0502799999999994,1.8734454,0.11972000000000049,0.29655460834503167
0.637,0.6304100000000001,0.76776767,0.006589999999999874,0.13076766777038573
2.443,2.958319999999999,2.7582693,0.5153199999999991,0.31526930999755853
1.511,1.7140700000000006,1.6257049,0.20307000000000075,0.11470488452911387
1.108,1.0968699999999998,1.0824463,0.011130000000000306,0.025553663253784276
4.338,4.740075799999994,4.966357,0.4020757999999942,0.6283572311401366
0.729,0.9663900000000014,0.9324046,0.23739000000000143,0.2034045777320862
1.085,1.356290000000001,1.4480298,0.27129000000000114,0.36302975654602054
4.526,4.265793,4.0399737,0.2602069999999994,0.48602626419067363
4.676,4.935477899999992,4.5359616,0.25947789999999227,0.14003837203979508
2.633,2.267209999999999,2.4028552,0.36579000000000095,0.23014484214782716
2.668,1.9936499999999995,1.927941,0.6743500000000007,0.7400590353012086
5.00001,4.7582186999999925,5.058281,0.24179130000000715,0.05827094482421913
0.723,0.7140899999999998,0.76106036,0.008910000000000196,0.03806035709381106
1.515,1.6508300000000005,1.8375903,0.13583000000000056,0.3225903367996217
