y_true,y_pred
365000.0,461209.94695867127
865000.0,752443.5100695018
1038000.0,1238489.8020578409
1490000.0,1662423.8233202603
711000.0,734889.5957702996
211000.0,282558.154754692
790000.0,831928.4217891648
680000.0,500369.98087269714
384500.0,384363.8588558656
605000.0,479418.3184745539
638000.0,615733.8614868959
385000.0,559978.879900424
175000.0,305036.1598514528
365000.0,345572.0830745542
160000.0,288621.3651535871
1070000.0,1187917.8359241586
800000.0,340712.5087310854
795127.0,1116276.1165642976
355000.0,375966.68048445357
474000.0,582651.7684630947
485000.0,407605.00221877213
930000.0,1338086.4917165556
920000.0,727610.1832071973
560000.0,878911.9625547333
654000.0,443955.4267615642
549000.0,541045.747748362
290000.0,101110.03410634835
275000.0,113530.59736309561
329990.0,342691.34702680336
750000.0,575845.9329927631
425000.0,343058.33261013776
515000.0,608541.3722041294
605000.0,572581.4361560064
250000.0,486210.8887075706
330000.0,512855.1726247537
984000.0,793267.6780017609
827500.0,916483.0143813232
485000.0,526791.1648720695
306000.0,427513.1869644428
1890000.0,1174238.0432612482
514000.0,610464.8325762781
282613.0,295312.06711022544
309000.0,372076.4139495201
400000.0,211519.50271273812
310000.0,40293.77640663722
253200.0,121426.80836792995
334009.0,427047.4717998857
500000.0,297572.9192823566
441500.0,467004.1324949897
685000.0,943377.5465486262
327000.0,286830.6891086396
450000.0,298403.27080681035
356000.0,608925.2348054952
525000.0,325014.36854094523
675000.0,362501.62899178674
875000.0,1265192.0475213616
345000.0,333267.6745038455
695000.0,787546.9396853964
350000.0,563837.1564828055
695000.0,709202.060274245
400000.0,480765.12715688435
330000.0,311135.2018999873
265000.0,110645.46821838204
630000.0,665723.4336026749
312000.0,509533.19522080163
156000.0,103662.76330787764
300000.0,398131.9099601105
1225000.0,1479384.014146261
465000.0,459284.9148288053
923990.0,922136.3321375318
320000.0,444905.07767878653
375000.0,450374.6535630422
985000.0,729684.9401800368
850000.0,673517.9505482215
474900.0,653384.1541927168
997000.0,1055588.0570744171
1302000.0,1023298.4836309779
209900.0,2849.425051887869
602000.0,447571.8599204094
1228000.0,1633726.0082671694
856000.0,598448.3730445808
392000.0,518475.84627429664
500000.0,699668.4482273331
230000.0,223995.9580314202
1145000.0,890835.8510754304
560000.0,684863.8291685
355000.0,639081.7478423335
785000.0,698217.3912599221
447500.0,277787.8781264166
540000.0,540663.9867713635
252000.0,262450.39205259114
455000.0,364454.16532044194
619850.0,640121.2221108665
1250000.0,851545.150209473
495000.0,406205.3687231465
540000.0,474360.0216487328
286651.0,273370.8637751625
261000.0,282954.0260511362
830000.0,817636.7548175371
450000.0,599817.695981951
260000.0,52292.79986817273
1450000.0,942029.6915401227
480000.0,848843.7207402214
270000.0,410908.5881063654
1160000.0,1171849.0110752773
250000.0,296973.01892375073
650000.0,462466.41819469933
589950.0,653795.7069747271
743700.0,851764.8679426741
1925000.0,1666593.71375329
316000.0,320937.42239099764
235867.0,159621.92940074502
716000.0,590025.04118114
683000.0,770441.756972345
345000.0,530095.4556588996
270000.0,353096.464271539
239000.0,152578.4004861546
385195.0,14646.889701356762
273000.0,341725.8709177658
476900.0,364481.47233183146
551000.0,490160.33762520866
448000.0,333939.2367739222
411100.0,351254.0707600375
223000.0,118927.48962888552
335500.0,508932.93555560784
730000.0,979784.9906642151
197200.0,153727.0898426363
725000.0,718637.9081954245
342500.0,235530.7113289928
340000.0,462377.61737393495
418000.0,564160.4027381344
410000.0,455844.38605643786
240000.0,368898.89178489754
800000.0,747482.5746913177
275000.0,254019.7314678395
617950.0,661550.1095624211
396000.0,524410.6336957349
309000.0,230796.26452526916
1275000.0,1127126.948798561
572500.0,701905.1450505252
518500.0,595902.4624557073
710000.0,881233.1548027197
600000.0,865199.0935994464
467000.0,586067.5780636751
309000.0,149212.63877989852
362500.0,336073.19466789695
390000.0,529211.6075640845
208417.0,90998.58728523977
340000.0,426894.6031288962
467500.0,598646.6907386824
829000.0,810112.7265939073
959750.0,962656.5625559316
542000.0,639750.2622149201
2250000.0,1021388.3041805928
575000.0,953890.1302085515
690000.0,831718.0169219377
699950.0,663540.8069273644
408500.0,537213.3515930743
595000.0,796779.8701984598
313000.0,513046.2752000782
781000.0,771842.7730590355
371000.0,454292.98628029635
268000.0,232366.81490639463
331000.0,233231.78436499834
321000.0,333595.5250009152
375000.0,428561.91995471856
298000.0,160869.4114638312
209500.0,207779.3059644358
440000.0,538454.2170251785
350000.0,434006.76891718444
618000.0,673636.746274559
320000.0,488916.74079796264
234950.0,374343.67003583163
665000.0,694542.9640668172
500000.0,456698.4558842571
575000.0,376504.24186509836
320000.0,167123.12152982719
464000.0,847158.1831539344
280000.0,166461.18838732695
350000.0,190286.54313335975
249000.0,372289.5378575686
531000.0,474591.3468035932
472800.0,563333.5477422758
710000.0,615091.622507007
580000.0,845170.6288251784
330000.0,529175.5707880978
174950.0,53360.83055670909
565000.0,635723.5519098946
534000.0,397704.1489479741
503500.0,375096.7627584572
235000.0,198369.50905735506
558000.0,722668.8575781726
966000.0,1027367.7766687055
1297000.0,990595.5825496992
310000.0,152988.71854941855
535000.0,547025.6240983232
432000.0,452587.5600434084
1750000.0,1509478.2717861487
675000.0,603231.06143832
337000.0,450333.5508596189
410000.0,326936.7662014239
320000.0,348962.68547207117
585000.0,602660.6989693987
835000.0,1124015.8172111968
863000.0,1067032.033492308
320000.0,248463.4848390367
613000.0,568000.8923435789
180000.0,182102.84644130262
560000.0,637411.1924886677
530000.0,958048.7260227952
347000.0,294458.177484191
260000.0,367887.2601399872
585000.0,647581.6100785623
440000.0,354509.16131056746
305000.0,314656.03570911323
650500.0,688418.3043677801
590000.0,624145.6566140775
245000.0,154543.54338178365
329999.0,457777.9876438481
470000.0,448437.38282183924
2885000.0,1487339.0601089462
580000.0,526844.3030396197
745000.0,482599.83338802337
350000.0,366474.17600270035
515000.0,553078.5584945399
756100.0,662921.9751687128
472500.0,352788.5888862384
900000.0,802819.3511861473
895000.0,862159.6400386571
255000.0,513081.28622448136
380000.0,319906.4483388819
265000.0,418936.03729966073
728000.0,676396.2855857573
194000.0,86887.16875136521
300000.0,436938.0849460027
216650.0,315578.700782579
223990.0,126023.16515752464
220000.0,237097.6415923767
3600000.0,2216226.9345501764
310000.0,345657.6558788079
360000.0,308173.6135688399
635000.0,429388.9757403036
599950.0,622646.8896662412
220000.0,410183.6775675017
372000.0,398029.5759474079
332900.0,383619.2511485367
380000.0,541196.3724875016
471000.0,502700.07104897074
1185000.0,753264.6295341747
684000.0,747975.5691454528
750000.0,660923.1583510916
612125.0,496723.62009042205
455500.0,600406.5199047957
330000.0,420557.9344378084
654000.0,489463.18649272353
323000.0,419868.3839494393
315000.0,389386.7392358263
392000.0,359905.739923401
782000.0,932874.4293134554
298500.0,187662.05998127133
3650000.0,2426735.1494193324
374000.0,508702.6218484243
850000.0,795084.6387812338
785000.0,1041887.7049166242
615000.0,620559.9513878577
599832.0,707740.6109139797
1075000.0,989141.9464208577
226000.0,288716.53327900765
421500.0,617879.1375830517
406550.0,482582.25287421606
360000.0,480109.76154813473
520000.0,299142.07672134147
329950.0,362307.2642253028
550000.0,549917.2862588444
425000.0,569640.7286695256
1610000.0,1583512.8854290377
185000.0,238905.85903038108
345000.0,342259.5227706218
585000.0,460500.32502688974
325000.0,332696.3327256398
220000.0,286451.3293629715
716100.0,632745.2304247583
313999.0,177070.95643528947
450000.0,405128.3382710181
380000.0,607992.6950865914
572000.0,471462.78238457395
343888.0,297168.0039846834
474950.0,482857.08040830976
410000.0,485889.10522403615
295000.0,248564.3771845603
635000.0,616143.5448387568
275000.0,618378.0322577409
185000.0,132734.59341276536
239000.0,277494.26783159154
840000.0,750600.9695187327
644000.0,917810.8505986363
515000.0,478672.58848732023
276200.0,301154.40287327755
400000.0,556778.5635930385
769900.0,634993.3432631658
585000.0,498953.79785063775
570000.0,571402.3796456585
490000.0,331497.56399240677
587100.0,640389.7334958672
329900.0,325818.5904946844
725000.0,831101.3895494966
445000.0,450015.5835896953
380000.0,541608.8659271952
255000.0,178674.2815713018
355000.0,397709.81446558295
285000.0,264578.9985189309
1050000.0,302082.4700578082
749400.0,1019049.1423612075
1490000.0,1228631.6833624998
950000.0,971944.2036226996
264500.0,266435.3783862438
1385000.0,1068727.927168515
199950.0,256096.4937104421
969950.0,881193.959384195
405000.0,463029.9378933498
322500.0,328776.89279766794
425000.0,484367.7010429445
275000.0,152858.68121162034
181000.0,155807.57094281254
475000.0,405756.24489236984
376950.0,447215.7554037593
476000.0,755104.1207565184
480000.0,225368.32390357723
229000.0,414664.26459938043
226950.0,103667.23114278598
669888.0,688223.0949061456
555750.0,240513.48668429168
280000.0,452460.76556200255
315000.0,228621.6530591377
499950.0,405084.6746667902
453000.0,403085.71586346265
700000.0,621726.0826630843
347500.0,443999.1946675371
600000.0,1369450.2633770434
286000.0,45155.34396311041
1212500.0,1494735.6965106262
580000.0,567332.833638789
630000.0,565347.8795853165
730000.0,675616.8770937251
1300000.0,831652.6502799415
850000.0,886307.8695442177
410000.0,348032.4909457382
325000.0,413327.8702593455
596500.0,513298.1367892764
1020000.0,901489.9423305398
180250.0,114933.61699193
528000.0,420906.07138643163
405500.0,369478.53372254886
1850000.0,788634.1900095695
230000.0,145475.60081247194
789000.0,1125401.691102077
527950.0,578151.8296565594
688000.0,1046291.7355409181
1057000.0,700152.4719324019
999999.0,642984.5463211689
355000.0,399040.85056791577
1197350.0,901896.2484354132
254600.0,226792.76884857222
630000.0,585396.3214821066
670000.0,770411.0388580272
319950.0,302925.5496322437
550000.0,728661.4419922048
250000.0,335969.25113085716
1135000.0,1454060.6028774441
324950.0,389355.23302300053
477000.0,486164.0259642211
531500.0,708177.8460328633
610000.0,915483.1399533012
443000.0,487232.99487441935
385000.0,565352.9300067414
320000.0,415400.08453513286
237000.0,217495.4540170945
865000.0,606002.098970513
239900.0,238366.08423692518
555000.0,332840.56017931044
435000.0,575108.1013975269
582000.0,638160.8676089892
450000.0,667416.5501052672
502000.0,478665.6247521394
430000.0,342002.2254693874
277000.0,295799.31204521726
467000.0,354321.3924187497
530000.0,519857.12915617775
490000.0,478037.226340877
499950.0,429605.17225724313
515000.0,550329.5850215479
280000.0,527425.9310546389
618000.0,540681.1520570759
405000.0,305566.18361325463
551000.0,800583.9135930748
241450.0,376139.2432405157
265000.0,248751.3966091845
1650000.0,1303379.1766147523
720000.0,745212.7767036624
450500.0,444988.3183306222
325000.0,376419.34908261464
475000.0,411565.1079708829
713000.0,783515.043920214
320000.0,247132.33255197114
365000.0,438161.92843874777
380000.0,360547.5773095697
569950.0,577664.0304778473
630000.0,522697.72113485343
349950.0,425020.6486204219
344000.0,392303.7268844921
473000.0,356386.6146528812
365000.0,437939.95959829143
510000.0,587425.4406782166
530000.0,527572.6963790754
107000.0,110231.86100875115
331000.0,498154.78858529724
629800.0,522818.0661745393
579000.0,466674.3226797166
970000.0,1087847.6145154913
460500.0,483989.83997610153
370000.0,522402.1919645661
567035.0,673820.3301170206
220000.0,126732.82992337126
795000.0,902167.2858608665
400000.0,352577.1393769904
470950.0,705604.2536261731
220000.0,440101.3175723858
691500.0,683619.9700835431
526000.0,673184.8586500678
300000.0,210611.9376867193
605000.0,817011.6271206045
700000.0,574430.5070515977
1000000.0,693474.1831573258
377500.0,569860.1454722155
674000.0,513864.3340903485
599000.0,984299.3852952805
680000.0,710737.4968264576
580000.0,455054.40303816216
390000.0,346864.65007137915
262500.0,207400.52340407734
765000.0,815829.6196219434
296000.0,470468.9636343057
515000.0,494432.11359091965
267950.0,178278.6646449705
291700.0,453376.8863582857
338000.0,372157.8667202107
359950.0,511016.98966336803
3168750.0,1511594.2090516072
360000.0,518646.36023762205
675000.0,1044915.367636716
530000.0,542897.3210684102
219950.0,602.2400692912051
598500.0,493685.5031130839
470000.0,521029.8992703282
290000.0,481627.54548990633
861000.0,812571.6221844896
369000.0,376698.56558261585
925000.0,881371.0873484174
295000.0,361482.45004997816
385000.0,185032.925746186
390000.0,471465.33399746055
629000.0,655647.3636854505
1315000.0,990239.7255336224
462500.0,551422.1730731819
1530000.0,1128084.3142692905
535000.0,518679.8967990256
448000.0,563133.3811894117
525000.0,558390.8260849025
1061600.0,810306.9765030815
333000.0,302500.5690599184
639900.0,660384.5050563349
410000.0,328215.1655182612
397500.0,465632.6825507891
955000.0,1044802.8248969028
455000.0,397992.0208580068
409500.0,512106.81320978905
265000.0,369242.5148164007
438600.0,469118.92020276445
310000.0,438148.9927664083
300000.0,482973.5997937396
175000.0,189389.47017203807
205500.0,158259.25502177863
375000.0,474176.1971533171
355000.0,534041.9987685615
250000.0,434272.4756715894
455000.0,660718.2617458784
819000.0,539090.9155221585
199500.0,232342.9064266336
862000.0,706506.1726630726
400000.0,506715.10772646853
700000.0,918923.0817176434
672000.0,387511.70331113896
575000.0,469734.5388215466
615000.0,736987.1115981939
2150000.0,2080252.1470966386
397000.0,374832.9231171709
869000.0,1016911.6185511535
355000.0,273197.67529836163
575000.0,422348.36924618826
346000.0,435180.6476241698
530000.0,545862.4722089409
449500.0,539676.5429835373
435000.0,252193.94003401452
635000.0,747698.9071975674
332500.0,248230.31198443315
550000.0,710625.6482039336
720000.0,837877.2388828901
1085000.0,1076747.7628477002
418000.0,310805.70661809517
495000.0,492679.36550536734
1140000.0,1199294.775673458
734990.0,609067.6383471407
980000.0,840379.9371761748
737000.0,841737.2192469023
364950.0,394916.72584774584
890000.0,815893.3745742942
466000.0,697401.7119358433
225000.0,-78831.57429209747
420000.0,272153.481764411
215000.0,377897.0222864777
270000.0,360943.4246087866
778000.0,623752.8331985695
650000.0,428603.8789509209
325000.0,410501.937294091
550000.0,586576.792488974
291000.0,241915.48828463804
437000.0,528871.0716635241
255500.0,195149.3648635032
875000.0,983620.3529932371
450000.0,424592.67820592376
725000.0,460223.45291282976
386500.0,354357.230820579
985000.0,1273645.9445048766
419700.0,366729.2929466795
165000.0,122582.00417162344
408000.0,317524.9516516399
340000.0,412911.6958792471
962800.0,1012253.054203911
557000.0,499873.1545190399
775000.0,1023254.2955968922
520000.0,632846.9216494499
385000.0,487152.93745570397
1200000.0,849259.784768413
190000.0,158197.50632180367
1950000.0,1524608.1972273202
555000.0,624286.4700665079
250000.0,469386.69981635915
1824100.0,1046919.7423667944
530000.0,622259.5416096875
250000.0,119596.40944950085
518000.0,801709.3225748844
450000.0,301990.25816798786
562500.0,660772.1163928708
2160000.0,1267730.2434747661
282000.0,226905.93725036376
302282.0,476040.5937349663
267000.0,273324.0057038772
275000.0,266659.5407318198
248000.0,91977.79134134256
750000.0,898635.2681422543
445000.0,381895.75813590083
550000.0,207124.13661920128
545000.0,511155.3091245866
549000.0,452614.39022493677
185900.0,84064.09247588296
730000.0,589583.0092506505
225000.0,282736.0439653043
657500.0,589628.5197799017
265000.0,178565.17257399723
630000.0,872028.2930661933
490000.0,488912.4450160177
384900.0,571407.8742357034
799990.0,901624.3391080825
252500.0,272674.2691326235
380000.0,249649.94216212427
245000.0,370347.54949322325
378000.0,231869.13568732108
389000.0,371787.13321050635
343000.0,407473.5760010529
742000.0,538203.3082700814
400000.0,732811.8457189591
625000.0,775996.1118827697
630000.0,748711.0867183848
299500.0,355618.8429621514
229800.0,289411.89152647834
395000.0,457929.07559457823
225000.0,260012.532622892
310000.0,483702.70164557756
330000.0,378380.6580481654
280000.0,276507.40908975474
415000.0,352744.2789621516
752888.0,822734.5656174505
300000.0,419818.78533652116
200000.0,223437.40149571584
406500.0,628217.3258013033
468000.0,537586.1084274204
1050000.0,1081928.4338114457
960000.0,1272819.8429252044
865000.0,907820.9141764905
395000.0,504166.0041453468
470000.0,562238.1523464221
517000.0,359790.34347424423
1000000.0,689519.8910403026
110000.0,31748.607039453636
405000.0,409890.30461771763
249950.0,235736.46191605768
410000.0,348817.08531661273
385000.0,272209.66188175924
349000.0,286413.9973159322
540000.0,418753.4442635939
657000.0,734296.76679677
250000.0,60658.02111314412
350000.0,395355.93207783095
352450.0,552435.2531808615
375000.0,423050.78161425306
275000.0,326992.85370960383
322500.0,206515.9926284115
385100.0,289087.30679187144
395000.0,484913.90510929277
750000.0,727702.4634427424
1085000.0,905344.037278123
597000.0,612893.0445450598
2510000.0,2166264.0167148174
703300.0,738941.2574623538
1185000.0,1014943.7889376226
698000.0,725480.5681364308
340000.0,353494.1954412882
750000.0,661805.8367786519
1505000.0,1078941.564420232
615000.0,689026.7859588631
320000.0,359492.5194898065
290000.0,401442.27717215125
374950.0,686403.7432957892
1100000.0,649198.4321589073
550000.0,450252.678984634
390000.0,543325.9375178643
467000.0,629449.8452310319
552250.0,495418.9956560348
235000.0,330644.2526538754
750000.0,711423.54875964
627000.0,491787.1504963865
883000.0,961166.9472333564
785000.0,644419.9881825073
457000.0,623045.9140652376
367500.0,322977.80514156097
625000.0,717530.3145345767
402500.0,478766.7610852184
755000.0,851667.8839411049
380000.0,435754.9472754845
238000.0,225516.5885888327
848000.0,860892.8586157999
358000.0,448604.74254656804
440000.0,636576.4783494886
250000.0,283267.1593367927
2650000.0,1675945.784093697
495000.0,599984.8451225634
660000.0,634575.6000677594
755000.0,707899.1742519011
600000.0,654605.1727618838
461500.0,562159.0437392747
275000.0,203011.81059354998
195000.0,334194.84525613626
315000.0,309873.70323079976
1280000.0,1063881.857258102
353000.0,255399.11761843186
390000.0,594934.9787113104
657500.0,999330.1696008925
495000.0,484076.497104941
450000.0,457312.774178806
427000.0,319702.9141630534
1040000.0,1160942.2078779438
700000.0,399357.47930049174
894000.0,961559.5392285022
770000.0,906129.296688555
412500.0,426732.9077783073
899000.0,683247.1089151752
555000.0,699103.3430394143
400000.0,730607.5412280243
330000.0,469804.3300576348
700000.0,746324.61917838
500000.0,598697.8386870106
385000.0,388864.03197537817
840000.0,575090.6452430928
230500.0,95988.68576891866
563250.0,357304.56622850004
523950.0,429990.19250561827
227064.0,493561.80227461667
616500.0,592968.2849174452
670000.0,665525.3993905995
210000.0,334543.45125991467
335000.0,305036.1598514528
151100.0,170809.00066101155
374950.0,473910.1417513774
840000.0,882165.6748702154
640000.0,772525.1830316797
335000.0,183725.3174168691
210000.0,205128.1918428599
452250.0,666860.1529166541
162000.0,54978.04460805049
968000.0,780561.7788661389
252500.0,372010.0667309789
265800.0,301884.89383725455
300000.0,152902.58809394127
398950.0,543266.7848994725
865000.0,562869.2682903724
378000.0,473214.1150208856
1150000.0,1144491.7049864198
1272000.0,1134033.905573574
890000.0,1114914.6838697381
275000.0,208660.00643015478
542500.0,530498.555967509
411000.0,394343.230862455
337500.0,390053.1366727046
365000.0,217304.00332424813
416000.0,466771.0025841107
230000.0,127642.33514207276
290500.0,649932.7890759826
367899.0,412725.6408565278
700000.0,291906.30545868375
534000.0,445879.11058234435
317000.0,187702.04272248427
845000.0,539229.165017996
579000.0,628141.7527973612
525126.0,541971.0582362654
1001000.0,793959.0830754227
250000.0,233440.44283521659
565000.0,1024035.3081183459
700000.0,476123.7356578852
316000.0,353909.41608689836
557500.0,615833.8804707127
207500.0,196458.5240081565
465000.0,338040.6108355485
853800.0,893233.0833799263
1385000.0,1117143.2118259808
469000.0,301820.79933838046
220000.0,258643.6324440947
332000.0,288187.82696727675
720000.0,1128911.8623258974
795000.0,901689.5664159642
240000.0,361725.34214394615
280000.0,349253.1913120488
330000.0,390138.57172675245
375000.0,315929.0497239316
1690000.0,1102026.6058106367
152500.0,-2056.4574617769103
256000.0,276179.92787358665
182500.0,143393.49020750844
485500.0,410533.74221398565
362000.0,491016.25278493395
675000.0,923139.0593318299
1388000.0,718017.0116200595
462000.0,317787.0811636883
219000.0,389796.75176462275
725000.0,774425.3330687463
315000.0,334034.08518344315
695000.0,719192.2119448287
560000.0,802822.3555006629
560000.0,427339.4429832595
649000.0,769091.1459962502
620000.0,506761.7113304893
246500.0,193156.6040551458
548000.0,623432.8256217391
496600.0,580236.5461142365
315000.0,485748.7981900647
330000.0,374410.6114058262
1000000.0,959607.0600750651
650000.0,613151.0084061938
589000.0,717244.7656297749
1030000.0,724744.4019991588
802000.0,891528.7112180113
173000.0,246928.98553991067
130000.0,444771.32389973564
380000.0,467414.6631379917
293000.0,744257.7665182579
706000.0,681738.73934875
262000.0,211258.1100554738
281000.0,129601.7222221457
710000.0,567235.0105700461
170000.0,101384.66476348537
687500.0,595381.5280851413
502000.0,547759.0406462704
734000.0,537832.6342273726
481450.0,495187.4179147256
250000.0,328588.15284946555
300000.0,348272.4536764375
248000.0,20036.052853398025
186000.0,195036.86115959857
440000.0,597946.2996740637
172000.0,201614.32576052618
405000.0,501356.7924886877
599000.0,459767.39574378775
457500.0,303715.13853496686
275000.0,465631.61150029686
500000.0,396415.5957225872
472500.0,436235.428430763
494815.0,413745.9235600503
342000.0,403589.9944893972
1208000.0,1171893.690479237
492000.0,964505.1976598259
420000.0,357052.3868942243
554000.0,493941.60194201354
805000.0,894067.1410537314
485000.0,503849.98691010283
310000.0,152039.15295357513
456500.0,489134.4847675469
330000.0,350445.9681454297
211000.0,279173.8842883519
965000.0,776909.1034862928
374950.0,352825.26241779316
456000.0,653070.8741533193
599000.0,565344.984524271
500000.0,610031.2011431406
740000.0,689328.0465974002
430000.0,1051109.8993389327
799950.0,871862.9193501929
1225000.0,1023510.5243385867
249000.0,419955.98563521955
930000.0,1002068.1672639574
339950.0,594309.2989394752
612000.0,917369.0736973693
428000.0,448137.966234746
315000.0,423198.88582320797
550000.0,453622.70390541037
453246.0,415036.0490072752
325000.0,240033.0212268615
810000.0,903295.3086947713
745000.0,652854.9501434984
329000.0,291802.8697474138
258000.0,190489.82549672382
418500.0,280230.961017239
320000.0,517348.6354570956
550000.0,810605.793962735
600000.0,665067.7069841663
260000.0,427822.9574527941
511718.0,519833.39270874846
335000.0,443862.04812428204
207000.0,275787.9083923507
525000.0,638790.1536240263
194000.0,117387.51054473093
340000.0,588137.0722684166
604000.0,575199.60006116
375000.0,407733.4064918211
240000.0,189289.25203127216
474000.0,424939.85232093325
719000.0,506546.14631971886
525000.0,423779.5606204846
800000.0,786419.1051848908
499950.0,348827.0834365556
265000.0,363234.25364931277
407000.0,619286.5931332677
379000.0,391694.85072158696
799000.0,674075.8396319994
825000.0,1001093.9255400104
384000.0,675080.19937425
520000.0,615723.2565293972
286000.0,342770.4511658944
700000.0,883247.5021177602
639983.0,533687.1633575063
360000.0,454983.52495494706
1485000.0,1283703.55548274
459000.0,630455.4399394443
280000.0,359336.3632012028
859900.0,806194.0933309535
1320000.0,875542.1248087431
482000.0,529473.6896633002
525000.0,455645.4270236424
365000.0,499244.41173025424
215000.0,75364.10020373046
680000.0,711484.8414842454
628000.0,594427.7363743905
200000.0,399239.46992403624
400000.0,361242.6901806409
410000.0,252630.6683693541
300000.0,465465.2136136116
209950.0,46499.15031734365
305450.0,256052.00816379505
280000.0,163162.17961243988
340000.0,360860.38457944593
247000.0,248815.19465968286
345000.0,406267.64056720573
784000.0,940192.9169558639
575000.0,417177.95887660614
535000.0,357969.7705958893
585000.0,546419.3741396952
505000.0,426152.63226327
89000.0,26490.805593194556
378000.0,331949.01846420934
285000.0,369708.23504737974
850000.0,688763.1591381654
202000.0,130541.90932881145
422000.0,518852.76717482496
889000.0,1021820.1685813582
925000.0,757967.5007451666
592000.0,629545.0287300815
470000.0,714792.5295802751
299000.0,214129.2728820783
809000.0,997589.0257714333
735000.0,725415.2757460454
785000.0,893009.5258350784
370000.0,367350.6701039206
515000.0,785957.7302915687
999000.0,919657.5349624197
491500.0,642349.1746702881
207500.0,90680.15380174108
992000.0,960274.0471609188
139500.0,190009.2892180594
895000.0,811144.0329092743
360000.0,492753.90125103376
611900.0,842967.7484822765
536000.0,755090.8348629982
455000.0,687320.3791680327
543500.0,500589.98346583673
550000.0,670215.2014093081
796000.0,578661.8503219234
845000.0,1014857.0999824355
495000.0,496213.3907600882
665900.0,823450.9120148264
533000.0,440948.6402005843
400000.0,301554.7650355243
147200.0,136144.1384337201
276500.0,411537.6537133419
278000.0,539583.9884582121
379400.0,530501.2177811941
435000.0,442837.612122095
290000.0,240117.5433046852
280000.0,230376.70807124913
320000.0,227739.09903819486
595000.0,511283.2665577614
549000.0,717099.5226815556
395000.0,227395.8533373454
550000.0,503426.6722314267
540000.0,614769.5569345054
659000.0,685510.0977828074
777000.0,966695.1804549249
685000.0,620319.736735636
442500.0,561247.9178894958
1325000.0,839821.4470554077
490000.0,784289.7760812562
775000.0,1022574.1043525676
369950.0,291071.2746908264
1500000.0,1593954.958677852
300000.0,286382.35112539283
284200.0,274111.95865446166
532000.0,464636.26002943
236000.0,86000.90521997563
400375.0,311378.99485103367
850000.0,627799.7911572681
732000.0,716061.6364572633
825000.0,1190460.634932559
259950.0,252487.4611643353
234000.0,284241.40122981626
240000.0,426285.63936068985
2500000.0,1636952.848823443
464000.0,550852.5435924629
500000.0,408433.6618051246
1130000.0,801723.598949204
567500.0,724085.9471254392
682000.0,588827.955357754
950000.0,1092949.077504112
860000.0,1284371.189499271
495000.0,480906.7369516165
155000.0,109503.62131202663
445000.0,574118.8574087746
709000.0,757465.2251629536
645000.0,761015.8677041996
242500.0,281826.3757843297
315000.0,349922.63640337833
285000.0,483236.75283850724
525000.0,641406.4382904499
812000.0,755742.6808572486
525000.0,682270.0458780623
950000.0,810101.8556327668
225000.0,302996.9605254602
190000.0,142892.18578137388
380000.0,333751.69315548975
234000.0,13921.964425634244
394000.0,362912.5048715025
250000.0,229604.54369853897
259500.0,282967.81299714616
900000.0,1081405.6252443339
849950.0,872138.4980205743
299900.0,130525.35925835947
298000.0,407476.1144130869
462000.0,550512.109294962
179900.0,-34774.99202004878
525000.0,779982.497634796
269950.0,196751.3051806707
1248000.0,727994.4013718216
550000.0,636525.2145169477
409950.0,496488.484490062
304000.0,343628.98643894045
718000.0,657014.7036936695
275000.0,341119.77706373425
865000.0,985998.0063219538
490000.0,301689.0379997436
650000.0,627252.7062726741
405000.0,486406.26996103
369000.0,214084.75154098606
336000.0,347918.5818464139
213550.0,266625.1564936451
600000.0,579363.5347705922
352500.0,488557.0069418039
519950.0,375818.40118052776
253905.0,249948.35903495108
305000.0,280117.7617921092
172500.0,107725.0086034293
561750.0,536078.9404921338
275000.0,298484.8214411952
370950.0,373588.4961656038
1000000.0,1071179.8374050232
575000.0,531540.7063913972
358000.0,355825.3498641006
395000.0,291626.33798381966
420000.0,555940.0694567894
440000.0,443506.78082280746
1650000.0,969744.681571372
415000.0,459526.14871727454
669950.0,518716.22257930995
400000.0,489205.70697967097
299950.0,351417.14879884187
3640900.0,2221886.5532798236
399000.0,203569.8030579873
340000.0,374958.71594158676
317000.0,534474.1738677331
960000.0,1225185.0137900445
197000.0,151071.00419994234
1700000.0,978068.5953263219
458000.0,610993.6869782923
575000.0,436732.0849270134
780000.0,811042.3113213019
490000.0,767892.7464533446
639000.0,703789.3447111349
399950.0,202852.1673940468
212000.0,153694.26540440257
550000.0,525019.0424078776
415000.0,347736.80341391393
239300.0,197914.13900214527
815000.0,293184.8540266039
294500.0,299907.4992131022
287500.0,365079.2129109098
260000.0,351130.8517512593
400000.0,613789.0893866972
482000.0,566226.980709054
663500.0,423693.1101624455
553650.0,436991.53160316194
775000.0,849209.7199727801
445000.0,475910.1894110131
215000.0,108574.80418843671
334000.0,469125.15664568497
1003000.0,938782.9758493874
330000.0,402824.09569366544
625000.0,851331.6306156223
210000.0,-109518.05544284673
526000.0,365134.3094524736
2750000.0,1707099.588235225
680000.0,831729.0678727059
340000.0,323430.62645331916
367500.0,556693.0400642257
415000.0,499125.2016842623
495000.0,580655.0123634144
772000.0,552860.810263113
650000.0,624564.9043656458
246000.0,322876.07142737485
1900000.0,1874909.2282342329
625000.0,575858.4646298696
515000.0,510892.0631542632
367500.0,613678.123110939
240000.0,246305.21689876984
500000.0,650917.8736468882
443000.0,566682.7053141495
1150000.0,846752.9548086624
333000.0,475708.48368044785
1075000.0,751111.6044728853
245000.0,263013.6185285615
410000.0,425127.97816259455
265000.0,310022.77121764806
340000.0,411608.86547366
268000.0,175989.66406868096
713414.0,997176.8582728421
310000.0,341126.5498272205
760000.0,684626.5462429952
244000.0,271333.77518974285
391500.0,523155.1878453453
349950.0,543183.3422498713
295000.0,296702.55977245205
776500.0,573337.3184619532
603000.0,627413.4119156674
659500.0,624059.3623621351
500000.0,523953.29566999647
620000.0,1105887.720979012
335000.0,403260.62918560544
995000.0,1873003.3624167386
269000.0,372459.10386205604
174950.0,59943.684232909116
235000.0,309211.1690734093
601000.0,520031.2507320278
465000.0,613176.6089407426
1225000.0,814121.7706350251
356700.0,331008.34659325174
560000.0,628531.135933338
285000.0,300340.6854168857
460000.0,389951.96163029876
533112.0,482194.764707184
603500.0,1308485.4473227528
415000.0,704792.8852046519
267500.0,167498.72918569326
745000.0,768307.8439062968
279000.0,457749.1696886838
295000.0,222295.6911792049
436000.0,436884.8841854661
350000.0,395050.87603206385
450000.0,491562.6714856172
345000.0,230561.9776771391
697000.0,756428.4498071612
119900.0,70022.19635762
400000.0,345455.8866403942
1300000.0,1293477.573823351
860000.0,1141205.2665223933
274000.0,337372.17062000063
460000.0,497033.8512601486
1095000.0,788895.9759940847
528000.0,809639.4923168353
204950.0,190661.78959438542
549900.0,399281.3533763202
430000.0,395145.0814863228
183000.0,124872.76792465372
538000.0,642206.3012554456
415000.0,484428.7308418976
815000.0,422110.68812953215
375000.0,445456.831694238
723000.0,732227.6239479004
740000.0,811820.9543005213
450000.0,470012.44913393987
650000.0,737490.4516704329
750000.0,573849.8320148498
220000.0,338051.03028781025
1262000.0,754262.873347742
335000.0,329379.9285670797
239900.0,58745.7701762949
219950.0,78750.79889026965
349950.0,299313.0536389464
515000.0,721678.7091619598
225000.0,149605.22508809407
570000.0,601888.079769373
457000.0,448926.9971337593
278000.0,316054.66071783635
866059.0,770953.2961602688
476500.0,411387.94185027666
2351960.0,1394413.9876463204
1272000.0,934457.6432412132
675000.0,697155.6181649045
450000.0,869470.1401891159
500000.0,460977.0913317769
307000.0,239006.69893854758
285000.0,337764.6408682527
1375000.0,1339293.966336254
441000.0,307326.07756073994
395000.0,393048.9030893402
500000.0,664340.286555103
683500.0,514086.25787182275
274000.0,273989.12421735196
1081000.0,731570.7565545223
540000.0,404090.56518553937
339900.0,528838.2216700893
425000.0,207949.50882499717
438000.0,445935.2844214573
456000.0,350773.12774499075
449400.0,447770.158545769
210000.0,279470.9757351327
1320000.0,1023660.5134856561
577500.0,694737.2295105872
602000.0,479529.4443772285
265000.0,292945.94369252765
460000.0,462656.2042253561
635000.0,487744.9471366523
700000.0,575989.6205983614
413000.0,492251.9162866947
345000.0,472377.75255516556
690000.0,737061.8897969266
215000.0,121036.27756738989
389250.0,369651.9222688491
1088890.0,1133879.57381313
316500.0,293256.81123723264
530000.0,412495.38869820005
2950000.0,1282690.2091792312
392500.0,507950.91734199645
562000.0,690655.9090965698
3200000.0,2101149.802876232
530000.0,343208.5736589734
540000.0,577368.8230090078
491500.0,610506.3236224263
390000.0,470371.8161493288
1115000.0,1004886.8583220358
760000.0,722199.114325624
560000.0,441795.74354016245
563500.0,426042.4486832152
350000.0,378041.4275886415
310000.0,262513.62660004466
500000.0,617829.8310116844
287000.0,277013.9717107641
805000.0,1042400.597925066
462370.0,578209.6802218317
632500.0,656139.9732838339
1200000.0,1050318.6751316474
665000.0,860899.6776332865
322000.0,190311.7843333771
229000.0,205358.81947360496
610000.0,830159.145500854
715000.0,657484.5827038353
373000.0,484562.58161347656
1309500.0,1454571.518494743
222000.0,221625.93088421255
453500.0,389933.4321337334
535000.0,462590.25608867
585000.0,747375.9349570363
585000.0,705741.7125530887
506000.0,584270.0019223748
762500.0,1045497.4246060004
477000.0,218470.78737630404
690000.0,686483.3879042723
279900.0,174704.8869822864
350000.0,527801.4257969664
476500.0,362036.69761449913
225000.0,187797.80959821132
294950.0,372714.93560159113
280000.0,239031.13982904982
400000.0,445575.4005525815
290000.0,481891.28909715224
425000.0,399038.54848728766
159000.0,239792.1402337863
590000.0,471815.2728531667
655100.0,532431.60016251
1030000.0,1045856.4728462977
361000.0,531547.9075089018
324950.0,233695.84290898306
249000.0,147988.64515881025
657000.0,610301.0574413659
875000.0,816944.9679568632
255000.0,333754.9118430191
616000.0,498335.34254422825
627000.0,619663.7748416531
380000.0,447745.6705298978
275000.0,234965.96776416292
375000.0,384550.9350153074
750000.0,826405.2884235401
1300000.0,1185973.717803936
675000.0,687766.725877552
376000.0,348874.4233608251
506000.0,666268.062958455
380000.0,492627.44379124336
452000.0,707048.7339409513
896000.0,804494.6694764702
548500.0,501925.84686551883
385000.0,581946.222782666
431000.0,464719.3552144653
495000.0,593737.2760940889
358803.0,400081.11055251636
355000.0,421022.5211685287
429950.0,681302.1205440215
410000.0,506842.7933421621
579100.0,464167.6907161726
432100.0,587220.647384119
800000.0,764724.5132129629
465000.0,515152.4241674004
219000.0,209799.67416913382
389999.0,361583.2205778271
364950.0,572528.0881168575
243950.0,46696.643926264136
585000.0,598445.8064470803
82500.0,-76541.27439755725
370000.0,356206.55655883136
347000.0,528158.0024854254
510000.0,725322.2159797857
415000.0,666460.359847499
405000.0,357422.52874910086
1050000.0,726128.9972680634
435000.0,416861.19712169515
713500.0,743772.6965995661
812000.0,814299.3852063355
480000.0,670397.2857510075
682500.0,776618.9282174417
379950.0,556467.0757153207
895000.0,1006361.5454869971
2205000.0,1049318.3134962078
285000.0,85258.47154156119
340000.0,254629.5056287229
450000.0,428696.1774375671
257950.0,115868.98369732837
845000.0,604855.0686655375
849000.0,752818.6511508799
1100000.0,794981.8491288536
150000.0,209447.64106440352
613200.0,687067.0455791521
682000.0,868641.158366584
228950.0,200060.1108813436
536000.0,452082.8052293423
332000.0,349403.00747051137
565000.0,640147.3415765689
253400.0,300379.75202886097
380000.0,369296.1186891645
295000.0,295760.12251365266
585000.0,668869.8596602572
359999.0,687856.9313736553
256400.0,262390.8157941893
515000.0,741465.7433544347
675000.0,696727.5794935385
605000.0,622932.9651095995
474950.0,349269.7788966689
234950.0,236752.83716292743
639900.0,872080.3115915286
230000.0,161450.81661982008
190000.0,124252.00760135642
635000.0,566526.9247295206
551500.0,679470.8020248857
237000.0,219601.53914459614
262500.0,552082.7782351659
235000.0,194361.44663963147
719000.0,697743.2070016066
285000.0,170878.64095023798
270500.0,350177.84475660836
394999.0,494617.7416043163
345000.0,571678.1854875628
280000.0,347794.7007846023
185000.0,177487.91660773265
313500.0,328049.93641150196
690000.0,857013.732706302
190000.0,238297.2443021767
900000.0,2057598.6707080812
2300000.0,1069912.6449205682
462000.0,695397.4766171817
665000.0,669890.8342987387
499950.0,374176.5473416381
504058.0,503569.6387232703
571000.0,494439.43955273245
630000.0,534117.9724241887
277000.0,361054.232535266
650000.0,708290.6768807975
417500.0,384590.4567884923
221000.0,214912.085877373
1161000.0,994085.6016920118
425000.0,432862.45718306524
265000.0,254461.79369681567
254000.0,181539.12049493968
436472.0,550837.5325957572
500000.0,429879.35511082085
559950.0,572487.7717183101
715000.0,801523.7939500676
800000.0,613525.961804956
465425.0,659749.6952908034
1339000.0,1056670.1410594813
410000.0,396093.3765633319
195000.0,416528.46582279156
333760.0,346435.89865155413
565000.0,582179.1038875886
435000.0,456161.38523346005
333000.0,266830.41244929784
765000.0,444735.8041454574
1700000.0,1273544.528183603
570000.0,1017076.7321323856
1230000.0,812766.5316262796
264900.0,322524.7362976279
140000.0,315945.85831594793
290000.0,281460.4092135063
299000.0,329725.37656062085
266490.0,244320.4060310453
870000.0,1043959.6465060317
429900.0,488626.53004937276
370000.0,447953.06580491806
299900.0,313534.51001239766
313100.0,473058.6994699632
542000.0,653872.9970987644
350000.0,430228.0627187132
515000.0,483819.56622004777
820000.0,751940.2395795425
520000.0,502453.67389139946
500000.0,591661.9906016681
235000.0,311011.5437115937
329000.0,443882.0469175844
274975.0,929337.4485159997
124000.0,129355.31064494798
342000.0,403073.33805684303
202000.0,129343.2232267335
375000.0,480130.61478799843
310000.0,462424.5057346643
390000.0,468639.6672306977
790000.0,583346.7904365708
336000.0,645046.1950141522
728000.0,783948.3470704784
599000.0,585083.6539439552
335000.0,417081.73089484917
211000.0,247574.08894054923
405000.0,479045.90753537795
665000.0,800658.8821258789
515000.0,654468.2117288903
385000.0,465383.4553853927
659500.0,754193.3441115778
905000.0,801520.1347634973
285000.0,560368.5214224766
375000.0,525524.0281511833
856000.0,946100.1325322646
231500.0,301132.2789534135
1565000.0,783419.05802409
855000.0,743661.3898183944
385000.0,344815.14320726425
1215000.0,1142365.4100311901
309000.0,356182.3420367934
269950.0,378319.23686785914
554000.0,323301.4458824119
312000.0,322226.29927448777
344950.0,471143.6275875445
202200.0,282460.66857752844
320000.0,347643.53395300335
348000.0,330221.599178323
500000.0,445364.9674907515
370000.0,615723.2565293972
460000.0,527053.1861446525
510000.0,197241.43382275157
765000.0,565944.5074436847
860000.0,787097.9703530481
390000.0,507705.9798291024
397500.0,393406.8695583282
535000.0,439238.2157178452
580000.0,923836.2205409448
705380.0,650586.6890351478
289000.0,113659.51298129401
207000.0,130591.84292691591
399000.0,380415.3768723535
206000.0,-10407.920541564934
975000.0,784189.1599052558
495000.0,583917.7777390485
690000.0,675081.7997372333
199950.0,89432.69264327333
289950.0,215741.13254193577
920000.0,791368.6679557536
383900.0,479584.28016250674
449950.0,414089.93088559195
511000.0,720862.2911159215
255000.0,167914.8254353187
100000.0,-10295.95482753613
500000.0,356567.9173141307
320000.0,397907.81458740926
480000.0,572002.8603767252
180000.0,192138.4323150054
385000.0,405924.87268696574
401000.0,383797.03427885624
315000.0,133310.78828834003
230000.0,145246.32849620085
385000.0,530295.8950147821
640000.0,493341.9381412881
680000.0,539741.1874644917
307000.0,407606.67747852526
308000.0,322768.7975924796
653500.0,473341.3143840047
175000.0,40333.136414012
445000.0,231727.3692541471
195000.0,235663.57431633316
510000.0,520018.1991489163
861111.0,961433.8798949398
1102030.0,1332398.2484583296
259000.0,150341.00796760374
870000.0,793410.4453387671
605000.0,342502.45011498366
479950.0,605246.5277751592
257000.0,230277.72959435068
792000.0,659251.5124950863
253000.0,223935.77608524385
285000.0,118700.15393945324
770000.0,887352.653744046
2500000.0,1408995.0919643317
585000.0,505485.44718483655
329000.0,121884.74163465813
352800.0,414972.15262901824
324950.0,412997.16251304385
215000.0,222750.64705603098
528000.0,449815.5993749253
334000.0,380362.6231226001
455000.0,383030.17496366455
230000.0,374298.6307156949
310000.0,318547.23539081187
275000.0,342505.604284115
410000.0,401783.9290165388
650000.0,528319.6873878313
544950.0,484264.7776560232
350000.0,444172.4153149571
738000.0,763360.3223456759
810000.0,1041691.8617376527
299000.0,406439.8200333584
520000.0,1140120.7848743722
1750000.0,1014647.078658457
335000.0,390570.24291983387
741500.0,580281.5084297144
766500.0,737744.5248609978
507000.0,254188.76604995673
500000.0,715640.2590465926
555000.0,598103.7228997382
361500.0,396996.2345548094
299950.0,285901.44450246147
201000.0,258658.0240044378
279000.0,372055.1825189073
513000.0,562404.4558890471
316000.0,346275.8375080155
669000.0,576563.569587699
825000.0,821411.2536968377
885000.0,852614.8486558328
1600000.0,1243862.4412784574
749950.0,630685.0042565012
452500.0,366021.6995356336
422000.0,460300.81571641285
180000.0,30458.886353173293
390000.0,337310.8736849668
256000.0,209084.79389795556
325000.0,419813.6600726046
754800.0,712139.8754860592
244000.0,337318.21581635805
725000.0,637489.4410143688
520500.0,580150.9183060786
455000.0,451757.65297456516
178000.0,297967.92173595715
290000.0,364487.7768315055
688000.0,808492.4653563688
855000.0,720479.5276152303
732000.0,967273.1982906649
624900.0,685843.0352648789
775000.0,748296.4021392767
724950.0,743725.1761696246
183000.0,18802.422306092747
815000.0,956020.966659181
780000.0,950838.9316982685
330000.0,369101.3186361253
246500.0,257252.50514009607
372000.0,412672.3463753443
500000.0,348998.4720810468
587000.0,806250.2137599678
469950.0,503808.2169595624
1100000.0,748692.0224826225
825000.0,674797.9806635834
650000.0,768267.215652067
297300.0,309072.5107572677
810000.0,855390.6368133565
245000.0,240333.0431932233
385000.0,428064.7596879726
212000.0,375258.7714009068
327000.0,410789.92021155497
276693.0,389828.5696024591
1175000.0,913070.0730480568
157500.0,140482.32469801197
210000.0,166275.2804114782
550000.0,563815.6537502509
513000.0,515762.1166180234
475000.0,273231.8178249749
394950.0,413186.56801599124
1799000.0,1349209.8099857667
1250000.0,969361.6306389564
550000.0,280357.6048833919
255000.0,128320.58223203942
215000.0,185042.07448416908
889950.0,841955.8286887289
430000.0,378631.85532065085
208000.0,241767.31838523783
349950.0,465867.5638320955
352750.0,196456.0233670859
672800.0,703100.7592483542
320000.0,425151.08374145586
2475000.0,1452272.593631187
400000.0,343804.3216042704
805000.0,994335.5901880229
730000.0,660423.6502752033
263300.0,246689.27880993288
865000.0,663643.9111131083
325000.0,288267.8439605364
515000.0,529677.530287424
375000.0,323236.0685859378
775000.0,730802.6553103293
435000.0,336885.5182912794
525000.0,579557.3805320458
525000.0,545823.576350104
523000.0,864908.5080845451
431000.0,596192.6383176986
699950.0,661613.4583092508
893880.0,656506.2907203932
545000.0,372460.3368287048
350000.0,185911.9970167862
320000.0,444133.0839957629
424950.0,457784.9941440827
233000.0,382047.4407194371
380000.0,537922.3435205484
640000.0,1026790.5867554251
1438890.0,924710.1690250759
250000.0,155370.59023059026
957000.0,719034.0864732848
240000.0,81997.11783008091
545000.0,241502.71310321818
124000.0,2671.37736704282
570000.0,328266.3559005136
1072000.0,1103102.6180859797
220000.0,129330.53003339196
760000.0,706783.1788254511
769995.0,703464.3562075346
360000.0,521446.9448490392
1650000.0,1108089.661931471
650000.0,937802.4241658908
364000.0,326067.33581332816
740000.0,1008950.5449324374
465750.0,387503.23917938676
538500.0,566150.0017876164
474000.0,566158.1145742222
809950.0,794463.748089398
160000.0,60001.00742890604
670000.0,592798.9439245345
334990.0,420292.3185705986
278500.0,181506.00430159242
1385000.0,1047919.6568757077
330000.0,330040.9705932913
429900.0,673091.7095348521
233000.0,177598.94178830663
455000.0,530285.0352217982
258950.0,311003.94879052014
555000.0,571161.8435085301
450000.0,582340.4891544393
622500.0,675473.4794694746
340000.0,449093.9518856846
708000.0,738329.9526647365
230000.0,344655.48171762575
1008000.0,761858.4510216577
600000.0,242744.01374880382
100000.0,113165.93690245255
1775000.0,1228824.4348606237
875000.0,1054416.7261649054
412000.0,382572.74066314753
300000.0,249978.1931259043
595000.0,647123.8124831389
540000.0,420124.70296563976
265000.0,211420.99304034153
505000.0,650332.2889881751
379950.0,278217.6570528374
390000.0,269808.3737180882
589500.0,861547.597889737
325500.0,407296.3578194879
700000.0,694208.1438093174
1200000.0,1345257.4173348434
288000.0,170990.6514340103
359900.0,428400.0479200276
664000.0,736317.3749093515
342500.0,319966.468570692
775000.0,859048.5732635584
490000.0,433131.77335649356
327200.0,338152.0493058971
425000.0,456811.20720142935
129000.0,183263.35445667425
285000.0,237783.01527064014
269900.0,319683.4624735903
350000.0,379265.99683615565
128750.0,-64339.428531282116
229000.0,414806.4469040418
795000.0,987197.0157289729
740000.0,836499.6994469864
359000.0,538242.5599004977
323000.0,340594.64365446364
280000.0,312092.2195851364
850000.0,759524.4209123165
499950.0,672895.7260178118
685000.0,703412.3710883546
334950.0,373389.4638003685
370000.0,557947.3842757617
570000.0,581783.0929882411
619000.0,794163.665043846
780000.0,855575.5892922627
555000.0,869805.4561819527
436000.0,513273.58255891403
810000.0,1143773.6573867803
395000.0,487842.67210137495
540000.0,619693.5621017213
250000.0,303617.7789116935
487028.0,448026.9369703646
272000.0,367219.57461839373
612995.0,605323.3440480714
500000.0,431842.8576737252
270000.0,389437.5288828889
530000.0,663513.990737266
399500.0,601716.702855683
790000.0,917809.2479348975
529500.0,252798.395138101
280000.0,335363.49400552036
379000.0,464662.82394947956
669000.0,551432.2078549558
552500.0,431146.8083559398
1280000.0,791994.4977197862
467000.0,454629.0257917722
385000.0,384649.32580022945
549950.0,649252.6035337849
550000.0,502672.69761615165
555000.0,641154.1542803206
535000.0,658458.3511819881
759000.0,618713.08093518
657500.0,677983.379425667
810000.0,824931.161395319
550000.0,473793.2507405924
774900.0,490897.2324654258
1300000.0,986395.1179563869
263000.0,389733.6044204556
137124.0,66910.91004337597
1700000.0,1505098.654886863
465000.0,490457.6538327614
315000.0,489247.9678908759
267500.0,304109.92628815933
600000.0,601530.6135525962
142500.0,100749.00700718106
950000.0,513196.4453748024
930000.0,803266.0838093638
1650000.0,1367738.776386729
900000.0,587762.1675092583
282500.0,133623.1102076528
315000.0,294812.3909467717
390000.0,492764.88983369636
362000.0,343477.2767308017
879000.0,1036040.3684377917
840000.0,1108123.3986458522
1145000.0,752520.709324609
319900.0,348809.7591312219
525000.0,446341.4184730774
340000.0,363381.75890031166
380000.0,560931.0684221187
210000.0,371743.4933355791
468000.0,648020.2580817873
520000.0,687318.3087717748
325000.0,203863.39049387054
410000.0,379706.6342419682
301500.0,143911.99636564607
291970.0,60918.24198843987
885000.0,709526.5475133845
389000.0,350043.58712942374
490000.0,489448.07686378947
1150000.0,755314.9046039978
620000.0,827300.9759769579
340000.0,477686.72254657187
1384000.0,1351009.2863617241
409900.0,660863.9906550127
849900.0,628324.1237845891
247500.0,216115.5528121068
790000.0,686398.2332559678
950000.0,837249.9126628151
455000.0,736559.6967746734
221000.0,224383.6257666797
625000.0,761929.6115039687
752000.0,941074.1353487527
419950.0,496262.2180992098
739375.0,755831.2053154225
378950.0,409894.73678616533
713900.0,810216.4095255424
307450.0,513807.7693941761
600000.0,318941.1963508405
628000.0,637826.0868701029
535000.0,342836.3313911301
550000.0,414777.72638556326
950000.0,1193422.0364398453
599900.0,673753.384011442
790000.0,797255.3570689072
1300000.0,1111294.4422891936
300000.0,387020.8723270643
329500.0,395361.4615192185
307700.0,265218.18451429636
345000.0,173923.03819681192
340000.0,545757.4061090933
666500.0,717914.3688970511
419000.0,519855.4668141916
500000.0,442772.07134434837
489950.0,363618.8535693254
452500.0,371168.22852078837
358000.0,538996.4102417367
290750.0,209658.4744160967
862500.0,988588.21425809
542000.0,540856.7757937401
265000.0,133365.67899315717
287200.0,261655.74788309727
685000.0,847194.9752111407
689888.0,716191.5920687674
955000.0,1392397.109313071
193000.0,-60279.16249258828
325000.0,557894.3722310076
196700.0,215425.06618858152
218000.0,175885.73142089782
735000.0,472159.2674033533
275900.0,241824.80797140882
1010000.0,856607.8178394571
1045000.0,862153.7481300447
718000.0,760430.6685845277
845000.0,884596.9641277243
385000.0,228327.79664933955
660000.0,546953.8841037665
249950.0,337171.42839751637
790000.0,565326.7157458902
340000.0,396674.1608697699
1050000.0,1118959.9026155039
367500.0,277582.2833858703
500000.0,684644.7528980791
349900.0,375617.58795515273
311000.0,241312.70879735576
346500.0,416584.8685214632
254999.0,232181.04081311123
264500.0,208945.27159894613
334850.0,303187.02014056634
312000.0,278363.77152854495
242000.0,228584.50155286345
268000.0,168360.22831786255
470000.0,731695.3015121331
285000.0,340793.2470598484
260000.0,424478.34446498624
1075000.0,1002153.2934209472
374000.0,436739.64805291285
610000.0,573381.326867888
768000.0,746811.2873446906
1049990.0,1015117.8292829532
380000.0,319461.3386249675
999000.0,809909.7860153588
569900.0,493948.6523576496
525888.0,475313.7470964989
1612500.0,2124634.730655569
935000.0,951800.8985756077
130000.0,396573.1399194617
825000.0,788889.4204606382
680000.0,527086.6559424137
270000.0,211361.52371608454
403504.0,303878.91935936455
550000.0,551970.9270074632
780000.0,594043.2929184197
439000.0,643664.8020255946
549000.0,568994.151238488
325000.0,274838.8835827612
475000.0,414572.8141212384
430000.0,451498.0514591476
515000.0,496608.07443873904
358000.0,410044.36139654263
480000.0,799729.8888911873
500000.0,382288.97343041236
210000.0,351205.0099611012
482500.0,875775.4120298631
374000.0,322811.7113505716
268000.0,262873.24511101906
515000.0,506646.45352836227
985000.0,1076104.1487497408
355000.0,366569.44583120773
505000.0,502579.8583790273
385000.0,419876.05280982004
589000.0,543369.580776365
1675000.0,1200516.7699970845
615000.0,695521.2082678509
600000.0,772115.6717545826
361000.0,405599.4386189939
350000.0,387172.77552639646
850000.0,840139.4958975352
395000.0,416139.4003183134
285000.0,212432.10900951707
650000.0,729703.691510455
430000.0,337963.0712113294
695000.0,741211.3523139732
700000.0,503489.45294874586
775000.0,785918.5624227035
825000.0,800056.0861425238
1310000.0,1044627.5899189047
730000.0,601176.8094824721
290000.0,297576.50944341195
195000.0,169420.7335904789
269000.0,197739.3342452438
400000.0,789876.3668215403
1065000.0,979199.6647856095
425000.0,363224.5460165728
685000.0,531878.6002747068
460000.0,334074.0615207661
255000.0,135543.22310915968
449500.0,372858.20477457717
425000.0,512332.0043154066
251000.0,205441.52373884077
379000.0,605403.8463570848
605000.0,694926.4534690595
335000.0,344821.83482902544
399950.0,377028.87466725626
270000.0,212204.06552822748
325000.0,248035.79352352733
307000.0,334008.0799827402
560000.0,495111.2099511253
335000.0,343277.8867820179
712500.0,493183.11967802723
300000.0,345052.77180844895
260000.0,193508.30155363196
425000.0,286377.5292521899
729500.0,564789.8747244512
549950.0,784117.2939275577
240000.0,217979.85899496858
260000.0,213982.70346691995
290000.0,230251.3993890579
227000.0,181830.63364589214
400000.0,934506.4039032261
259250.0,256343.32639328943
465000.0,355570.0412748178
279950.0,354706.14420836244
615000.0,557734.1356781462
319000.0,288939.6549271195
405000.0,479460.7435043399
668000.0,588253.2047628446
402000.0,566332.9516356774
315000.0,359671.45472207235
881000.0,923657.177784286
725786.0,866493.9507335013
450000.0,486266.6780666917
280000.0,120654.68098023161
1550000.0,1592496.2903869632
643000.0,511305.7875919654
315000.0,271687.83645910275
410000.0,475027.57739177614
300000.0,320173.08575853327
820000.0,812632.102564194
315000.0,442674.42275700695
291600.0,275170.02140169166
587500.0,608127.9631234102
779950.0,805848.1695057112
675900.0,692657.1913049736
333500.0,470083.17799313593
650000.0,736384.5753016473
1100000.0,1102314.6350690234
267100.0,257561.03484522738
278000.0,268424.6439858982
579950.0,458796.89641052333
499000.0,493301.8662483179
730001.0,581431.85031032
620000.0,536674.9008829249
780000.0,697981.6664895689
378500.0,620195.3864846528
712000.0,797260.1353322573
2196000.0,1383028.0404644744
337000.0,407674.7342138482
279950.0,269539.81754133373
825000.0,642639.133141663
445434.0,496122.10883112083
219000.0,147995.61036248843
625000.0,576256.2185036013
319950.0,421145.59012032486
815000.0,890179.2861520257
634800.0,667746.2390936785
609000.0,426467.55719889177
975000.0,612903.5170479825
661000.0,438166.3188796065
790000.0,710979.2659919024
769000.0,974544.6456302253
265000.0,486967.7586405979
252000.0,234096.49185971823
475000.0,671699.9096249165
760000.0,578269.6076913096
250000.0,257278.9648066779
1600000.0,1379982.3740164982
290000.0,292993.47620806843
255000.0,179756.29126368422
450000.0,509209.4980731311
554000.0,744507.1698565222
345000.0,512960.51615948224
365000.0,328968.2563411278
425000.0,413213.8355213772
395000.0,600672.6852171647
315000.0,419082.1569478637
345000.0,211954.2856892415
320000.0,430010.29922289273
135000.0,-16025.87699944037
1030000.0,888883.2729981915
472000.0,703768.5455605849
835000.0,860301.4354113624
880000.0,867479.2202722735
295000.0,171102.16054794705
337000.0,307630.0247114548
278000.0,101847.60894961061
575000.0,678519.9006763932
540000.0,505424.6555299221
564950.0,666332.5673213702
1272500.0,838490.7084180601
417000.0,434836.04184278223
570000.0,539542.7604229604
675000.0,693875.8929504093
553000.0,442693.09578870045
500000.0,562776.6584173627
327500.0,302325.4285237278
460000.0,346953.8656615587
5350000.0,2272710.033321314
200000.0,178278.3215281737
212000.0,208422.60879602045
523000.0,507500.57048065204
650000.0,675033.7629521505
109500.0,120057.46205149568
413100.0,456195.1347114198
628990.0,685422.4395823181
840000.0,1094881.4552603327
645000.0,804753.5909306773
790000.0,799915.5055091681
430000.0,539062.2953662508
610000.0,573853.8532563495
3650000.0,1521913.7325537512
483000.0,637506.3769060771
190000.0,216963.84141398186
350000.0,452457.4465129101
495000.0,410245.0347009464
1400000.0,1371552.7796477529
427500.0,395703.5870015492
970000.0,754545.6458513155
392500.0,552862.6500114965
301950.0,244938.8920087273
494000.0,690346.9409410428
400000.0,424236.5945885783
492000.0,404810.482514626
1350000.0,1053051.3075843474
350000.0,279907.8519790104
310000.0,143106.6406723013
431500.0,421420.0143162982
260000.0,261706.88992908504
390000.0,209789.24288443557
577000.0,676797.2805610066
385000.0,473328.0359609575
290000.0,519439.29764239164
2300000.0,2063105.0671686283
402395.0,495878.5091358947
1600000.0,1870714.8602206148
550000.0,802494.1425259679
280000.0,472240.72263687884
273000.0,311076.73891585623
900000.0,902780.8827429321
578550.0,569259.7518853605
379500.0,344594.6106413319
620000.0,772348.9732150553
488500.0,536273.1461826517
609000.0,1036015.037527564
655000.0,682828.0609016289
540500.0,498021.6715345606
384205.0,347418.52076072106
485000.0,415638.6010159517
280000.0,203743.0149559793
270000.0,127735.76187493629
636100.0,465692.5154596857
425000.0,456339.1107055835
768000.0,1008929.3675547955
387500.0,304455.75477452227
413000.0,772219.9475754892
365000.0,578046.6512987626
292000.0,377394.44933514297
439000.0,603027.9140634334
500000.0,678966.0847884341
428900.0,572085.6988591251
130000.0,142475.08333682845
262500.0,174014.8956446583
182700.0,280117.7617921092
407000.0,475444.52059158
225000.0,210507.74985964602
345000.0,396201.2438583842
352000.0,521196.03159733134
455000.0,474153.3677532032
402000.0,558780.2026506121
1000000.0,1101068.960180547
585000.0,774123.3426183895
505000.0,470030.37484663585
976000.0,880990.7882846959
840000.0,1023562.9815386997
255500.0,147670.66111882153
720000.0,814696.1973017748
1880000.0,1048782.3484428427
610000.0,480265.1869248415
502000.0,580061.6338864567
435000.0,412759.02471305226
695000.0,729360.7642669322
119500.0,194766.70721889986
370000.0,484032.9596709177
290000.0,443309.59053024766
291000.0,252697.53479499568
485000.0,473255.0748388565
540000.0,395057.0567369867
300000.0,418991.5587502635
255000.0,109083.82235650253
349000.0,640433.8860010469
898000.0,1064710.6377644064
739900.0,785058.5780901595
570000.0,1052155.1265559392
902000.0,893942.9371424065
810000.0,1105011.1751350178
440000.0,531477.3828097905
247500.0,431758.27919743216
175000.0,467050.691762469
365000.0,545788.0144894745
259000.0,195694.56584603753
256500.0,168605.7582628497
760000.0,840099.810623863
370000.0,300169.2414483703
245000.0,258470.43606195884
274000.0,220623.8699629518
661000.0,577735.1909144949
335000.0,453363.6402943089
345000.0,260394.7167488166
450000.0,594664.8682450432
763000.0,683525.5073534518
341000.0,438793.4907311476
770000.0,839462.9947963625
1225000.0,1197039.8646385595
349900.0,377259.7711818151
270000.0,312009.59795291617
245000.0,206805.8692190409
1015000.0,760731.3246428908
218000.0,98421.23350523121
545000.0,450166.68518965057
840000.0,992937.5797323502
324500.0,232016.43218007236
568000.0,408771.1023359486
979700.0,1059255.536753871
439950.0,608779.2191807101
550000.0,466351.41904102796
515000.0,565663.3346592999
475000.0,577147.2156498127
453000.0,443872.91116035427
480000.0,866445.3071916858
645000.0,727535.5336426622
465950.0,398831.38758809253
305000.0,494193.04756606906
298500.0,417995.1650674259
760000.0,945631.1338383893
234000.0,245307.84551202034
895990.0,892104.0712726798
410000.0,425658.57154353574
485000.0,480052.1960201854
430000.0,285733.03053468256
455000.0,531109.2917786917
479200.0,514468.69914754987
675000.0,684976.6138066691
840000.0,946762.4891308446
336500.0,329109.9639980445
498000.0,596164.5845380168
710000.0,714027.1412437891
750000.0,832150.6646775012
225000.0,316629.28215488803
324950.0,277199.33250686235
492000.0,430739.9332608979
419000.0,554018.6726217618
742500.0,718992.0714242993
291000.0,298712.3037220463
437500.0,359456.93558441603
764000.0,724035.006768724
287000.0,338159.3055549094
432500.0,505908.3451625811
605000.0,639939.848585506
1200000.0,1238562.113639472
1735000.0,1158501.2694248897
2230000.0,1874154.242913119
243500.0,230869.66805549007
350000.0,422294.3315533468
380000.0,403696.50321755593
405000.0,427615.608383738
367950.0,620177.4710150913
383000.0,425679.37634482543
156000.0,40492.51410813269
368000.0,465238.5638411502
1150000.0,1180296.320565356
890000.0,704542.2090615022
560000.0,409670.76325824595
625000.0,745851.0462146942
655000.0,505636.8519971044
540000.0,563398.8622563204
196000.0,-8474.314707015641
965000.0,1043164.7843894537
390000.0,136231.7564088743
274000.0,386098.24348946114
210000.0,278160.3994209833
289950.0,338530.3647559871
465000.0,465750.60608178284
617000.0,421405.1088391336
720000.0,466323.4528186842
381000.0,425405.66275675327
465000.0,407038.22840427264
1125000.0,839638.6332708704
129000.0,86867.92342042556
925000.0,945802.601328904
263000.0,373605.83676986955
860000.0,751904.1678701335
280000.0,324443.7005469764
268000.0,172537.78922069177
697000.0,673111.8848155309
365000.0,568606.6464940521
565000.0,574601.7249286558
330000.0,248813.7518776079
290000.0,400712.9977080266
439000.0,402589.7811435852
594000.0,545319.5375044427
430000.0,465714.0624108735
405000.0,420085.3050516939
415000.0,318277.365667718
705000.0,602916.5946798851
400000.0,404144.7754166455
345000.0,268855.3250302364
600000.0,874395.1299639512
790000.0,902797.5683666775
1160000.0,1332237.6871853482
306000.0,446140.7788573103
374500.0,378738.7506247598
430000.0,471675.41741375864
676000.0,518128.0709536267
245000.0,212844.90966727323
605000.0,615665.2589336848
340000.0,820096.9416618664
899000.0,787744.21573773
225000.0,297120.96493779926
299000.0,294128.50906551396
1865000.0,1172199.895732035
592500.0,624277.1922239305
475000.0,455132.56483574014
450000.0,559026.4013061804
1710000.0,1250195.7164988539
215000.0,303854.4597570917
289950.0,226514.9959942478
733000.0,463702.3764505892
599950.0,356795.7601630527
834950.0,935473.8339310308
540000.0,290862.30524145055
645000.0,696665.0627737581
333000.0,474792.8840402595
465000.0,250880.9055731544
585000.0,586178.0787534582
506000.0,591260.6639202086
430000.0,582277.4350556149
223000.0,218825.6944764282
340000.0,326393.40555477084
740500.0,1312383.069071417
359000.0,464046.30478758377
1168000.0,833351.073564565
249000.0,201049.8537185134
320000.0,318892.3257904248
343500.0,447460.8963633874
475000.0,356996.98147398455
625000.0,653669.6619694992
314200.0,266867.9908939314
312000.0,475861.3771446943
570000.0,545492.7162027248
371000.0,328864.13658631383
5570000.0,2333732.4129374847
340000.0,445757.2308739967
150000.0,170874.1903429192
388000.0,394552.17680361745
300000.0,277236.22003860003
640000.0,538307.1536679632
825000.0,972699.3876721906
305950.0,387529.12583148805
509000.0,595877.6079766804
813000.0,629180.963114242
597400.0,500622.94315309555
606000.0,819227.3454209204
525000.0,563665.3596563536
435000.0,385906.8751192357
957500.0,836749.7214562558
233500.0,273768.13814122113
675000.0,647500.7825941438
670000.0,465615.4612858447
700000.0,751598.3047683479
250000.0,248453.20108352992
555000.0,897508.8273574742
280000.0,413843.13246086857
315000.0,350726.53074253874
589950.0,616599.6318001591
635000.0,688781.375304088
340000.0,270534.1498575495
495000.0,677967.2922340124
249950.0,219350.79851768108
1635000.0,1225819.3159137159
692000.0,821005.452762368
400000.0,317457.664299431
849000.0,863533.7507918023
540000.0,682938.6238629483
380000.0,390748.32274869457
2537000.0,1375116.8231655033
775000.0,839236.6362787888
595000.0,455812.76707646647
650000.0,582169.4626247984
509900.0,436347.7741758787
403000.0,398596.8500004916
477000.0,440055.34809575457
671500.0,491431.15574278
473000.0,857516.0542261493
354000.0,458674.5717690277
322000.0,451923.6306938712
459000.0,453287.027430472
1058800.0,961987.9610882483
585000.0,349276.30839994317
336000.0,437747.5945238908
590000.0,619342.0948399339
925000.0,830634.9091509328
480000.0,352390.29922568036
357000.0,644180.6972181764
370000.0,406851.54236120963
770000.0,459836.0295892839
255000.0,242615.88161539746
799900.0,1070668.7246874901
515805.0,484713.14938734507
600000.0,599957.0487952344
370000.0,297900.7966432258
750000.0,730043.2491287609
510000.0,619910.1414772086
299000.0,466238.1709253728
176000.0,179882.58507027855
790000.0,749278.2827986093
299500.0,384279.7280841115
345000.0,331613.7834403601
235000.0,349911.8348547311
585000.0,589172.5022423253
275000.0,348777.6451816439
688500.0,778965.681089889
449950.0,495945.23890396085
440000.0,434958.59181254596
1200000.0,835179.0475614951
472000.0,1014300.2528830001
196500.0,225611.76877037337
951000.0,967329.9048193127
1000000.0,1217938.0063822893
275250.0,198529.66125597444
330000.0,420383.7481838529
885000.0,688870.3952385022
470000.0,403728.1683444994
250000.0,308269.3982137146
500000.0,535464.6889735978
857000.0,990678.2797249288
639950.0,596673.8236881827
450000.0,384505.88405769516
663000.0,577770.600062779
450000.0,408673.29291693616
445500.0,558149.5213060571
842500.0,894792.4328429925
292050.0,382508.98861060815
1268890.0,1525319.459621775
425000.0,621099.8886137344
263500.0,270022.50167583366
930000.0,1058783.4427154055
258000.0,175412.9765857294
150000.0,-81733.20894640486
412000.0,517452.08778335917
338000.0,329680.0962097879
810000.0,761334.752386007
222900.0,151593.24809383985
436300.0,587234.9827961712
135000.0,138799.01200467913
275000.0,100554.80973403843
1150000.0,1195236.718924591
1320000.0,921369.5461567831
390000.0,456799.13957044337
423000.0,462791.56326823955
241500.0,145330.07563860662
950000.0,890364.5291368094
262500.0,229561.6337558261
820000.0,783817.297794962
500000.0,540193.0843288277
330000.0,177414.88952153613
510000.0,385401.58443785063
1679000.0,1164164.3114194204
276000.0,296012.0846451466
525000.0,573444.5313403492
265000.0,356526.83157608635
415000.0,420174.5212681296
275000.0,338573.9619136263
425000.0,426435.83817832347
500000.0,676366.1120426505
520000.0,568598.4959402108
406000.0,462768.51490117644
220000.0,283065.5678328073
355000.0,435870.81054469437
249000.0,390390.40124954726
310000.0,674459.1020163421
257500.0,301048.25426858105
930000.0,1113334.3340812624
495000.0,595259.8247637901
707000.0,791948.536184004
601150.0,699118.5737468565
815000.0,750472.5872621434
315000.0,192541.03444108862
649990.0,663255.2640036986
294950.0,352116.0374223406
299880.0,283909.8004477949
411000.0,351116.9846278413
1250000.0,1307144.6628324995
690000.0,464929.745558822
600000.0,730291.6760819787
1245000.0,812669.074150861
649000.0,1414249.945406789
446000.0,353434.5592225692
249900.0,233933.15315054357
334500.0,153914.5966837374
327000.0,270299.9159892802
615000.0,707036.7651760152
1150000.0,1324811.2362875342
195000.0,205004.64810175681
480000.0,603653.605337343
492000.0,573082.7873522056
432500.0,586913.9954964087
685000.0,648942.788552373
765000.0,783666.7217817055
310000.0,469179.4637572888
520500.0,533749.2805365998
370000.0,255904.24134782678
300000.0,409264.4441178355
500000.0,664816.9216564721
450000.0,473887.19560395036
385000.0,363560.711497324
395000.0,655962.6673052139
329950.0,324409.04928552324
802945.0,865922.7644851466
375000.0,347891.87196206965
363500.0,569893.7272002263
300000.0,308040.2578513693
975000.0,926634.781705258
500000.0,571614.610065896
463500.0,340105.99418986496
390000.0,490812.509343969
314950.0,196722.83553009765
664000.0,609225.6388306479
213950.0,102208.32221234823
209950.0,244552.19292955112
294000.0,275036.2926011927
587000.0,746494.0251946369
630000.0,646484.6428705791
338000.0,423020.45805815724
295000.0,501920.5743436322
255000.0,237119.63134363072
530000.0,545583.6556961414
260000.0,526181.1132866715
285000.0,944389.8200974814
480000.0,432891.0283015899
245000.0,58761.756871653546
1335000.0,1207648.984070321
640000.0,665299.2263614943
345000.0,297152.94133918313
252500.0,210417.11946513888
1210000.0,974745.4718966444
399000.0,390491.7962551811
315000.0,375198.009600238
675000.0,869738.092318618
265000.0,-243097.38100286003
381500.0,457005.91991870804
330000.0,537757.7482862067
323000.0,450024.9679770183
215150.0,2307.955868168501
605000.0,638783.084611086
290000.0,163758.6699532168
285000.0,345893.20732305304
600000.0,880271.7524860427
600000.0,647949.4378300997
625000.0,838458.8465861601
825000.0,932594.611896764
458500.0,489549.5315434594
500000.0,338966.1605236613
475000.0,561002.4158944468
1035480.0,1046777.8434942276
339950.0,258353.0063183788
540000.0,725375.1047711226
198000.0,156270.9970515552
600000.0,580113.7991882463
450000.0,475894.60812065296
436000.0,453630.71812971454
335000.0,347631.5992825829
550000.0,652347.120308138
1245000.0,1270501.7909898343
529000.0,494303.5269289741
294000.0,331095.98440893815
324950.0,281673.29758177896
675000.0,793672.5368835512
215000.0,418158.3825015173
600000.0,730185.6458987771
440000.0,564343.9275514481
685000.0,638750.7036562763
432000.0,693942.2192444955
274800.0,292150.54679542244
418000.0,366553.1080044552
315000.0,326409.1018659343
775000.0,1124821.4294267031
279900.0,187773.6130330242
260000.0,264297.9681740152
237000.0,289485.3995034009
277500.0,324441.1239737137
680000.0,633703.6638750992
465000.0,431448.8709817272
410000.0,317152.44251012
453000.0,494356.70027935784
415000.0,392944.10991696775
525000.0,435783.76611661166
759000.0,744111.2696000477
387000.0,398317.9334864641
229999.0,213718.63970377302
545000.0,497483.66340463335
662500.0,711578.920892667
435000.0,426728.8726357565
925000.0,642915.4520948835
825000.0,1009992.7056679497
450000.0,559680.9890822413
240000.0,220188.03463255055
572500.0,551499.2766564138
534000.0,507322.5438890061
860000.0,1046787.9406024581
865000.0,965065.6580634143
400000.0,577431.0881712046
358000.0,377113.1513982839
344000.0,228151.55043388705
305000.0,319858.65919256175
810000.0,981860.0813554137
720000.0,724965.4975125166
429900.0,629323.3320188539
599000.0,760120.1489330697
435000.0,402419.3531027426
580000.0,684308.6496274301
450800.0,615834.8327331156
305000.0,272887.87635872496
473975.0,544167.3199611367
800000.0,1906950.723412605
601002.0,555337.6377603794
485000.0,463851.10322427435
210000.0,214251.42177713715
266000.0,262128.3508488139
430000.0,602123.2339474662
375900.0,464511.5972848422
299950.0,296817.7002282975
269900.0,302460.6571759792
588000.0,558093.7491945606
654000.0,675745.0054640099
428750.0,446033.3789723571
800000.0,856707.3857758846
710000.0,776551.5991826802
312500.0,363120.94769293553
1085000.0,974783.6509507208
725000.0,943163.2381182872
390500.0,319274.507050964
852500.0,813995.9331073335
299999.0,272766.4641876113
381500.0,491797.10647871817
585000.0,537574.6361803497
311000.0,354299.7285861322
349000.0,231455.0549259513
495000.0,664005.8154412423
224950.0,374661.86110431043
720000.0,984559.1700646848
620000.0,485788.711700481
465000.0,478172.1267056277
1087500.0,729145.7599659223
332500.0,444784.6193898901
250000.0,247300.05345493555
725995.0,809202.0030076073
1475000.0,1456042.0053875712
284850.0,328716.51694520656
1139990.0,964152.8400598029
509000.0,554626.0350696446
675000.0,610038.7144617196
697000.0,524148.26098440296
216000.0,229028.32517820492
500000.0,448679.45000574645
520000.0,746173.4567172178
346000.0,413004.8871723901
884900.0,1161705.2741611348
229000.0,86736.63219553989
358000.0,235960.5173517891
467000.0,437101.26159297314
418000.0,319408.76754287176
280000.0,402042.0652518404
248500.0,323035.25898931164
275000.0,231221.46175013843
219950.0,225528.18651372625
571000.0,804612.7146375636
280000.0,242324.2613450358
410000.0,349217.6232290771
718000.0,395280.51118981803
449500.0,573960.3601522067
700000.0,898149.746492077
335000.0,300160.60527585226
300000.0,225172.45475847565
525000.0,445413.4971833303
540000.0,498461.6439808674
625000.0,605918.7118371631
525000.0,650140.8682279603
288000.0,185312.55173463217
480000.0,842523.7987031522
689000.0,892789.2302541039
309000.0,338649.3074462453
250000.0,170422.43857810472
353500.0,175446.37377521285
110000.0,90743.69292902923
740000.0,732190.9167000811
290000.0,236091.06941942353
403000.0,370935.86670137476
245000.0,331135.37962627626
470000.0,361375.17289068276
815000.0,615092.7216588145
745000.0,444720.92478900426
366000.0,473066.1521036135
399000.0,570366.2034204142
645000.0,600091.5328228852
460000.0,565318.6114305718
475000.0,570984.8548663178
550000.0,723555.3360522231
215000.0,184895.63051257416
389900.0,242538.68661881948
362000.0,518028.15951965953
287000.0,354470.4851055079
635000.0,502846.56251479685
751750.0,774771.9552232104
312000.0,267735.3159502312
380000.0,148084.28613370314
700000.0,415794.5225078133
813000.0,991515.619124665
280500.0,304477.9439170045
415000.0,584733.881978491
550000.0,889962.2670301123
345000.0,473717.7728889381
169950.0,44583.11113957153
608000.0,465591.2983079315
1562000.0,1095339.1303754025
625000.0,777636.3323203982
259950.0,281625.17359553406
350000.0,415603.8392862969
495000.0,375770.1446742685
1100000.0,869017.3258490805
625000.0,554900.4264291011
245000.0,121884.83425955969
382888.0,370602.8710484444
284000.0,409999.8162597278
1490000.0,841622.3039676171
485000.0,429741.4949227848
465000.0,449851.0224359415
495000.0,468764.1659590612
2260000.0,1009392.8603323203
350000.0,462992.30206095683
580000.0,501355.9582703031
831000.0,741229.7019990919
781000.0,803106.3737236934
375000.0,368475.86884213216
1127000.0,908597.025301175
305000.0,418907.37963421457
402000.0,445704.2522695287
535500.0,556523.4627691611
375000.0,350809.88136238884
470000.0,730377.9717351724
339000.0,564702.4674475499
335000.0,223127.8600363296
780000.0,717753.4307254672
263000.0,244953.17763650522
310000.0,371775.88468979485
289659.0,394904.59822923515
286308.0,326116.9072543183
320000.0,537917.4576269583
425000.0,555078.2884808326
1395000.0,1140702.9096549116
385000.0,479998.92585625866
180000.0,167416.96333559533
574000.0,498025.8437016419
510000.0,526891.633595797
210000.0,189867.19990525977
637000.0,639234.1491187072
855000.0,934249.8750089994
375000.0,319865.1895930606
379950.0,292944.3550500561
623000.0,671650.1761136347
374950.0,355510.38045193476
725000.0,567656.4460728357
190000.0,199185.7319317091
1825000.0,1642527.6234913412
337000.0,437738.0112803185
850000.0,847738.7089487251
325000.0,419998.40591201506
475000.0,637895.0354165548
242000.0,346677.4936027763
595000.0,535100.1056941571
450000.0,386830.29950482503
190000.0,135765.40624083485
700000.0,491183.3939396038
686500.0,669901.4556232628
279900.0,424417.2656856311
598950.0,448480.7388077347
210000.0,183880.29349975626
1065000.0,782452.7825868162
1255000.0,1066766.2606536716
782900.0,815982.4588443508
200000.0,197600.84616886318
574000.0,340662.50204247795
405000.0,233827.6707286919
460000.0,442198.19334549375
875000.0,919385.1448331636
317000.0,555309.9248614875
682000.0,652025.8825025025
360000.0,493981.84834839957
745000.0,785495.7764591314
540000.0,739253.3473904782
260000.0,419097.63526415115
256950.0,373918.73685371934
236000.0,211420.45505513868
299000.0,379603.9666134993
508500.0,497958.2755789229
412000.0,460993.42631737806
660000.0,912950.4007578867
806000.0,899324.9250999419
925000.0,963093.984660722
460000.0,592862.0259718329
626000.0,438461.34636589646
142500.0,138965.6364415674
295000.0,326711.6745398098
650000.0,638547.6723582869
585000.0,471971.33259852836
979000.0,861643.6613069827
1400000.0,1003091.7334251452
445000.0,446571.34413476475
430000.0,758061.7366153983
637250.0,618995.2560737787
304000.0,444511.57646203676
556000.0,620168.6064890258
306500.0,114645.79076254013
637000.0,961164.24576877
550000.0,648662.6203445641
725000.0,677120.1621913605
402500.0,730983.041841825
540000.0,520651.52418814786
148900.0,246444.40044504742
595000.0,449129.25391609594
350000.0,387742.1498547535
753000.0,730917.1676723392
278000.0,249511.2171260427
650000.0,558525.4260859758
1100000.0,738114.9091478727
712000.0,801919.1672731916
199990.0,4287.198387299781
590000.0,569924.0543118727
425000.0,378932.1827070947
165000.0,188941.13630530972
379950.0,366678.8116961252
550000.0,435757.2143593708
342000.0,311544.1524684762
446000.0,481519.5975136885
500000.0,354095.12082156737
2395000.0,1208288.6968770158
216000.0,14296.068687284947
431200.0,370071.3079900441
384000.0,257242.8360476836
400000.0,585005.9153817547
330000.0,162385.15375323646
450000.0,363821.77853358176
3100000.0,1582498.5659411452
350000.0,522983.32024070795
527900.0,632004.9581627669
295450.0,514727.3290120798
540000.0,710041.4039735234
260000.0,271937.2654499143
370350.0,596576.5024942902
885000.0,878015.720588295
675000.0,638525.3002557599
315000.0,304248.1139881824
394000.0,514204.2108683961
287000.0,513843.0472786656
645000.0,667483.2112790265
267000.0,503736.5334455378
545000.0,405977.5936190159
295000.0,304332.2669892564
525000.0,496245.9259790017
277950.0,343438.7420546762
460000.0,288001.80182199547
535000.0,449338.85267995636
1005000.0,808203.4421958788
730000.0,791542.8438465499
445000.0,574357.3658162651
216000.0,282354.82704243454
619950.0,443292.2763412462
469500.0,481849.50024778396
508000.0,662624.4307238036
1135000.0,1002697.2475319731
722800.0,1191396.4319469954
315000.0,279244.00798199954
420000.0,593403.4057718874
760000.0,552130.5291682103
760000.0,689607.1838060217
225000.0,285247.3769166202
200000.0,413707.79462908226
443500.0,356794.97222241806
260000.0,184945.93255254696
740000.0,866735.1621491131
329950.0,267683.6878836782
465000.0,452140.7997690818
285000.0,202696.82191008853
735000.0,653089.7915842616
555000.0,748255.7324975509
466000.0,540411.8483659794
369000.0,561465.3373416694
411605.0,458365.6553682294
330000.0,365261.4070877108
320000.0,389454.4785250688
339950.0,458238.913412062
525000.0,471270.1202700251
599000.0,617695.252949814
265000.0,198850.95192769158
425000.0,399696.9908364845
1575000.0,1389260.6736684204
299000.0,206906.02534779446
1900000.0,993514.2136414273
600000.0,652759.6895948551
756450.0,798031.524094305
405000.0,587273.179957196
1088000.0,892680.1409083703
362500.0,564507.7012694213
870000.0,775193.2359320899
445000.0,494439.8752641763
728000.0,751006.4821844663
950000.0,933163.2339510461
305000.0,523585.9457479058
260000.0,175685.43587542902
387000.0,373489.74973503
740000.0,451840.43739430804
775000.0,634363.6064198756
560000.0,453354.3848292559
505000.0,462823.75610426883
565000.0,444576.5817416813
130000.0,120636.16749164328
743000.0,872610.8004762909
485000.0,620525.9311404453
1965220.0,1215668.8382564588
800000.0,956051.313699878
935000.0,474309.37195310753
375000.0,444416.28085667477
625000.0,520937.1867618842
463000.0,376154.27404547913
426000.0,362246.0805903582
770000.0,733069.1774141204
200000.0,155331.5880928659
227450.0,28115.385587665194
170000.0,205838.17229228007
1300000.0,1210276.719840242
329500.0,433360.3754809944
150000.0,223524.04273280455
301000.0,464052.55115114735
1335000.0,1475124.2139389787
502000.0,437074.8286500375
348000.0,559241.6709404651
1365000.0,1488637.454258961
387500.0,373374.7151851308
255000.0,86674.20185610221
256000.0,110443.13745981897
1610000.0,1269724.089336352
338950.0,241551.4677043758
340000.0,257873.9912526572
335000.0,196936.34909357218
665000.0,649388.2476108802
649950.0,731460.1480186988
525000.0,768307.8439062968
441500.0,539209.3464398271
325000.0,569051.2047448392
370000.0,209906.1038286789
950000.0,920349.9402654658
225000.0,145984.08659029915
299000.0,444287.4198857874
274900.0,203884.4562630108
437000.0,525439.3047524537
435000.0,518834.8458795968
415000.0,454857.7415036248
400000.0,357285.13213955006
250000.0,305561.5109338419
700000.0,578799.8150289139
467500.0,508221.20463945554
290000.0,374274.7562826314
245000.0,182215.95677834796
365000.0,267016.21331692167
372000.0,610717.9291518162
420000.0,725054.889050302
250000.0,194839.59151442052
725000.0,921653.7030541033
264500.0,145203.25247559143
585083.0,619921.0211059137
257000.0,281415.46816181403
419625.0,675481.9990701139
551000.0,437782.44065297674
1444000.0,823848.8414030134
269900.0,279901.4216488726
470000.0,687487.947269328
325000.0,288422.5198830189
637000.0,672750.5755204022
575000.0,549309.3131075652
299000.0,387025.40371697966
455000.0,468863.2502826324
1395710.0,1242589.5866535397
290000.0,374894.7308056662
975000.0,830355.5281135496
212000.0,135120.28600708768
438500.0,691351.493069743
981000.0,743362.9575203317
650000.0,629767.6400605597
569000.0,639034.3236699335
680000.0,703266.9877520842
620000.0,740057.0057262769
300000.0,492820.33215498575
329000.0,470501.4272727525
628000.0,466796.24210378615
300000.0,319652.43815167825
455000.0,663872.9147608363
345000.0,254285.8483625492
812500.0,800127.153298453
870000.0,851543.0866825102
405000.0,434472.8740705072
192950.0,20125.52995330165
212000.0,99227.99123759649
950000.0,957302.0537664534
296000.0,227129.01653787313
279900.0,280338.1443348787
325000.0,329967.5785516821
405000.0,591867.7438760699
730000.0,656966.5329452448
669950.0,705142.0219929325
408000.0,502388.72047098295
304500.0,180984.45984767092
1306000.0,738667.3371410903
445000.0,410378.5776830537
374000.0,237931.90252361092
575000.0,1189910.849542748
1515000.0,1419172.2674818723
1020000.0,1068615.7175306655
195000.0,155134.1966410848
570000.0,511103.4150017252
455000.0,317872.9606011559
452000.0,568454.9054589083
440000.0,501417.46847531357
995000.0,1082609.5841016578
765000.0,881644.1949526755
567500.0,725517.9460139596
490000.0,592313.9760260434
620000.0,674733.5164879193
349500.0,458980.32302753476
630000.0,475090.433761319
406500.0,323041.6743122918
429000.0,492582.8766867385
299800.0,244511.71930106863
407000.0,454386.50228886196
460000.0,451321.55470271036
415000.0,413824.2288609742
450000.0,545265.3101829907
604000.0,455379.99689167493
375000.0,254790.39385895996
380000.0,225159.49786560144
499000.0,544185.0021630867
449000.0,595347.0296564505
475000.0,423172.9479116474
500000.0,470658.0045506919
319950.0,399903.80150355375
1928000.0,1368649.0262855326
667500.0,783748.7452263302
645000.0,668754.6167111458
300000.0,322470.3264266877
655275.0,503458.723926158
1225000.0,1228521.2702975795
601450.0,610425.1664556211
647000.0,626977.8547899631
425000.0,212934.49321829906
590000.0,504584.29254569707
293000.0,370333.07296810194
280000.0,284231.69418080675
676000.0,612435.3566713415
252000.0,211122.9398920962
242000.0,246484.94307195023
300000.0,436674.75129918463
209950.0,189893.31814994384
1200000.0,1195759.9693837948
861990.0,864712.2816152739
835000.0,911187.0114215446
499950.0,555905.8215972064
538000.0,784851.205095855
2920000.0,1624013.1841616607
429950.0,437349.1934152982
615000.0,789303.5794267843
530000.0,586267.834574469
544800.0,689637.6787588028
657500.0,330074.83572502166
166000.0,148548.29281186353
535000.0,789632.0530190787
500000.0,590054.9500548781
400000.0,582105.7052752827
350000.0,327419.6885395028
465000.0,570988.4007328555
665000.0,502880.5851367859
587000.0,638585.0125822934
397990.0,401073.66400927823
295000.0,408719.49958293827
273500.0,146705.41058015334
489990.0,494649.6612226217
278500.0,132973.39321627456
340000.0,254248.15662497346
210490.0,35583.17433324491
436952.0,510709.40217503597
267500.0,305195.12468018365
713400.0,631924.3513703465
669500.0,671863.6500608213
240000.0,175356.95235360885
680000.0,602560.6399287129
325250.0,240500.69252974063
305000.0,368449.0774036479
209000.0,246108.72375126532
505000.0,502640.23476343986
799950.0,887597.3168942386
510000.0,525161.9879490512
780000.0,871199.6898257543
808000.0,627021.7408280335
1538000.0,1076203.9130211538
720000.0,775037.4787742033
185000.0,319216.2428852749
341000.0,333995.1075910274
554990.0,629133.4205510747
441000.0,505019.2295179855
840000.0,1136354.2992983595
515000.0,544684.0844158469
89950.0,38455.28086773271
340500.0,365744.48390599154
319900.0,553531.4267903747
420000.0,635273.6371254642
242500.0,220649.31168575707
613500.0,589052.9432626402
380500.0,433374.6475038576
685000.0,741064.1544318099
400000.0,357120.59946475155
543000.0,571827.9186498382
317500.0,394457.4431203379
690000.0,709050.169964052
271950.0,361423.0188769774
281000.0,115107.14711466688
844000.0,817027.9937150744
400000.0,471041.270813392
524950.0,462229.20022043306
234500.0,313331.47917893564
490000.0,431717.201134196
2600000.0,1864090.2348532164
471000.0,626006.8730914828
435000.0,335419.3728136382
614000.0,954731.1577368993
444950.0,608885.4880537846
268500.0,200975.5938969967
516000.0,507452.952935486
229950.0,385243.21769571805
315000.0,401917.78708653507
606000.0,615931.6111663522
189950.0,27640.382935910136
260000.0,287715.91358938935
343000.0,323851.09023952065
235000.0,199949.21177693357
347500.0,213164.6295936866
310000.0,255489.90535557136
246500.0,59824.22606197052
675000.0,654065.2556427242
417000.0,467886.668627399
850000.0,1093900.7462390868
453250.0,496893.2686875724
370000.0,318821.2790769316
400000.0,381548.9714890225
435000.0,288279.94083687896
1870000.0,1292871.0170025872
340000.0,194055.81778981077
345000.0,343140.20756064344
245000.0,399566.01236309065
445000.0,509330.1530860641
775000.0,960063.508246728
475000.0,374418.61525028583
350000.0,510072.0955423002
186000.0,219236.97502730793
1170000.0,725879.8980750667
609500.0,434550.16885625815
260000.0,237187.63082396577
222000.0,317192.7226867678
372000.0,390815.93420363136
635000.0,538796.254148128
439000.0,687693.546516491
430000.0,385444.48314749566
622500.0,623406.3783841738
110000.0,-11211.21591078164
375000.0,232887.0758406839
251000.0,84696.96423520637
315000.0,228874.43381275225
290000.0,528596.4190231244
549000.0,678678.7208357372
994000.0,906312.1980616327
575000.0,730118.593839655
1051000.0,1018154.2061563351
410000.0,533498.8164445908
1085000.0,1077557.9324509532
420000.0,443473.24783295055
300000.0,415957.64542154846
655000.0,567958.5455955929
250000.0,259406.31290208886
785950.0,723252.4332525127
375000.0,514259.8119412956
389000.0,341375.5250771963
518380.0,546984.8808513526
382000.0,512224.13990636513
420000.0,546184.617869797
2400000.0,1424596.4302654006
1095000.0,958481.8350408844
959000.0,1183866.1105806786
1250000.0,898772.7295965732
457000.0,667167.6425329816
470000.0,527236.505531976
2500000.0,1340716.2833214405
675000.0,629692.7678101497
502000.0,432815.77276955463
285000.0,561455.2022245454
326995.0,257173.39719581383
610360.0,620599.4683115312
401500.0,492133.2527246656
2575000.0,1303360.0541477343
682000.0,620736.6488968357
915000.0,956683.0217066822
380000.0,463929.34745466826
340000.0,449794.18877228035
218000.0,427616.02433951956
226740.0,191672.52549636445
616950.0,675217.3378536637
550000.0,927307.0216244176
470000.0,596004.2920021458
736000.0,704126.6795475219
608500.0,597597.5001301804
550000.0,1140554.8444599072
470000.0,425841.06015692063
299000.0,345517.9033902645
630000.0,1119645.9669807379
280000.0,407517.0019786021
705000.0,1330188.4567041197
548000.0,423805.78132410295
250000.0,287477.5674594272
550000.0,295034.6397768089
423000.0,320704.8657044798
392500.0,244476.58008304436
1980000.0,1211778.3629499862
424950.0,474648.12637775805
287500.0,306611.9375953978
295000.0,384211.9375115768
220000.0,292552.2025601303
247500.0,305780.20280903706
254000.0,212200.6382301526
245500.0,338408.43648809125
331210.0,364211.15252687933
469000.0,328022.3281042543
339900.0,452525.8095906052
330675.0,428580.7358824101
290000.0,495135.82108032564
435000.0,625060.4690535745
680000.0,617228.6185048614
201700.0,148379.880111215
530000.0,637081.2958697093
850000.0,1006469.4822231929
285000.0,471328.9936904744
656000.0,610111.1632596689
307000.0,346150.86654319544
988000.0,1297230.4019346754
564450.0,713320.238446384
300000.0,264349.541219066
539000.0,730828.3155122494
335000.0,531000.7541039677
1225000.0,890787.0097169571
329000.0,395641.9409707499
680000.0,578200.8766520665
426000.0,690231.2264116902
535100.0,661336.3715087515
283000.0,405170.9237771853
224000.0,289505.0750589326
1060000.0,1250785.8509909925
457500.0,553392.675434751
830000.0,933551.625153733
480000.0,561251.0181880472
325000.0,423298.8528910186
484259.0,475940.01029549737
515000.0,636980.239491941
600000.0,480644.3959301637
207000.0,186185.21616940416
187000.0,105868.53886868135
290000.0,208336.5332247247
585000.0,726870.0397544871
600000.0,861295.5862049749
305000.0,399218.6298076538
293000.0,124729.1838783609
240000.0,390451.7228116079
196900.0,79602.92025173758
2238890.0,1837110.9484246802
350000.0,462955.4737901445
489950.0,168708.77340705402
811000.0,794229.4377401976
510250.0,444872.6809099662
227500.0,125343.7205890725
295000.0,303713.63754832983
760000.0,706146.1455771135
3000000.0,2204378.597017383
1062000.0,989683.8297248413
559000.0,638240.4127649289
610000.0,795521.7407877657
1728000.0,1101043.471735042
2600000.0,2233149.4408361833
415000.0,386898.05987967085
467000.0,552236.9413656315
547500.0,867534.053866543
258000.0,183221.34393338993
210000.0,380253.81614430435
440000.0,304427.5176450541
605000.0,638371.3215245567
259950.0,153928.3949269023
580000.0,718088.3191019511
400000.0,386536.9104372936
1095000.0,1037895.464166378
1940000.0,2199449.8895498333
450000.0,621018.0619503157
4000000.0,1898352.9197569848
203000.0,11876.052066491568
1135000.0,1025637.5389242044
1237500.0,1294319.120766778
336000.0,253089.96835124504
494995.0,479149.5898907357
710000.0,754617.3465949356
524000.0,499265.73018201784
255000.0,328433.5819557674
825000.0,832123.4215565023
275000.0,279850.6108794741
234000.0,181159.45159824472
640000.0,689475.4511539352
1110000.0,961229.2428235095
430000.0,434227.9758019597
335000.0,156739.33023921173
469000.0,631686.0028885577
555000.0,674303.9075872353
562000.0,702889.8109145606
228950.0,310472.988603984
237500.0,174171.85354131274
994000.0,1072461.7631068123
616300.0,716445.5502625286
487000.0,606423.487796597
810000.0,974163.0136780152
577000.0,462331.96870519995
422500.0,297904.4516530859
279000.0,316624.8964267238
435000.0,448741.62244098773
335000.0,288775.93454745144
417000.0,503641.1114609925
675000.0,655595.3919726599
298900.0,323883.06813358306
325900.0,391164.41220326646
484000.0,528400.1978947333
300000.0,353653.2092712796
1225000.0,1117150.9808711547
377500.0,455931.16228648956
373500.0,421354.4023863855
640000.0,839315.5211262482
1190000.0,1192141.0775124277
357000.0,286831.8855611329
738000.0,805869.7492813506
530000.0,392675.81746124895
215000.0,154548.16198136285
330000.0,229943.99526073423
375500.0,522240.13676807086
750000.0,860439.0882067932
145000.0,87154.44552041352
140000.0,183149.7617928565
339999.0,435295.0539912527
311000.0,392350.3360568237
359950.0,471393.1700786728
399000.0,236558.05229820014
363000.0,432600.34052245424
485000.0,635466.5858928026
581000.0,453238.07212304854
442500.0,371625.70614694187
751000.0,694337.0817217174
438000.0,360408.2372864918
585000.0,786594.5843173489
400000.0,386680.9745271313
315000.0,373779.1346888893
348125.0,459654.0135983428
554000.0,523245.8065596953
494000.0,472938.9235557019
435000.0,588766.5386874235
428000.0,216361.23571654543
355000.0,326471.4465430395
385000.0,297624.8102195222
1583000.0,1502163.29841286
495000.0,499440.4239586314
464000.0,711471.3385114694
588000.0,622908.1002357089
640000.0,678852.9327122874
355000.0,433789.0387044462
405000.0,205621.60196663474
344950.0,569907.1151084786
429950.0,507884.65772758593
1450000.0,1453385.3563039568
2280000.0,3195426.785576793
460000.0,529340.7311074848
240415.0,125032.62490313733
499990.0,498938.5642216074
360000.0,349383.6532652443
1190000.0,808648.3502977227
299500.0,200843.4755078762
128000.0,172035.9515475558
745000.0,1069638.601176669
614905.0,679763.1280824834
361500.0,302380.37982301845
605000.0,687757.6092118884
358000.0,130658.73007912026
345000.0,456384.7438529695
1425000.0,1665774.4862299464
225500.0,199774.0097825408
307000.0,253881.2943836929
240000.0,175896.81991930376
955000.0,599025.065954617
438000.0,601959.3490385156
700000.0,560968.3726993748
485000.0,698154.1073163664
290000.0,433058.40976070357
275000.0,503288.5657677987
293000.0,320114.6227435031
395000.0,304264.3546889884
775000.0,744072.460096993
506500.0,537507.2716872758
735000.0,1071222.599234288
825000.0,787786.8944440635
450000.0,418060.9047866713
618000.0,471559.74149586284
1250000.0,1100123.9952418667
1237500.0,1393218.2147950525
950000.0,1012164.0967923752
729000.0,641008.6187897357
505000.0,518925.69881011744
1200000.0,1106886.6213043851
300000.0,244530.7902632245
554950.0,713921.4711315962
712000.0,955824.0167209746
1680000.0,1942046.2571856515
489500.0,680395.3087529707
250000.0,410036.99045242736
400000.0,324746.63059577154
287000.0,372422.5984299653
333700.0,287077.09486187174
500000.0,338055.3527563783
735000.0,784432.3441661248
353500.0,386937.67604927055
347500.0,510998.94198133156
1266520.0,940071.6070479429
385000.0,612344.4439915452
330000.0,352412.95533623046
256500.0,112029.81232638942
385000.0,275484.0251924719
530000.0,544700.5555797649
260000.0,352374.6336028257
240000.0,202055.18418865657
243500.0,294346.1306912056
998000.0,1067078.0189846419
696000.0,812951.3791913867
610000.0,737882.4880031415
817500.0,1150029.3619714556
449000.0,390740.0301478191
475000.0,463526.33268943604
322968.0,551397.0156059664
325000.0,455557.865347752
289200.0,453173.53050927114
599000.0,605316.3797923045
199000.0,183300.06798415782
1337500.0,1007525.4334380019
700000.0,549562.1177799877
325000.0,207856.52480572823
258500.0,166265.90047027433
540000.0,805552.8804672414
711600.0,1001320.4766009045
229000.0,289344.0560118571
1052000.0,360070.82056625036
550000.0,745126.7270475731
238000.0,227756.02504770487
372500.0,307715.80180698074
900000.0,1088399.1326973354
950000.0,1010526.1593870727
430000.0,680311.830220419
253000.0,145318.32726250164
291375.0,363674.53821204335
308000.0,255164.24065331992
440000.0,599315.6633272605
254000.0,350614.98067498504
445500.0,476146.0719367791
195000.0,242022.7046542468
549000.0,556133.7568575696
324900.0,209449.3911035502
880000.0,753535.4271119782
1227500.0,1051377.4959684247
680000.0,590324.7037221091
840000.0,771757.8178514326
176250.0,222843.33720946155
810000.0,734347.3368230908
407500.0,604583.2993130808
585000.0,311599.27503893076
425000.0,261434.41521359904
660000.0,482079.5385949359
613000.0,688622.9022110177
496752.0,550195.579966171
424950.0,313294.2313463193
463000.0,506323.90449670184
370000.0,207326.1303472005
630000.0,530117.9159772263
465000.0,578627.9616653624
513000.0,549681.6287415265
383000.0,508275.0925887631
925000.0,781228.8054165959
1625000.0,1466860.1845835554
382500.0,479237.868049664
353750.0,311494.55576845753
1370000.0,899013.3688180677
325000.0,326883.46117474156
340500.0,495370.1019311735
415000.0,400581.76403789525
747500.0,742924.6721722276
570000.0,673279.1309512942
335000.0,188679.18567308603
539000.0,442010.9045883245
475000.0,528930.8193759554
235000.0,164003.42398235796
330490.0,286336.009229147
325000.0,508033.3654769073
557500.0,816587.1329315989
705000.0,572394.9844458426
693000.0,628558.67520595
250000.0,189843.72420757072
521000.0,596249.260539065
593500.0,619947.6191433932
495000.0,457934.21726152085
390000.0,380972.7270509299
418000.0,607368.3076122609
443950.0,438037.4569039122
503000.0,359448.5768686166
515000.0,528568.6042214353
518000.0,481256.72179604403
256000.0,200367.14776165818
430000.0,421274.8350015367
139000.0,68076.732450968
550000.0,411475.76792532427
465000.0,240087.36981145048
340000.0,349093.2264383325
404000.0,739712.339455403
660000.0,890600.0729823398
450000.0,784178.5281190806
485000.0,540150.5296600907
430000.0,511886.497847231
1436000.0,1543068.9199968106
174500.0,246788.0147700376
83000.0,105581.23203007446
713250.0,599051.247102762
340000.0,370919.0479697727
201500.0,234016.77834309498
530000.0,694970.3736300159
240000.0,131146.8643956635
270000.0,262242.61346706573
230000.0,435466.52364166867
265000.0,316002.5276193102
418000.0,375255.2010854392
380000.0,402449.64165916166
385000.0,395016.2443615567
377500.0,350044.65329767036
517500.0,380443.35971919866
530000.0,503602.0024190139
547000.0,565549.8180760171
414500.0,373307.2442199206
322000.0,363265.94602351706
460000.0,498652.90716423345
900000.0,606233.9370466628
455000.0,383244.40920627315
804100.0,843042.8041838225
1195000.0,1242725.7002895647
645000.0,821327.8755278543
406500.0,348091.52651389735
548800.0,475781.794415124
235000.0,226104.64868744032
299950.0,354372.38820443896
735000.0,772672.1481666907
285000.0,409480.70478729805
179900.0,84957.69224147766
677915.0,597795.4945592168
255000.0,311449.27468686865
847000.0,847684.3787322073
221900.0,119288.81127874507
340000.0,543203.429588917
354000.0,515974.45108495053
625500.0,488007.9662860946
350000.0,631508.2328057922
445838.0,492651.3610464382
275000.0,115755.77966829756
2000000.0,1320575.0471207178
695000.0,727322.6641269047
333500.0,416674.70042498724
1062500.0,1420004.8630282157
559000.0,554159.2265019155
499950.0,400185.87940270244
280000.0,448626.56251811696
500000.0,458636.00587789976
469950.0,494901.1520154207
1208000.0,1089045.0597892485
600000.0,588744.3489479745
333000.0,265407.79948680283
565000.0,537565.1263502015
370000.0,378944.9319008542
349900.0,147086.54999507027
498000.0,646929.1911353016
541900.0,558599.6096046881
275000.0,414168.9820009932
266000.0,280446.086431765
730000.0,779056.1831864961
319000.0,456316.70153975196
805000.0,669936.7307467293
680200.0,664174.6460571241
1265000.0,858696.6395793526
725000.0,806915.8983217909
545000.0,760378.0011957994
711000.0,420915.50180930074
546200.0,508969.1134421195
220000.0,370272.66607820464
1010000.0,661563.1809068121
265000.0,235191.38830482692
267500.0,310726.1090439337
450000.0,801262.8879812784
450000.0,323144.5982352748
552625.0,738172.504996392
1100000.0,1205941.3678290686
665000.0,512122.3063044602
489000.0,655948.6929328041
1450000.0,1196656.3247010335
860000.0,905399.350185017
993500.0,1157105.7200690312
665000.0,939722.2490756429
252350.0,286934.32288665907
279000.0,219383.63108952332
291000.0,288926.3119463173
230000.0,272744.6572650763
282000.0,365652.16926256637
980000.0,1201630.7391079804
300000.0,282683.6163726259
328000.0,405069.23961925507
330000.0,376059.21067208087
910000.0,631451.5274586056
464950.0,376438.5793305031
913000.0,1042897.6719706985
320000.0,307288.7852501003
402500.0,717953.6742759352
393820.0,472249.1327954556
245000.0,318789.9768693353
430000.0,357161.25972141937
950000.0,1428466.8841982302
410000.0,447852.17702616996
218000.0,147600.34407454642
295000.0,294389.1840942184
356000.0,390984.7939449357
533000.0,504079.22579999943
425000.0,410297.9528768547
760000.0,1121398.9137224639
1300000.0,1102358.8936307994
620000.0,487724.3258681946
750000.0,761218.311713096
170000.0,310960.442054886
665000.0,435341.0491643611
425996.0,441172.0149290694
284000.0,257638.4974901646
350000.0,487322.7965307747
292500.0,297846.32940940035
440000.0,424952.32698353473
460000.0,623599.1436324243
568000.0,681243.8692783487
150000.0,36128.25734786625
248000.0,248117.8736603881
539000.0,468757.71753559285
625000.0,476924.39261905954
1229000.0,1108719.2694871807
324950.0,515177.1261161254
330000.0,397506.1191612773
275000.0,298879.8649673769
346950.0,375594.96144412225
455000.0,392316.15431075153
402000.0,622049.2072809577
369000.0,347267.8105041786
435000.0,218780.69461664802
400000.0,358927.2206232018
510000.0,941308.7107368591
461000.0,390342.82476369326
463000.0,356109.80282046646
479000.0,511939.94901994197
290000.0,397706.0938371683
335000.0,458510.12512874365
530000.0,449455.71963912644
555000.0,632030.3316012387
529000.0,515661.83399637014
680000.0,886745.0176783158
460000.0,540981.5528581985
479000.0,378533.67464905535
340000.0,318052.4298150694
524000.0,442844.4653947699
330000.0,473425.049636019
499000.0,457488.90585158934
363000.0,311299.18998927996
440000.0,707975.369053865
583800.0,598631.5163465748
380000.0,267388.65080674645
446950.0,552185.7106960169
577500.0,587066.4036541776
1165000.0,1096300.4653685768
385000.0,238595.7540799806
678000.0,794836.643679196
340000.0,568582.7300245794
280000.0,204812.5466847361
330000.0,192920.87215382408
335000.0,562068.6813124691
502000.0,599631.820884722
375000.0,308547.8774918055
567500.0,552024.7346609582
376000.0,256879.2844890271
812000.0,637191.0390412883
464950.0,379529.12763416
468000.0,416127.171550998
314000.0,157072.7579969323
390000.0,326912.18790345005
239950.0,245281.2086278678
890776.0,721452.4419077148
470000.0,471412.7055430564
453000.0,374791.0607912289
287500.0,513858.50446202
750000.0,829204.0475277265
215000.0,239225.71989027527
339950.0,581339.9467635315
299000.0,190688.46570369683
1880000.0,1004725.9595867754
1810000.0,992712.8973663121
710000.0,841112.7061822019
367000.0,253339.9368596287
702000.0,608874.9394036859
339888.0,270202.39550630446
199000.0,197961.19270692533
825000.0,886528.6504327066
560000.0,683514.3263393745
575000.0,648532.7677269593
147000.0,259191.6790334427
510000.0,488535.7343551406
229000.0,276218.64671850554
475000.0,638356.3263517048
225000.0,209323.0207058281
640000.0,412033.36410166236
462000.0,513416.3520907984
212000.0,158064.09879366308
190000.0,134793.85216639208
460000.0,586721.5452958846
495000.0,549238.9709272878
261000.0,341778.92715060397
450000.0,543772.7844644133
279900.0,199598.56525385677
243800.0,90280.63185973966
640500.0,480121.1232005756
687500.0,745773.8899184222
240000.0,234766.92830425984
675000.0,765321.9340704243
305000.0,291487.49044281046
275000.0,408269.0741840794
399000.0,412720.4938465703
469950.0,672180.000563093
622000.0,477147.9734016316
588000.0,630187.1409528209
275000.0,425202.0161927051
313000.0,259982.26208363043
509950.0,483451.483719065
685000.0,605818.8591175525
740000.0,575899.1243783983
365000.0,513382.22305449075
325900.0,456259.73801477475
645000.0,551709.2120316824
532500.0,521669.95877089334
535610.0,622602.7890968401
137900.0,167292.23653312627
369950.0,335006.7778399006
361550.0,172663.8605450642
710000.0,588447.5687335064
340000.0,492632.6360246822
352500.0,302235.1319210685
523000.0,467430.3901516144
481000.0,573838.2900718151
485000.0,828339.3411374078
385000.0,152252.29052488343
242000.0,346676.404992005
700000.0,524133.02864418575
994000.0,1076275.3808526301
680000.0,536568.373603102
1450000.0,808536.5711510372
830000.0,596275.252179838
545000.0,739654.0582178669
975000.0,1365695.1925842916
349990.0,280642.6944482625
494000.0,614774.4083196267
550000.0,515881.8123282107
589999.0,492803.44773964694
630000.0,804022.4577451167
491500.0,518950.5955782912
660000.0,636270.0538130316
561600.0,664769.6557534942
550000.0,819098.3748814453
430000.0,490176.2841537636
323000.0,364515.91421337856
403000.0,390545.57357400586
475000.0,670878.2021671494
580000.0,482429.4485424441
342000.0,398723.5676907521
235000.0,111595.95397110516
265000.0,314616.40378873877
1200000.0,1533418.1389661804
300000.0,366118.506942511
230000.0,228902.07251204812
293000.0,316395.91569850093
398500.0,537493.621304751
1880000.0,1159485.200747537
550000.0,627222.2601188772
280000.0,332370.2732852102
780000.0,750666.6371265867
255950.0,294702.6783147177
659950.0,978843.4873434217
304400.0,361180.38519719325
390000.0,465404.7696364692
455000.0,506131.5709949413
661000.0,732644.4622259184
610000.0,922644.0145126861
285000.0,256208.7223612785
695000.0,923249.2135865572
357500.0,421897.02129016054
750000.0,1487196.2121746382
820000.0,790461.0171596244
745000.0,602856.8070766887
264950.0,224976.5694451811
390000.0,571917.6026710348
382500.0,527128.1839490256
245000.0,245190.55103583582
785000.0,1047669.402215485
657500.0,755048.0713021009
3278000.0,2414335.5502335583
360000.0,395615.3278357455
515000.0,826178.1708197918
345000.0,210559.59082879394
445000.0,538073.9301191312
415000.0,471989.5574021479
385000.0,408317.61106835795
518000.0,529647.8401605071
165000.0,58745.7701762949
359950.0,476781.2525187711
796000.0,703692.9424257095
291000.0,174224.5409749347
440000.0,290512.38682512206
345000.0,467389.94930909737
495000.0,543468.1994728089
670000.0,518373.7527372452
495000.0,413451.51525630953
447000.0,339914.71235453605
175000.0,216224.02230147354
449950.0,503863.8585367796
508000.0,725721.0591136324
562000.0,434717.21466158587
650000.0,481333.84873100824
342000.0,375567.45297482033
550000.0,464437.7627234782
445000.0,665559.1496867401
222000.0,202096.54599471315
870000.0,1313949.4786057202
367000.0,282130.2770238585
325000.0,-141074.19543086924
445000.0,244523.084512791
2135000.0,1406058.8082597991
302000.0,247301.86264727823
250000.0,479330.4305343058
515000.0,541139.1444813341
228000.0,186855.38137844746
500000.0,437259.84285895666
700000.0,651517.2022532695
3300000.0,2144651.2887394326
163250.0,132361.02359934663
325000.0,509739.8704745744
630000.0,624955.5408956788
449000.0,513076.8074705558
600000.0,562001.5200581044
580000.0,451835.7611754734
620000.0,740430.6380711728
293467.0,224311.29456348816
265000.0,428115.0311350054
312000.0,340131.89517944574
969000.0,1017208.311938864
797000.0,816936.3829615079
300000.0,190155.69399923424
152000.0,48471.41742381884
705000.0,550999.2650347562
397500.0,333488.1045365487
1125000.0,1367814.2693646587
263000.0,202948.9528055495
675000.0,651737.464937083
536000.0,730202.0916596095
330000.0,268855.7802441788
165000.0,202042.79508486658
1289000.0,1020846.6065889647
615000.0,601685.8505984223
660000.0,790446.1238017817
469000.0,631225.655469723
221000.0,336246.7847487552
557500.0,682919.0045116141
516250.0,726681.9613508296
3200000.0,1554881.5986948637
720000.0,859874.3131058502
890000.0,1154506.6408476075
315500.0,386127.65252989007
794500.0,814289.8302631171
655000.0,1257853.7188618747
260000.0,300586.3222849772
284000.0,204418.19074917195
606000.0,675817.0077595888
255000.0,192213.6347060245
280000.0,298315.3744195278
432000.0,418907.9584994471
375000.0,322959.51166937524
835000.0,939136.1121690065
266000.0,299336.6704689427
550000.0,564410.4558682538
374000.0,436696.7410894676
590000.0,674060.5460022887
257500.0,152004.02200890542
452500.0,490269.55287626025
340000.0,544590.8285216186
575000.0,666398.0550516237
395000.0,412562.0643762613
549950.0,876671.4323446807
400000.0,606318.194865762
482000.0,677230.059695476
243500.0,427463.88448200823
371500.0,502369.940556651
599000.0,882075.2514865398
528000.0,482496.3054433919
238000.0,220031.7860927041
500000.0,721045.5383931373
531000.0,557029.2389951578
479950.0,640069.9093037249
365000.0,401662.87927767856
412500.0,441229.33695146424
445000.0,302950.12728445476
1150000.0,1021591.9024207946
594491.0,594377.1251076024
575000.0,424673.3456577825
261000.0,163158.13601116242
277000.0,260549.40653494286
780000.0,456082.5137548791
1135000.0,1189734.268737348
282000.0,383702.5992971108
780000.0,1138067.5322786607
1488000.0,1764775.01062547
1350000.0,1030726.3785349998
200000.0,342415.2019705472
245000.0,257068.0578099832
478830.0,568935.9515017869
452000.0,771694.227754374
355000.0,245018.53125337692
700000.0,517484.12064347364
220000.0,356123.3373036401
245000.0,196039.86682189791
730000.0,644449.7442453512
355000.0,345800.1288928633
642860.0,655607.1352310639
290000.0,332761.44761944795
205000.0,213852.7259006708
538000.0,633055.7834552351
799000.0,901182.6856925646
575000.0,503534.69049040705
170000.0,94107.5555140812
639000.0,478720.96509790566
335000.0,316453.5454008181
543115.0,478920.7928376714
352500.0,399717.25163293106
500000.0,375496.90123318566
356000.0,367900.9060628015
393500.0,541091.866104641
425000.0,493919.85019798373
333000.0,477033.7971713808
880000.0,710619.8372440439
398750.0,544618.919519297
290000.0,395077.59116525325
1800000.0,1191081.8850843636
875000.0,815117.7317619432
575700.0,538277.2531918618
446000.0,490784.9725940199
280000.0,262244.4033212378
542000.0,448831.72423621255
654500.0,559215.4055376613
530000.0,430751.8287107434
520000.0,262269.9144636563
391000.0,244656.2904398293
2400000.0,1729968.5847046315
405000.0,614902.9079054326
427000.0,376891.65993999765
398000.0,449161.7205031063
337000.0,387412.6162836142
270000.0,223831.3719945639
690000.0,602823.4468334437
675750.0,726460.2390297428
205950.0,156620.18302199437
810000.0,773390.1346635154
1031000.0,802750.4924407537
390000.0,335913.50026857894
358500.0,371641.1757042889
482000.0,476480.1761688159
594866.0,653669.6619694992
299000.0,369969.36477541574
315000.0,227008.0777759198
799200.0,766325.3029908321
230000.0,222043.11304597982
730000.0,666163.9905366235
340000.0,347823.70192841394
660000.0,497608.2189666303
310000.0,416702.3323589425
185000.0,87432.3580770641
660000.0,882401.3098301725
714000.0,643983.0793269719
789500.0,869305.0399262935
275000.0,286312.1046835209
220000.0,245715.84708666918
3850000.0,2441800.8606243995
757500.0,876122.1096974096
272450.0,200824.71991058893
163000.0,214602.62374743877
480000.0,491414.7390965377
501000.0,549102.7744749885
439950.0,475054.64723234763
169100.0,253922.52244473674
362000.0,313726.4280474653
753000.0,631933.2696159044
322000.0,306480.5570883773
462500.0,312258.5000158985
850000.0,915990.0947596737
490600.0,785146.7132408516
579000.0,561841.2152578487
136500.0,143915.12586165493
400000.0,502302.0489244974
334000.0,344638.0136301854
491000.0,428947.7359065326
532000.0,475222.759335121
490000.0,388800.33076668205
331000.0,362367.18260500196
780000.0,763592.3336707698
466000.0,509546.1429585809
532500.0,454520.64660407335
1326000.0,1211788.2309927177
350000.0,487762.08919373504
457000.0,574965.1456782859
475000.0,406779.85618812265
230000.0,190207.05265686836
330000.0,318037.1079691102
415885.0,294438.2938314254
2250000.0,1537530.2374107572
405000.0,444381.2032012022
462000.0,707887.7863607904
578000.0,515994.20455367427
690500.0,708987.0275675352
528000.0,521465.7526902546
575000.0,595289.1353498027
600000.0,487399.8728698382
749950.0,771373.3719238823
1740000.0,1449022.3810531695
1100000.0,657639.5376016328
562000.0,463638.05779479793
2095000.0,1673603.0586266653
635000.0,764984.7266079537
410000.0,699160.4407955431
299000.0,279189.2905385924
1150000.0,1393969.6431709896
257500.0,271184.4430229945
747450.0,472347.584824804
388000.0,523235.4657664934
675000.0,802331.2929191387
1525000.0,1557374.126033105
288000.0,279253.94787372544
950000.0,942207.8944192228
575000.0,518452.4974306565
532500.0,508159.3906022553
526500.0,520926.73315537605
329500.0,485113.1443449539
230000.0,143588.51247187686
330000.0,464600.7332775303
587100.0,398757.7090936701
1030000.0,1463911.323324306
730000.0,766889.2444665806
490000.0,621430.3223576236
502000.0,396067.31054261024
353000.0,307946.7961231145
421000.0,391749.86763468524
289950.0,193883.72510222014
357000.0,302842.06999776664
505000.0,571900.9347816205
925000.0,861383.4554674232
1150000.0,920226.2869813934
315000.0,361158.36123096244
425000.0,534705.3707987588
775000.0,610858.8893552225
349500.0,442683.86881917634
312000.0,304706.27840714506
297000.0,335856.03559234564
540000.0,1021387.9048985636
439800.0,392109.60537961335
350000.0,358669.90231895656
430000.0,304661.3353087986
435000.0,378042.59272880235
348000.0,268151.16244628164
1065000.0,750786.5376651238
654000.0,592090.4651213831
228950.0,141786.55502366682
610000.0,878083.5864876028
1275000.0,1163072.5797414742
331000.0,368383.8626237499
328000.0,327346.3767348994
292000.0,357643.78621754434
115000.0,160044.78867379233
1202500.0,1074172.7428723965
1290000.0,1220559.0265600076
710000.0,547642.8722053381
592500.0,565262.8882239688
314500.0,497285.4902910305
287500.0,461247.8929151343
340000.0,497704.63110161567
209950.0,268581.3000140601
437000.0,378971.49503416615
305000.0,362354.2980682031
310000.0,413485.4744598096
356000.0,405413.6775388682
440000.0,567732.9976261011
760000.0,813459.1251602686
589000.0,569011.6995817394
256500.0,332679.41868968087
399950.0,591643.9051608748
416500.0,260064.26569934725
173250.0,286184.7628044252
375000.0,204183.88685501763
275000.0,172074.610889007
389999.0,251545.37808051868
483000.0,582089.772086659
252000.0,326303.80587179883
685000.0,581522.230552381
698000.0,820512.9928492985
482500.0,476756.8992896014
850000.0,1044323.6360918332
500012.0,587700.8289356057
655000.0,737551.0580476067
750000.0,627547.6815047048
663000.0,565704.0801746047
383000.0,705363.8464372382
290000.0,312994.46034934116
305000.0,641212.9902796748
206000.0,139082.9819558729
265000.0,124100.36095492681
541000.0,406750.188412493
205000.0,186167.8298137228
430000.0,520854.24075841624
450000.0,425189.40643955313
779000.0,811713.2766112976
335000.0,348344.3258530835
115000.0,84785.46552020643
505000.0,500301.78377623914
182000.0,-5695.923693184159
1075000.0,1418123.1724060024
460000.0,747175.7619560725
325000.0,371865.45417229924
282000.0,262648.85434530186
520000.0,621302.3832164755
650000.0,849013.2617803856
427500.0,452277.57106813457
660000.0,659539.9184902966
569950.0,548615.6525016825
700000.0,506747.38472094934
369900.0,860190.5730562541
358000.0,481303.7951478097
279500.0,273430.4287941837
678000.0,761420.7584425476
895000.0,879405.2915785052
400000.0,359946.4046976862
273000.0,268038.28603794635
1378000.0,938013.476142891
432000.0,667615.5882860734
260000.0,144735.52450091246
215000.0,214641.21929941053
421000.0,535362.6077905301
433000.0,401424.4414661415
315000.0,325270.4900249486
798500.0,644406.6610794244
395000.0,539170.5566219644
695000.0,780049.1940153134
769000.0,759085.3205055814
307635.0,304048.12985771487
305000.0,270622.98971067823
1300000.0,1263149.5315584762
510000.0,485867.78248422523
355000.0,255596.62297405628
655000.0,813429.5045795523
567000.0,776544.7275819092
575575.0,546229.845052884
470000.0,423312.0200466135
425500.0,467677.0944498212
590000.0,766894.9245361302
302000.0,584785.7086907863
906000.0,865385.6799007658
605000.0,600712.3456349189
395000.0,590743.3162408526
648000.0,721928.6797082862
602000.0,554125.077673945
445000.0,290513.9690703857
275000.0,367211.9692177757
340000.0,387654.5530775119
578000.0,470947.26786533
274950.0,363539.1255379745
668000.0,818076.8851663499
749995.0,993308.5741107756
250000.0,273392.39628782857
299000.0,482095.8662056819
588000.0,793328.4805036735
257100.0,181756.41647309752
817000.0,739027.0229392769
1850000.0,1948039.3070319076
1200000.0,1332017.3954903826
425000.0,436839.06169125525
750000.0,707151.7328168339
657000.0,566508.2603438052
360000.0,511156.65645533934
635000.0,771489.7822103756
1127500.0,1084403.5183318346
442000.0,404550.270974768
380000.0,696362.6682289972
635000.0,681024.6418229566
267000.0,319387.83520497446
500000.0,1095903.8820186297
1149000.0,1622285.6707864092
334888.0,377780.5324405859
365000.0,343480.4422006259
260000.0,271459.72509996133
453000.0,452961.3645382682
579000.0,530510.5536351119
675000.0,613136.0925531602
790000.0,1182744.8206480904
230000.0,168273.43475672306
296475.0,178733.42750897346
365000.0,497150.47274236736
1050000.0,985097.608400064
570000.0,662800.3179219594
575000.0,738583.7217309766
994900.0,960165.0351803685
365000.0,446219.0189702011
492500.0,666376.9146325624
740000.0,795868.8373528006
238000.0,324728.2531337068
399950.0,507603.33449336654
182000.0,369527.3285805478
550000.0,745135.3492199904
207950.0,293673.96013620414
560000.0,584263.7679575103
560000.0,729771.4803677275
204250.0,324378.8444824834
475000.0,450699.96080473
310000.0,376314.6950524197
410000.0,329564.83431399753
905000.0,818800.7077115846
418000.0,254713.5414543189
356250.0,420308.4338825982
520000.0,756158.2344886705
978500.0,786755.2553928974
1042000.0,1254078.6870293296
525000.0,577652.5342275057
715000.0,811193.2281415728
850000.0,910174.6088659822
759950.0,628148.5957787387
580000.0,373005.9565067793
735000.0,772409.1579763239
481000.0,779521.6163689455
450000.0,487488.7339364932
540000.0,303342.31217354094
515000.0,558786.4102605236
822500.0,739094.7663801342
209000.0,46187.4868985106
440000.0,490982.64598501235
325000.0,297705.69742414483
455000.0,410723.19186968694
161500.0,202085.81279852055
1120000.0,1367612.816332877
185000.0,274837.82810986094
477500.0,462887.0034408566
250000.0,451297.2305507103
690000.0,416031.6039940519
414999.0,564283.8717159234
425000.0,281026.843396674
286000.0,177499.24066100817
690000.0,778989.6629155276
515000.0,493883.22855091514
1517000.0,1493106.445839176
590000.0,650956.2033601947
4500000.0,2629050.0631725267
898000.0,680200.1627162059
355000.0,375736.94701680983
425000.0,579066.3169624434
564000.0,551830.0398687873
625000.0,966704.7745391829
305000.0,342427.4364174383
335000.0,136493.9026051871
702500.0,728964.380736874
468000.0,458822.24732682464
474950.0,534291.5055628073
1400000.0,1014605.0111224842
294950.0,391723.8899116155
480000.0,778167.2545382557
333000.0,442053.26681084494
202000.0,145054.96676278498
394000.0,595547.516453761
761000.0,537460.0435269349
560000.0,631055.4569952574
239950.0,59374.475402435695
588000.0,692232.4557616918
245000.0,201294.83484163502
830000.0,757256.6728051814
399950.0,289122.72585981933
230000.0,112274.99316602753
559950.0,547514.9463506264
440000.0,574229.1137193788
394950.0,418226.408845158
425000.0,640218.9897656806
750000.0,630101.4917327649
287000.0,382063.4324251359
477500.0,760325.7577079876
740000.0,745856.0676599371
439000.0,203461.0031087842
834000.0,753982.7460715146
510000.0,648531.1396046567
459995.0,443420.1485374587
565000.0,738360.5812640982
665000.0,592886.4933200589
259500.0,216834.96571600385
2888000.0,2634253.9409209057
565000.0,513188.6659496654
423800.0,598212.1971767509
359950.0,283769.25207263714
325000.0,232038.8312211617
497000.0,506328.2312818788
510000.0,593999.2300768681
355000.0,390709.84833515284
545000.0,995401.1549601441
1050000.0,1149561.0698663443
1400000.0,1670779.876066594
230000.0,240388.51089021552
270000.0,388466.89563845866
1090000.0,1239633.487664036
2400000.0,1698606.221887888
334999.0,365814.92399668455
234500.0,276450.8923821395
430100.0,311242.0352671836
410000.0,310328.35278406367
527500.0,523625.1073464126
262500.0,171873.51826471207
390000.0,392394.83684168395
1035000.0,724653.2797175569
680000.0,760317.9630005892
836000.0,770269.6665503077
605000.0,594069.6151156174
220000.0,205277.10552776058
871000.0,781234.0544839667
625000.0,603114.9252199797
295000.0,457190.64382502576
449888.0,622776.0982104403
582800.0,596510.7943366639
273000.0,247459.06070121
390000.0,383896.47507495736
930000.0,965570.1400790703
529000.0,594534.4928945629
665000.0,723549.4455957117
340000.0,421021.99737466587
765000.0,569759.6316118892
333000.0,242773.636357865
760000.0,730893.5786568536
410000.0,464747.6984116289
731000.0,864150.430004542
725000.0,865793.2047515633
355000.0,335470.4056979226
537000.0,1210447.8361825636
276000.0,468537.0250428574
221347.0,219238.28913937567
730000.0,777077.4802281723
430000.0,256712.36214481038
650000.0,1278629.622432664
668500.0,690884.8425911912
848750.0,765499.5710119656
210000.0,133203.03380895063
295000.0,184608.4935951092
990000.0,950730.4547610615
369500.0,482807.26292668027
734000.0,807663.1050904437
405000.0,139866.56073053763
655000.0,497771.0288023861
399950.0,475930.15396844095
425000.0,316113.4768162152
306000.0,454554.8252976835
252000.0,126391.67558239156
302000.0,204770.14156666404
285000.0,352419.1218221638
1940000.0,1116133.9274731264
649950.0,723356.9129642139
285000.0,467643.86322049424
677100.0,747182.1143950162
382000.0,464772.9683348746
219950.0,103827.72786295298
459000.0,408245.81218625646
517534.0,-144063.777787284
365000.0,315532.52149194625
310000.0,706245.3035149688
430000.0,212953.13492337143
497950.0,334974.52346994926
716528.0,494521.90503480367
279000.0,260673.64181854745
825000.0,1360088.2355777323
165000.0,296431.12074154767
615000.0,588835.9536733023
300000.0,396133.002423515
184000.0,126805.85617635958
625000.0,715963.1567467102
360000.0,306392.7869649639
260000.0,362282.01673838217
350000.0,385296.43025572173
650000.0,827661.8427915866
380000.0,343129.3080295214
920000.0,1045177.4139536365
238000.0,204555.3056065187
350000.0,570918.3476638515
839000.0,419121.5563799186
359950.0,427319.1085303603
322000.0,306852.96104733914
199000.0,242713.4825775479
615000.0,367436.14223604696
265000.0,202707.57088135777
1190000.0,1554685.1895061792
338000.0,476434.9679595306
673000.0,614901.406399806
285000.0,423101.4638486818
605000.0,617785.6141685961
356500.0,442344.4608499088
